symbol	loading
PROSC	-0.0151816402414887
SEC31A	-0.0151566427046151
COPB1	-0.0151545003122022
EPS8	-0.0151496147616929
NRIP1	-0.0151459979329783
RAB2A	-0.0151243792680932
NBR1	-0.0151200550573206
UGDH	-0.0151042811260948
PLCE1	-0.0151025692412917
DERA	-0.0150686573713
AFF1	-0.0150680983058212
MAN1A1	-0.0150549907101588
PDZK1	-0.0150502119903037
MED17	-0.0150472235620158
BIRC2	-0.0150392382268769
TSPAN12	-0.0150382479413231
SEPP1	-0.0150231802569849
PAFAH1B1	-0.015016729206263
MGST2	-0.0150076160219467
PDLIM5	-0.015006732774692
TRPA1	-0.0150041024385124
SLC46A3	-0.0149948621574741
ETS2	-0.0149914505620981
GABARAPL2	-0.0149684522615567
VAMP8	-0.0149501625762894
FZD5	-0.0149480167384632
H2AFY	-0.0149468280170857
PLXNA2	-0.0149409339634377
GNG10	-0.0149395835483407
BCAR3	-0.0149355707804377
GGNBP2	-0.0149342418779998
PEX2	-0.0149321634999041
RBM7	-0.0149299966771342
UAP1	-0.0149299577317678
RNF11	-0.0149284383010745
YWHAZ	-0.0149236884079534
GOLPH3L	-0.0149154022188722
SPG21	-0.0149109595482086
WSB2	-0.0149086009147051
YWHAH	-0.0149041780506682
MAP2K4	-0.0149015150277359
IMPA1	-0.0149012214365944
NEK7	-0.0149009902336205
PDHB	-0.0149002581100737
AKAP13	-0.0148977344747527
SERTAD2	-0.0148938870612487
EIF4G2	-0.0148913851977129
CALM3	-0.0148816983256168
TAOK3	-0.0148808381532581
ATP6V1B2	-0.0148800361448246
PDCD4	-0.0148779975657808
SOCS2	-0.0148750882163845
PSMA6	-0.0148741213990151
SMAD7	-0.01487158670795
CTNND1	-0.0148643204154457
KDM3B	-0.014864313396567
SUMO1	-0.0148593635699683
SACM1L	-0.014858137165935
KDM3A	-0.014853107804622
BZW1	-0.0148523875777407
HMGCS1	-0.0148455227081912
SEMA5A	-0.0148428789251036
VBP1	-0.0148327317101682
ARPC2	-0.014827566448819
FAM172A	-0.0148263057814145
NFU1	-0.0148253909332253
SPRY2	-0.0148182069181726
MORF4L2	-0.0148161263219108
SMURF2	-0.0148137383959374
SPRED2	-0.0148130340866396
IDI1	-0.0148108762756383
DNAJA1	-0.014807727651293
ACADM	-0.0148029273277242
PIK3CB	-0.0148022856578815
PDLIM1	-0.014800857812993
BTBD3	-0.0147951225134063
GLRX	-0.0147894466983029
ARPC3	-0.014784459817065
EAPP	-0.014780956570596
ATP6V1E1	-0.014772638963386
SLC25A24	-0.0147720423137724
SATB1	-0.0147711769567544
ENPEP	-0.0147646035633438
HNMT	-0.0147599994780183
PLSCR4	-0.014759067942671
ATP5H	-0.014753938440051
AHNAK	-0.0147450326708148
GLUD1	-0.0147440014530855
DYNLT1	-0.0147439161259501
USP53	-0.0147411464187886
RANBP9	-0.0147348551379258
CCNG2	-0.0147348235013378
HSP90AA1	-0.0147342614113587
GNG5	-0.014733955719367
DENND1B	-0.0147330666273638
NDUFB4	-0.0147303441907649
C1orf115	-0.0147287823691659
MTX2	-0.0147286590672475
MAPRE1	-0.0147274649943803
SMARCE1	-0.0147263958499176
DSP	-0.0147226824038839
RAD21	-0.0147223940216494
PTPRM	-0.0147221265181349
CHCHD2	-0.0147193922333867
BMP2	-0.0147185888554175
PERP	-0.0147171725815935
RAB22A	-0.0147158258558899
TRIM2	-0.014715807411684
SNAP23	-0.014715523354156
SUMO2	-0.0147042561502456
KIF5B	-0.0146982415664312
TNFRSF21	-0.0146969895310916
FNBP1L	-0.0146959415293611
SMYD2	-0.0146929029147704
DSTN	-0.0146900668900731
DAD1	-0.0146866912496349
FTH1	-0.0146865519743209
SEC61G	-0.0146859080636156
TBL1XR1	-0.0146785434452824
PIP5K1B	-0.0146784048039882
ASNSD1	-0.0146770032158596
STX7	-0.0146765206695263
ARCN1	-0.0146764930016688
CHMP5	-0.0146724501529057
CAPN2	-0.0146713286868126
ADD3	-0.0146644920085809
CAPZA1	-0.0146635221593896
STK38	-0.0146582924309308
NSF	-0.0146579758977564
FBXO34	-0.0146572240484196
TRIM36	-0.0146558409859697
ANKMY2	-0.0146539587014938
TDP2	-0.0146531792401475
SOAT1	-0.0146518817050859
FUT8	-0.0146494832744593
PLSCR1	-0.0146485667232728
SGPL1	-0.0146479860962047
RALB	-0.0146451728847181
RIN2	-0.0146443472720659
UBA3	-0.0146428672048363
ETFA	-0.0146427054475935
RAB1A	-0.0146384826233487
PNRC2	-0.014637759062893
PRPF40A	-0.0146373680106781
SEC24B	-0.0146344242184295
TENM4	-0.0146322034136381
PLEKHB2	-0.0146317205143862
SMAD1	-0.0146274746369838
SHOC2	-0.0146223968829128
CLASP1	-0.0146221607289309
TDRD7	-0.0146177847838789
HIST1H2BG	-0.0146156942633738
SFXN1	-0.0146093225474348
PROS1	-0.0146077575767599
TJP1	-0.0146035981118814
DAZAP2	-0.0146033931881283
FLRT2	-0.0145971678185117
MYO6	-0.0145959186729081
RNF14	-0.0145952178063814
NGLY1	-0.0145942370895346
OLFML1	-0.0145932477977601
SLC35A3	-0.014592019639059
NEK3	-0.0145890446037592
ISOC1	-0.0145873760517299
KDM7A	-0.0145853687173269
GABARAPL1	-0.0145788017394967
UFC1	-0.0145735913255321
IL13RA1	-0.0145732065413276
AKIP1	-0.0145728324075017
KRT8	-0.014566473272852
DUSP5	-0.0145588075083757
ACOX3	-0.0145564788043077
CREB3L2	-0.0145516990846771
GRSF1	-0.0145439409555866
GATA6	-0.0145370431407686
S100A10	-0.0145369144581576
FLNB	-0.0145347973498873
TFG	-0.0145342866464743
MYL6	-0.0145312931726439
EFHD2	-0.0145304209812782
TES	-0.0145296874540233
CAPZA2	-0.0145267161479038
TNC	-0.014524237600161
BCL2L14	-0.0145226501857085
MYOF	-0.0145199714659905
DNAJB4	-0.0145193561169684
USP4	-0.0145178071067512
OAZ1	-0.0145176084485989
NARS2	-0.0145143834637334
SPAG9	-0.0145140253932671
SEPT10	-0.0145129508443043
CTCF	-0.014512877236371
PJA2	-0.0145116332342038
FAR2	-0.0145077396484445
ANP32B	-0.0145007186335259
DYNLL1	-0.0145002676193548
AAGAB	-0.0144996941761374
EFCAB14	-0.0144996041668442
RBFOX2	-0.0144977256668229
HNRNPH2	-0.0144976130758155
GBE1	-0.0144968541158064
TM7SF2	-0.0144966069569854
ATP8A1	-0.0144955562230137
STRN3	-0.0144866299270241
COPA	-0.0144859555658966
HIGD1A	-0.014483591779453
USP33	-0.0144827672575369
COPB2	-0.0144758817437645
MYO1D	-0.0144742466894465
FAM114A1	-0.014466296003277
ANXA7	-0.0144659324357664
IDH1	-0.0144644182172167
PBX2	-0.0144614238348675
ACTR2	-0.0144608025400566
CDK17	-0.0144570121864086
WDR47	-0.0144569127022747
HSPH1	-0.014455654386158
GNAI3	-0.0144553249747545
DYNLRB1	-0.0144552131830353
PTTG1IP	-0.0144544111669177
TMA7	-0.0144538463640204
EIF5	-0.0144530613388535
SMAD2	-0.0144494605521771
CPNE3	-0.0144469158940936
PICALM	-0.0144469083454938
PELI1	-0.0144462932586358
USP24	-0.014445694361842
ZNF611	-0.0144427566661115
COL5A2	-0.0144421202399038
AP5M1	-0.0144401078933604
TNNC1	-0.0144389854691648
FPGT	-0.0144345813191327
MKRN1	-0.0144329716422462
ANXA2P2	-0.0144313760466145
HSDL2	-0.014426452860784
GNPAT	-0.0144155725641744
ATP5J	-0.0144149722855323
ZNF395	-0.0144141039668801
MED13L	-0.0144119625757983
BCL10	-0.0144106074572941
YPEL5	-0.0144089031729456
CDK8	-0.0144086978491254
HTATSF1	-0.0144025981960356
IPP	-0.0144015443230525
PREP	-0.0144012239676399
TAF7	-0.0144007392649564
KIAA1107	-0.0143992000581415
PHKB	-0.0143989062717702
ACTR10	-0.0143975072102587
PGM1	-0.0143972070928466
GTF2B	-0.014396892802771
HEBP2	-0.0143967658634625
SUCLA2	-0.0143939983144817
LONP2	-0.0143913761290535
ZNF24	-0.0143910830512228
LMBRD1	-0.0143894703621927
NMRK1	-0.0143878300595354
MYH9	-0.0143867779108994
TAX1BP1	-0.0143858355644977
RREB1	-0.0143855881677184
CCNI	-0.0143820346946773
PDGFRA	-0.0143812094470206
MYL12A	-0.0143758651649191
MICU2	-0.0143744467236609
NRBP1	-0.0143724565001484
MFAP1	-0.0143712138657715
ARL6IP1	-0.0143709352426387
ATXN1	-0.0143665763614768
ST13	-0.0143663375449063
RPRD2	-0.0143654683441131
SPOP	-0.0143653020536818
KRCC1	-0.0143609246071665
ANXA2	-0.0143608133978584
CREBL2	-0.0143557470118526
PSME4	-0.0143536548781315
SCFD1	-0.0143529343926878
TSG101	-0.0143512784489369
WTH3DI	-0.014347206080925
VPS35	-0.0143449609080202
UBB	-0.0143410518057509
CAPNS1	-0.0143378461082361
MLYCD	-0.014336136811598
HBP1	-0.0143271442135213
JOSD1	-0.01432447751141
SERTAD3	-0.0143244080178922
HERC6	-0.0143183673010799
ARFIP1	-0.0143158393275516
PINK1	-0.0143154546526055
RPL23AP7	-0.014312413994565
EFEMP2	-0.0143096810132221
FABP5	-0.0143086470991882
FN1	-0.0143082516586548
ZNF410	-0.0143075694469656
CAP1	-0.0143075015055415
ST20	-0.0143033066376286
UBE3B	-0.01430308830787
P4HA1	-0.0143026687494351
PARD3	-0.0143023910017581
SNAPC3	-0.014300483862691
VPS28	-0.0142991503042277
JUP	-0.0142987968098766
UBE2A	-0.0142986358027113
ATG7	-0.0142963135734552
CLTC	-0.014296191723166
KRT18	-0.0142953198532827
C6orf211	-0.014294054169069
ENY2	-0.0142930555110658
PDE9A	-0.0142915787317079
MOCS2	-0.0142911461370067
RAP1B	-0.0142898539675368
SLC39A8	-0.014289761792536
RNF19B	-0.0142894000396547
PCTP	-0.0142888449683708
SMAD6	-0.0142861893783478
SARAF	-0.0142835120662174
RAP1GDS1	-0.0142740433557904
TNKS	-0.0142727438207084
LANCL1	-0.0142725342201736
TP53BP2	-0.0142724952422529
PRKAR1A	-0.0142712436343915
SYNM	-0.0142712086574056
RAB11A	-0.0142693854163523
UBXN2B	-0.014268544211382
PQLC3	-0.0142648910101043
CNKSR2	0.0142638995164566
ME2	-0.0142621201151903
SLC5A3	-0.0142620911644328
MARCH7	-0.0142609306963713
FAM32A	-0.0142570533985423
CNOT7	-0.0142553527765897
RHOC	-0.0142548478266847
NT5C2	-0.0142530991589954
PAPOLG	-0.0142514342883763
NDUFA6	-0.0142511536494042
TTC28	-0.0142450824475267
KBTBD2	-0.0142449124268208
OSTF1	-0.0142446827073479
USP3	-0.0142413056175774
KIF13B	-0.0142396317990704
C1D	-0.0142394342068433
GMCL1	-0.0142391773495893
GTF3C3	-0.0142389592694448
PPP3CB	-0.0142349157195123
TRIP12	-0.0142336645148304
C14orf166	-0.014233469314405
SRP14	-0.0142326069389686
CDKN1B	-0.0142317276167999
CANT1	-0.0142301000412237
SSFA2	-0.0142261890893675
GCSH	-0.0142261879469428
ANXA1	-0.0142226527684636
COPG1	-0.0142215032969806
KLF5	-0.01422016470178
UBE2L3	-0.0142190737230254
PLIN3	-0.0142189180480318
MLX	-0.0142179902763831
WDR13	-0.0142159879257009
ENSA	-0.0142155118517846
HELZ	-0.0142142447285265
MAP3K4	-0.0142121262845845
SMUG1	-0.0142104998662942
CORO2A	-0.0142093595120024
GPSM2	-0.0142090339236751
ACOX1	-0.0142083902053991
COPS8	-0.0142082636788088
ZHX2	-0.0142054722267948
DENND2A	-0.0142029188058184
RPA1	-0.0141991348543122
MAP3K8	-0.0141978307528503
CTNNAL1	-0.0141956665575301
MSRB2	-0.0141955111503964
OXSR1	-0.0141934794453226
IL17RA	-0.0141933823044302
MYO1B	-0.0141922245827551
MLLT3	-0.0141913791520366
SMNDC1	-0.0141908601683824
GLS	-0.0141902955036876
HIST1H2BF	-0.0141895209260995
KRT19	-0.0141851259040922
SLC36A1	-0.0141846435439541
NR3C1	-0.0141818655180209
ZBTB38	-0.0141816383258528
CHL1	-0.0141806727678207
PDCD6IP	-0.0141805216438425
GCH1	-0.0141789953449396
ZNF702P	-0.0141775627597228
FXR1	-0.014175169247319
TBC1D12	-0.0141748724929923
TRIM32	-0.0141745255063344
CRELD1	-0.0141741896846282
ATP5J2	-0.0141728509087156
GNB1	-0.0141717579083675
EMC2	-0.0141709092013489
CDH2	-0.0141706609687503
UBE2J1	-0.0141689316955856
CRNKL1	-0.014168427346344
STX8	-0.0141678435403885
ANXA11	-0.0141632005338404
AURKA	-0.0141586810996193
EFTUD1	-0.0141577788439385
FST	-0.0141573439414752
USP47	-0.0141555901419757
CNDP2	-0.014154083317609
TUBA1C	-0.0141511672314064
PTPLB	-0.0141491379742463
ELMO1	-0.0141491193015613
TMEM123	-0.0141481851557053
CTR9	-0.0141380892490798
VPS52	-0.0141351458049082
ARF1	-0.0141347566152589
ZFAND1	-0.0141346093648399
FRYL	-0.0141313366801837
LIFR	-0.0141312331956608
WRB	-0.0141302335684165
MAP3K13	-0.0141298941699916
MCMBP	-0.0141295261352322
RAB5B	-0.014127575056665
MAP1B	-0.0141269288761059
LRRC59	-0.0141267787613999
ARF4	-0.0141243922120873
ASH2L	-0.0141234909235635
CFL1	-0.0141227301135799
CTSZ	-0.0141199609200992
KCNG1	-0.0141183923935442
EPB41L3	-0.0141179833998372
TIPARP	-0.0141171268297447
SSUH2	-0.0141158602098299
PDXDC1	-0.0141148664324425
CCNG1	-0.0141141863120421
KDM5B	-0.0141133497945959
SNW1	-0.0141131612662126
ABHD4	-0.0141130003985597
YWHAE	-0.014112887622657
NUDT15	-0.0141117458905788
LOC100996517	-0.0141092701872314
ARHGAP29	-0.0141087536270134
ARSE	-0.014107407991827
AZI2	-0.0141065844913697
NF1	-0.0141023950833013
ZCWPW1	-0.014101221396277
UNC50	-0.0141005965219308
ATP6V0D1	-0.0141005004965509
PPP2R5D	-0.0141002925285805
APOO	-0.0140993105118799
KLF6	-0.0140976973141926
PLOD2	-0.0140974519061249
ZNF12	-0.0140898798863151
PRKRA	-0.0140856836749021
FKBP3	-0.0140823168596051
LMNB1	-0.0140813842257999
SEPT11	-0.0140811952818869
UXT	-0.014079547634872
PIP5K1A	-0.014078399602404
MRPL40	-0.0140780248297252
ACTR1A	-0.014075800228749
CCT4	-0.0140747386486238
LAMTOR3	-0.01407363707317
B4GALT4	-0.0140733877886104
SCML2	-0.0140732523678355
INTS7	-0.0140730651546198
MBD1	-0.0140718498178068
GNAQ	-0.0140711183540392
SLC9A3R1	-0.0140692587878593
MED18	-0.0140678793979993
NDN	-0.0140656011385988
PRR13	-0.0140642081537052
KIF3B	-0.0140634427973395
MSH6	-0.0140625427010893
NSUN3	-0.0140612065971766
ATXN10	-0.0140567972410365
RNF170	-0.0140552935784933
COMMD8	-0.0140547458764393
NPEPPS	-0.0140540902824192
TBX3	-0.0140537339107057
COMMD3-BMI1	-0.0140533865366436
FAM188A	-0.0140530419080577
OSER1	-0.0140511471248898
GFPT1	-0.0140490813970635
SNTG2	0.0140486600511085
LPGAT1	-0.0140474919586762
PTP4A2	-0.0140441298138581
RHOA	-0.0140433341773022
RIC8A	-0.014042962219915
CLTB	-0.0140421640722082
RNF125	-0.0140417172164851
SERINC3	-0.0140405918550672
ERI2	-0.0140403703352482
PSMD10	-0.0140403475029629
ABCD4	-0.014039124195401
CETN2	-0.01403872360158
PPP2R5C	-0.0140382877775328
SPARCL1	-0.0140376151439564
TBCA	-0.0140375061396203
UBQLN4	-0.0140339722003978
THOC5	-0.0140308970174634
GDI1	-0.0140305067385886
CFLAR	-0.014029961426317
DOPEY1	-0.0140290393982447
TMSB10	-0.0140282947237918
RGS12	-0.0140277257562052
CARS2	-0.0140261239405469
PITX2	-0.0140258281068843
RRAGC	-0.014025783474135
RACGAP1	-0.0140248009739766
NGRN	-0.0140245379587265
MYL12B	-0.0140223386127444
MRPL9	-0.0140222808195462
SYS1	-0.0140219791775022
CLIC1	-0.0140217262258726
H3F3A	-0.0140194258892963
DARS	-0.0140169882476737
ARFGAP3	-0.0140161538955118
PPFIBP2	-0.0140156287781089
TRIP4	-0.0140142624385754
KLHL9	-0.0140125923147579
GSTO1	-0.0140119025025932
SUPT7L	-0.0140109702343238
TMEM14A	-0.014010858006992
ZNF189	-0.0140096212162332
ID1	-0.0140057354084754
HN1L	-0.0139977885376198
UBA1	-0.0139957780825578
ABCD1	-0.0139940953094878
RAB6A	-0.0139930891300554
SMU1	-0.013992071184281
MPC2	-0.0139920191767464
JUN	-0.0139905155783789
DDX6	-0.0139885244018627
CCND2	-0.0139858455112932
TBX19	-0.0139845832967573
FAM96B	-0.01398395099253
RAB27A	-0.013981730615269
IBTK	-0.0139809381754669
ACTR3	-0.0139797693396625
HEXIM1	-0.0139764177235605
IFITM1	-0.0139735317682444
COL6A1	-0.013972808261234
VWA5A	-0.0139724843412042
COX17	-0.0139694782791819
PSMD9	-0.0139666930183348
COPZ1	-0.0139653750523177
COPS4	-0.0139598200694096
S100A11	-0.0139575867444933
KCTD2	-0.0139568570046988
CTDSP2	-0.0139527675440827
MTUS1	-0.0139498227200767
RB1	-0.0139494001699942
DNAJC15	-0.0139477419543338
KIT	-0.0139451924615633
HDGF	-0.013943672073222
WDR11	-0.013943042718321
TTC3	-0.0139405755344981
CPE	-0.0139390648884076
FNDC3B	-0.0139331599763599
TMBIM1	-0.0139329693463182
SNX7	-0.0139307358805098
RAB1B	-0.0139285052029288
SCAF11	-0.0139284519991779
NECAP2	-0.0139250004675923
MRPL48	-0.0139240724985856
CYFIP1	-0.0139226428266568
NDRG1	-0.013922384366073
RASL12	-0.0139214424165238
GIT2	-0.013920496517668
ATAT1	-0.013919154213927
MARCH3	-0.0139159512172649
OSBPL9	-0.0139146446502369
TAF9B	-0.0139139954887864
BMP4	-0.0139133171943892
SNAPC5	-0.0139130251117899
TTC38	-0.0139123821119567
AIMP1	-0.0139121646270641
URB1	0.0139115538118875
HNRNPM	-0.0139114785800552
FADD	-0.0139113311091528
ULK2	-0.013909107285513
UBL3	-0.0139085198769368
ISCA1	-0.0139079041922543
MAP2K1	-0.0139072238566996
CUBN	-0.0139071498291059
UBE2H	-0.0139068452740276
CAV2	-0.0139062998718899
RBM22	-0.0139046159431094
ZFAND6	-0.013903696575935
EPB41L2	-0.0139030524908938
PPP1CA	-0.0139019808064363
NMT2	-0.0139017212453535
ARRB1	-0.0139015534226131
ARPC5	-0.0139008401018311
UBE2D1	-0.0138971230399398
NFE2L2	-0.0138962527133933
GTF2H5	-0.013896239488404
REST	-0.0138926900048284
NGFRAP1	-0.0138899261152866
KIFAP3	-0.0138892060802467
KANSL1L	-0.0138880640649418
INPPL1	-0.0138860307676363
SYN3	0.0138857371011175
ATXN7L3B	-0.0138817349910078
CUL3	-0.0138813267629672
IK	-0.0138809072981185
EIF1	-0.013880377118017
BAZ2A	-0.0138759269837319
ARPC1A	-0.0138735851607129
RHOBTB3	-0.0138717893465786
LRP10	-0.013868945514984
NCOA4	-0.0138672651501238
IGFBP6	-0.0138662954072239
PCBP1	-0.0138654001555998
CLINT1	-0.0138653416162427
KITLG	-0.0138646627081107
PSMB1	-0.0138600547181766
KIFC3	-0.0138599112923923
CDR1	-0.0138564153176476
SDCBP	-0.0138558491391797
ID3	-0.0138556886297844
SH3BGRL	-0.013855620103755
CLU	0.0138538365052488
ADI1	-0.0138526302943645
CFDP1	-0.0138521116612184
GALNT10	-0.0138498901474605
MRPL22	-0.0138487514714014
CHP1	-0.0138478859172195
SEPT7	-0.0138475004621587
CCDC90B	-0.0138458816242725
EIF4E2	-0.0138441350785736
AES	-0.0138406690501559
RBKS	-0.0138404310778466
AP1G2	-0.0138391020415514
RAB14	-0.0138351650750449
TIPRL	-0.0138325783879165
MPP5	-0.0138308756479851
ATG13	-0.0138287234013001
STK3	-0.0138284971869909
PLGRKT	-0.0138278806760057
CTSB	-0.0138264088593638
CAB39	-0.0138248746551888
MAP2K3	-0.0138222906609129
EPHA2	-0.0138212025338658
LEFTY1	-0.0138200122410555
PHF10	-0.0138139360946923
ZNF217	-0.0138129603462906
WBP5	-0.0138127125646039
MED6	-0.0138122420902836
CCT2	-0.0138101376102238
AGPS	-0.0138101007141396
CRIPT	-0.0138055760831849
PRSS2	-0.0138027368538982
SMARCA5	-0.0138025707309972
TOX4	-0.0138019501049728
RTFDC1	-0.0138011002758571
C15orf38-AP3S2	-0.0137986282092324
MAPK8	-0.0137984865377279
NCOA1	-0.0137965398547156
GTF2E2	-0.0137935334809204
CKS2	-0.013792340355026
HGSNAT	-0.0137914609127143
IFT20	-0.0137908838134387
DCTN4	-0.0137907511959169
PPP1R8	-0.0137897691207651
UBAP2	-0.0137887272205412
PLK2	-0.0137863893520109
ARL2BP	-0.0137860141345072
RNFT1	-0.0137826266298046
CTBS	-0.0137819382448193
HUWE1	-0.0137803964378045
TSPAN14	-0.0137803029530454
MFAP4	-0.0137794175039473
GABPB1	-0.013778728945169
ARF5	-0.0137775374350678
RYBP	-0.0137774124495837
PPFIBP1	-0.0137764528215167
LHFPL2	-0.0137758914952032
CRISP2	-0.013775339680049
FAF1	-0.0137751602549237
PSMA1	-0.0137740350800274
MED23	-0.0137726072274201
RAP2C	-0.0137714980584674
HNF1B	-0.0137713307711063
INTS8	-0.0137709380046517
IGBP1	-0.0137704745084718
CDIPT	-0.0137689899721453
KLHL20	-0.0137687378204067
FTH1P5	-0.0137677865181429
CYTH2	-0.0137646989400705
RGS5	-0.0137627578801899
SREK1IP1	-0.0137620078961812
LRRC3	-0.0137616868508013
PGK1	-0.0137616535414166
PFDN1	-0.0137597130197837
SNX2	-0.0137594383663871
MCL1	-0.0137591274174455
EXOC1	-0.0137522376679386
KLHL24	-0.0137515747188952
TRIM13	-0.0137514107072129
POP4	-0.0137489345389716
LASP1	-0.0137477270019922
ARIH1	-0.0137458250551869
GDF3	-0.0137425318407174
CXCL5	0.0137418018206974
IP6K2	-0.0137411963168408
PTPRZ1	0.0137404809637602
POMP	-0.0137381179521188
CAMKV	0.0137371777369092
RFXANK	-0.0137370063041605
PIK3R1	-0.0137363591385277
PIK3C3	-0.0137360272967341
RRP1	0.0137349921341417
RASA1	-0.013734649021659
CITED2	-0.0137339875554186
ARL4D	-0.0137332178197613
BAG3	-0.0137305296149496
PCBD1	-0.0137270369465115
FAM21A	-0.013726230857773
TMEM257	-0.013724059378261
ZMIZ1	-0.0137240275811838
KLF7	-0.0137235130849255
ACTG1	-0.0137233169479659
ANKRD46	-0.0137226456603499
COLEC12	-0.0137212478602628
DDHD2	-0.013719021465917
CCDC53	-0.0137133205450377
UBR7	-0.0137101386442427
FARP1	-0.0137084590193879
SKIL	-0.0137084469416424
AP2B1	-0.0137084161647795
MYL4	-0.0137064186539744
NIT1	-0.0137031281660958
DIAPH2	-0.0137024836414317
ZFPL1	-0.0137010609821723
ESD	-0.0137008800746751
MEAF6	-0.0137000292698614
DIO3	-0.0136986344304313
TACSTD2	0.013698473222391
PPM1A	-0.0136979268375862
HNRNPU	-0.013697098646666
RNF19A	-0.013696320990791
C16orf80	-0.0136962651963278
RNF103	-0.0136938570400149
FBXO7	-0.0136932800633483
VPS13B	-0.0136932572126175
HLTF	-0.0136886135473605
ZNF318	-0.0136840719785148
THOC7	-0.0136811606971107
COL13A1	-0.0136809464988966
SEL1L	-0.0136808977436003
VPS39	-0.0136796870989474
TULP3	-0.0136789670441351
VANGL1	-0.0136786847100809
ABHD6	-0.0136785473785294
RPS6KC1	-0.013677446367899
ETS1	-0.0136765051262619
USP21	-0.0136758951523822
PORCN	-0.0136756270233579
COQ10B	-0.0136750827044361
CKAP5	-0.013673962044207
ANKH	-0.0136733421957601
CLTA	-0.0136723129808382
TRIM45	0.0136720250154446
ACE2	-0.0136712134469959
CXCL14	-0.0136711267106563
TSPAN5	0.0136705280517674
UEVLD	-0.013669750662378
SNRNP27	-0.0136656014326939
GABRE	-0.0136651459343996
LDLRAD4	-0.0136644984772965
INVS	-0.0136641094874644
RP2	-0.0136636544217907
RAB25	-0.0136609376706655
ZNF286A	0.0136603806794754
DYNC2LI1	-0.013660379466567
TCF20	-0.0136588919665508
RAP2A	-0.0136587550065379
ENC1	-0.0136580085480739
HSBP1	-0.0136575150922556
DNAL4	-0.0136538020478677
TMEM230	-0.0136520108609256
MARCH5	-0.0136516347874729
JUND	-0.0136510949588031
NUDT4	-0.0136507122137075
ITPKB	-0.0136479642851295
TUBA1B	-0.0136454235175724
TNIP1	-0.0136452288860142
AMOTL2	-0.013643166634423
VAV3	-0.0136421617236271
ZNF609	-0.0136404374634948
SNAP29	-0.013639435362789
BAG6	-0.0136390631235704
THBS4	0.0136375839478305
AGPAT1	-0.0136367372754802
SYNE1	-0.0136350850076156
TERF2IP	-0.0136308403504009
IFT74	-0.013629203125468
BRD2	-0.0136245264907534
SNX6	-0.013622740129639
RXRB	-0.0136225099414995
MOB1A	-0.0136224196556258
NAPG	-0.0136212749218268
ELF1	-0.0136207679162315
RNF216	-0.0136175565735281
DCTN6	-0.0136156961582556
DENND5B	-0.0136149618638598
CER1	-0.0136106050356296
TADA2A	-0.0136105449651087
SEMA6D	-0.0136058411370847
ARHGEF2	-0.0136049380888653
PI4KAP2	-0.0136044679977599
PIP4K2C	-0.0136043755085361
MXI1	-0.0136034934042604
ACSF2	-0.0135975765960733
PSMB7	-0.0135960846330571
C12orf5	-0.0135953152377227
PFDN5	-0.0135929700112648
FRZB	-0.0135911497124602
CIB1	-0.0135897991167822
TINF2	-0.0135893544874857
VPS72	-0.0135883879581235
TMSB4X	-0.0135881811283568
CSNK2A2	-0.0135869196856728
AGL	-0.0135857021045914
STAM2	-0.0135853926593184
PTMS	-0.0135828983937125
ITGB5	-0.0135828724303861
PRICKLE4	-0.0135821712994129
CERK	-0.0135802377208418
CAMK4	0.0135779505784571
SYNJ2BP-COX16	-0.0135771824447122
LHX1	-0.0135766189907197
ASF1A	-0.0135760520697781
KIAA0430	-0.0135742317688657
EIF3H	-0.0135734904226285
RRP12	0.013572401879933
ARHGDIA	-0.0135723527168888
SLMO2	-0.0135696497942362
TMCC1	-0.013569358581507
HIST1H2BD	-0.0135693245567303
PDHA1	-0.0135691244694576
CDK19	-0.0135662664043584
HMGN2	-0.0135637975591586
CDON	0.0135631574484602
DOCK3	0.0135621380078709
ACTN1	-0.0135615294692066
ST5	-0.0135583061340284
HIF1A	-0.013557392366398
FTO	-0.0135554856417502
KLF11	-0.0135552371450748
AMOT	-0.0135549492637005
CLIP4	-0.0135541518993303
UBBP4	-0.0135537023489778
YTHDC1	-0.0135529084092245
EHMT1	0.0135520976582532
APC	-0.0135502187926622
COCH	-0.0135465448009746
NTAN1	-0.0135443009127277
USP46	-0.0135442464563209
UBQLN2	-0.0135440281052282
UQCRC1	-0.0135432366820974
AFF4	-0.0135390129377028
GNAL	-0.0135388044307751
FAM168B	-0.0135382057367376
PEX12	-0.0135359765097995
NBPF9	-0.0135350585206424
TAGLN2	-0.0135347373139666
MAPK3	-0.0135345802448318
TANC2	-0.0135327213018953
CRHBP	-0.0135307603795184
AHSA1	-0.0135287633813705
GPA33	-0.0135263326630501
GALC	-0.0135238142677458
ODC1	-0.0135233133566478
CPT1A	-0.0135226984713967
FGFR3	-0.013522546271398
DNAJC22	-0.0135184879805205
TUBB4B	-0.0135181645391527
ATOX1	-0.0135177110057829
ATP1A3	0.0135174979354865
SETBP1	-0.0135174287847015
PPP1R10	-0.0135165016116171
STIL	-0.0135134637451503
COG4	-0.0135115627736311
NPC2	-0.0135107436220481
HMGB2	-0.0135106972130933
MRPS18A	-0.0135102621109133
FANCC	-0.013508765131015
DHRS2	-0.0135081789430986
TSKU	-0.0135073156401489
RPRM	-0.0135070258722791
HIST1H4E	-0.0135069861096038
RNF2	-0.0135065462222109
DAB2	-0.0135050178245124
PSMD6	-0.0135046880702637
PLD1	-0.0135028564488469
PGLS	-0.0135017370164331
NIT2	-0.013501407097081
CDH12	-0.0135009126316937
MRPL28	-0.0135008459566681
ZNF45	-0.0135003112795521
C11orf1	0.0134998061800752
PSMC3	-0.0134978769331705
GDI2	-0.013497772950807
SCG3	0.0134969226889589
ZNF710	-0.0134968582354467
LSM8	-0.0134966249192382
PDE4D	-0.013496505244578
USP2	-0.0134959300470816
SETDB1	-0.0134940058965622
DLC1	-0.0134933441455059
PPP1CB	-0.0134931904356346
ANKRA2	-0.0134928226411197
CETN3	-0.0134899425745425
RCOR3	-0.0134898996835758
SEMA3A	-0.013489519547597
CNNM4	-0.0134867923432808
MCM6	-0.0134837467887691
MERTK	-0.0134804775232529
TBL2	-0.0134801960826167
DBNDD2	-0.0134790240861465
COL4A2	-0.0134784163807578
MARCKS	-0.0134774147607814
ENTPD6	-0.01347693840528
MED1	-0.0134711493631168
USP22	-0.0134692281248421
TMOD1	-0.0134688124061396
CNN3	-0.0134671399547911
ATP5E	-0.0134637022171254
WDR44	-0.013463380440376
RCAN3	-0.013459581554651
SMAGP	-0.0134591845183396
WASF2	-0.0134586877785
BLZF1	-0.0134569360584687
TRPM3	0.0134548806044418
GEMIN7	-0.013453510378427
RSRC1	-0.0134507433493003
SOX17	-0.0134488779622078
FERMT2	-0.0134488002992343
GLO1	-0.0134475465893433
TP53TG5	-0.0134472956219189
MAPK9	-0.0134468531019851
LSM5	-0.0134464077659809
SEC24C	-0.0134445510581639
PDE3A	0.0134444473698185
WBP2	-0.0134433750343716
ZFAND3	-0.013443105018519
DNAJB2	-0.0134425256419039
BMPR2	-0.0134417554941066
NANS	-0.0134411524597147
WIPI1	-0.0134390350884725
ERBB4	-0.0134384022281641
RGP1	-0.0134383775147984
RAB17	-0.01343823737938
ADCY2	0.0134375760208757
MEIS1	-0.0134358331040683
MYRF	-0.0134350375715351
PRKD3	-0.0134333924782356
FAM208A	-0.0134324810740257
GTF2A2	-0.0134307897431675
RBFOX1	0.0134294430975059
FLOT1	-0.0134245466484008
ILK	-0.0134226365852717
IMPAD1	-0.0134215508492219
PTK2	-0.0134203939283785
CXorf57	0.0134199518318315
PRMT2	-0.0134152216750072
CDX4	0.0134149107849222
EHHADH	-0.0134140416131222
ZCCHC11	-0.0134136716215914
GREM2	-0.0134133072792614
SYNRG	-0.0134133054108953
BCAT1	0.0134128376161153
HDAC2	-0.0134090956561253
FN3KRP	-0.0134071742136792
R3HDM2	-0.0134040599939202
TADA3	-0.0134039084588757
PPP4R1	-0.0134031697640272
IFT57	-0.0134026467884062
SKP2	-0.0134016673749813
MYL9	-0.0134002637378958
MARS	0.0133995657597027
YTHDF3	-0.0133993424141725
PTPN11	-0.0133976479152919
NXN	-0.0133954243095903
TXN	-0.0133940893389425
KRAS	-0.0133940663895865
TMEM260	-0.0133921673739781
DCTN1	-0.0133910982052535
TOR1AIP2	-0.0133908926248555
NME6	-0.0133898142633344
SRP54	-0.0133876158492683
TOP1	-0.0133862843082927
FAM160B2	-0.0133859415288302
BEX4	-0.0133843902961629
ZNF701	-0.0133836907077801
CIR1	-0.0133808256050085
FEZ2	-0.0133805359209822
STAT2	-0.0133805118828887
TOMM20	-0.0133773753737467
CYFIP2	0.0133761679421907
DHRS7B	-0.0133739814534435
TRIP10	-0.013373802641385
F13A1	-0.0133735209681573
MAP3K3	-0.0133733719018533
CPPED1	-0.0133731831330055
TAGLN	-0.0133713364784023
RGS16	-0.0133700242800635
DUSP3	-0.0133699609521313
VASH2	0.0133674476173361
ANKRD6	-0.0133669008384183
NPR3	-0.0133666632008784
VIM	-0.0133660834534619
HIST1H1B	-0.0133639065582476
CDC14A	-0.0133611282132469
CTNNB1	-0.0133604714241784
MCUR1	-0.0133587091121522
YWHAB	-0.0133586483300839
ODF2	-0.0133580179785058
SLC16A3	-0.0133570438756955
LEPROTL1	-0.0133564438479854
TBRG4	0.0133559697473216
PDK2	-0.0133520140665778
KIAA0895	-0.0133519161169565
COMMD3	-0.0133514779929139
PAN2	-0.0133513049123032
PACSIN2	-0.0133511534470702
BHLHE40	-0.0133502609606913
UBC	-0.0133467243882084
WIF1	0.0133464168661963
SEC24A	-0.0133439512727223
PKIG	-0.0133439012627305
DIABLO	-0.0133431540463324
SLC29A1	0.0133430628956225
CSNK2B	-0.0133412666149775
COL5A1	-0.0133404804107045
NSA2	-0.0133393808904184
AP3S1	-0.0133392492322533
SLC25A13	-0.0133385192127493
EPB41L5	-0.0133384987034648
PTTG3P	-0.013338125061328
NCK2	-0.0133374391506242
CCPG1	-0.0133369896385283
ZNF329	-0.0133362824995018
ALPK3	-0.0133356506748331
ACAP2	-0.0133333280884326
C1orf174	-0.0133323373966264
RNF40	-0.0133311384489166
NRCAM	-0.0133290174048483
ENTPD4	-0.0133236321963388
UBA5	-0.0133221025914781
CEP112	-0.0133220201103922
HMGB1	-0.0133217133416235
STX12	-0.0133213451869123
ORAI3	-0.0133213103949417
CAPN7	-0.0133192067633097
WASF1	-0.0133190178232373
CR2	0.013318337972247
BNC1	0.0133163563373238
YY1	-0.0133148533506005
ZMYM4	-0.0133145935462912
DPP6	0.0133124949767176
SPATS2	-0.0133118958123677
ANXA4	-0.0133112209831152
SNAI2	-0.0133095118004402
RIT1	-0.0133083221426128
PARVA	-0.0133082212907644
PCBP2	-0.0133044028417039
ELMO2	-0.0133042699763991
PIM1	-0.0133032353147514
CYP1B1	-0.013303122667521
ARSJ	0.0133016097501325
HIPK2	-0.013301260174233
HSPA1A	-0.0132990543386234
NDUFB2	-0.0132985155634585
DCTN2	-0.013296862695843
C16orf45	0.0132967455735828
STK17A	-0.0132960968809544
MFGE8	0.0132939761304753
BORA	-0.0132933829966355
APOBEC3G	-0.0132918870569576
COQ6	-0.0132917096074121
PFDN2	-0.0132907851076059
PRKAR2A	-0.0132895377826704
PWWP2A	0.0132892775306833
CYP27A1	-0.0132889358888714
ASXL1	-0.0132881071364971
ACTB	-0.013287578512696
ACPP	-0.0132869225466335
BET1	-0.0132854894473001
GJC1	0.0132835408762976
MVB12B	-0.0132831504329032
HSD17B4	-0.0132827736304674
C14orf1	-0.0132820099455733
NCR1	-0.0132816732035941
RPF1	-0.0132815429882039
FRG1	-0.0132789329193086
KDM6B	-0.01327867346009
HIST1H2AI	-0.0132779032035344
GPKOW	-0.0132770548440276
DACH1	-0.0132761446521164
ADAM15	0.0132757404154036
NDUFAF1	-0.0132711540271834
DTNA	-0.0132665037413031
PHF11	-0.0132659802553476
MICU1	-0.0132654228740544
PACS1	-0.0132603999894171
LTB4R	0.0132600825187902
GRB10	-0.0132598892482229
PAPSS1	-0.0132598570234313
EIF4EBP2	-0.0132597451804692
FIP1L1	-0.0132592502853768
NUAK1	-0.0132586902872657
FAM214B	-0.013254628410875
NUSAP1	-0.0132541195685587
HDAC6	-0.0132538672353681
ITGAV	-0.0132518708179056
ID2	-0.013250132138965
LRRTM4	0.0132496753788364
TPD52	-0.013248159614042
FAM114A2	-0.0132480484216056
BMP5	-0.0132460890826344
ZMAT4	0.0132447114715731
CST1	-0.0132437906876845
PSMB5	-0.0132431398484973
BRE	-0.0132422907937977
PPP1R15A	-0.0132398237804318
SLC4A1AP	-0.0132388769281123
TGFB1	-0.0132378437272793
NELFE	-0.0132371086190103
ANGEL2	-0.0132363040445542
TRIM44	-0.0132361863829036
SLC25A20	-0.0132343761559103
MID1IP1	-0.0132331677394757
MOSPD1	-0.013232480045951
CAPN1	-0.0132316856848758
KANK2	-0.013229832702738
ROR1	0.0132295122645222
ZAK	-0.0132289217610805
UBE2D4	-0.0132270790141997
SLC24A2	0.0132229046003823
COL4A3BP	-0.0132228984623016
NSUN7	0.0132209757824527
MAST4	-0.0132207075132226
DAK	-0.0132204796256335
HIST1H4K	-0.0132123994448404
LRP8	0.0132121326528619
MED4	-0.0132108859419202
SKP1	-0.0132099718032851
TMEM63A	-0.0132098274500612
ADAM19	-0.0132088691487889
SRR	-0.0132082230610494
PCMTD2	-0.0132081706498977
PIK3CA	-0.0132061644990208
APPL1	-0.0132051524978871
PEX11A	-0.0132044744038018
ABCC4	-0.0132040918945816
GTF2H3	-0.0132033264437188
C16orf62	-0.0132027691011503
ERBB2IP	-0.0132027068797343
MRPS14	-0.0131984879373042
ZNF816	-0.0131969383399693
FOCAD	-0.0131941622341137
ZNF137P	-0.0131940391815705
RPL7	-0.0131928154594261
LONRF1	-0.013188711151644
PPID	-0.0131885787664201
HLA-DQB1	-0.0131869456574975
NR0B1	-0.0131867315859736
EIF2B2	-0.0131863168807781
LRRC41	-0.013183381699689
CMAS	-0.0131809469688244
BBX	-0.0131792245992223
PNRC1	-0.0131787275017943
DCAKD	-0.013177977373118
DYNC1LI1	-0.0131775367132572
HSPA1B	-0.0131770392583959
EDNRA	-0.0131766394687631
IDH3G	-0.0131765190297483
BCL2L11	0.0131754189290171
COBLL1	-0.0131753948830167
DECR1	-0.0131717296176506
TNFRSF11B	-0.0131715926050327
CCDC144A	0.0131705035456448
ARHGAP12	-0.0131693343711245
SLC30A4	-0.0131691152946316
EYA2	-0.013168523701151
THSD7A	-0.0131674260225457
SLCO2A1	-0.0131669439545618
SLC35D2	-0.0131667462090899
HNRNPA3	-0.013166664526842
RNF115	-0.0131654648032725
MYL7	-0.0131641836488912
SERPINH1	-0.0131613655264204
MXD4	-0.0131604393308614
DCTN3	-0.0131596318618798
STX5	-0.0131595145581007
CDK6	-0.0131589167278282
DCK	-0.0131579922258838
WDTC1	-0.0131578627384156
KHDRBS3	-0.0131569890679112
ZFP30	-0.0131566293631696
MGEA5	-0.0131527371739796
MICALL1	-0.0131518158412022
STIM1	-0.0131495540060938
NAP1L4	-0.0131495096623129
FLNC	-0.0131482315153156
ZNF136	-0.0131408687395446
PDS5B	-0.0131401551813195
NCOA6	-0.0131396835417019
ADAMTS5	-0.0131391565930539
PFKL	-0.0131387838035615
ALDH3A2	-0.013138371074627
CLDN10	0.0131362526045817
FBXW4	-0.013135715539113
ADRA2B	0.0131351510404351
FAM50A	-0.0131338318523809
PCDH17	-0.0131323567918975
SMG6	-0.0131312429347166
UBE2Z	-0.0131301598269873
STAT6	-0.0131300933318204
ABCC9	-0.0131271559086412
PCOLCE	0.0131268205957001
NSL1	-0.0131251082403148
ANXA2P1	-0.0131239427272828
NXPE3	0.0131224002298993
HMGB1P4	-0.01312191414072
DMTF1	-0.0131200583751046
CCNE2	-0.0131186023435454
SIT1	0.0131160943239814
DHX16	-0.0131157245585709
RHOH	0.0131154423535664
JAK2	-0.0131136743912984
NDUFA2	-0.0131103045914575
PSMD13	-0.0131094047657501
RELN	-0.0131092369202505
FURIN	-0.0131078216405201
ANXA5	-0.013104330546916
PPP2R5E	-0.0131035143233009
GADD45A	-0.0131019885218117
SEC23B	-0.0130998447150614
MAPK6	-0.0130992439908252
TLN1	-0.0130989698297246
ARID1A	-0.0130985683443057
EXOC6B	-0.0130981256906791
GJA1	-0.0130979866175891
KIF14	0.0130978682018006
DHRS4L2	-0.0130951824144336
PBXIP1	-0.0130948238440179
NEK11	-0.0130945680043663
ERVMER34-1	0.0130941785578906
RAB32	-0.0130941339756729
LECT1	0.0130940925716514
GALNT11	-0.013091866920934
TRPC5	0.013091744563703
SCRN3	-0.0130889813231341
SLC43A1	0.0130885160204341
GABRB3	0.0130864742750494
SPA17	-0.0130855786476448
SLC15A3	0.0130848549551294
TSHZ2	0.0130845762278335
SAA2	0.0130845300508745
NAPA	-0.013084085840097
RDX	-0.0130828051522329
FBLN5	-0.0130824965769211
TBC1D9	-0.0130813833486355
FGF17	-0.0130808256442539
TWSG1	-0.0130779711329643
MANBA	0.0130779492675256
NAALAD2	0.0130771458476456
CCKBR	-0.0130768919204094
SERPINB6	-0.0130765121961107
SECISBP2L	-0.0130750378510788
FLII	-0.0130730589244671
PIK3IP1	-0.013072871833993
ARHGAP1	-0.0130707034128013
LAPTM4B	-0.0130698052198896
PSMA3	-0.0130684890815503
AMFR	-0.0130679152677617
ATP11A	0.0130653354921627
CDK1	-0.0130635398588749
CHIC2	-0.0130635020846963
BNIP3	-0.0130626581503336
ADRBK2	0.0130596966646441
DKK1	-0.0130595724237774
TMEM258	-0.0130594704013591
FXR2	-0.0130584842250876
GPRC5B	0.01305764194782
WLS	-0.0130555251895635
APPBP2	-0.0130552463664444
PPP4R4	0.0130534828534175
VCP	-0.0130529056295811
FUT9	0.013052852781193
CELF2	-0.0130527183131652
GMEB1	-0.0130512110920481
KCNK1	-0.0130509925221789
GCLC	-0.0130470159598615
NRXN1	0.0130460418090048
PIR	-0.013045716980842
KLHL28	-0.0130454795348507
FEZ1	-0.0130446935677142
ABHD3	-0.0130439882523648
SHMT2	0.0130439812407631
NVL	0.0130436854084458
MAVS	-0.0130434247619239
ZNF468	-0.0130425314821304
TMSB15B	-0.0130415446402139
BACE1	-0.0130405417641922
INTS12	-0.0130386053572628
RBX1	-0.0130368870704922
BZW2	-0.0130354002749675
TRIB1	-0.0130340877780747
RNPEP	-0.013034011218431
CAMKK2	-0.0130338105354614
TNFRSF8	0.0130311477973923
SS18	-0.0130255774034547
FAM149B1	-0.013025397010467
TMEM106C	-0.0130251976549286
KATNA1	-0.0130237758434447
SARS	-0.0130231897554466
NISCH	-0.0130222178525929
PRPSAP2	-0.0130210694949768
ZNF140	-0.0130202096707047
IFT88	-0.0130184897998563
GLOD4	-0.0130160822887189
ZFYVE9	-0.0130157771455734
HECTD3	-0.0130150109274116
ARL3	-0.0130149870729339
KIAA0408	0.0130141688391182
TBC1D5	-0.0130139358384001
RRAGA	-0.0130132728159187
PDCL3	-0.0130129324796752
ACKR3	-0.0130112859301008
HESX1	0.0130101575481238
CYB5B	-0.013008583172146
IST1	-0.0130080316326961
COL6A2	-0.0130074594893314
MAPK7	-0.0130050186091914
HBS1L	-0.0130050117619774
THY1	0.0130042446074223
ZNF160	-0.0129995421157061
ZBTB40	-0.0129982530050683
CHFR	-0.0129973901328333
PIK3R3	-0.0129971035502468
ZNF322	0.0129960319240734
H2AFV	-0.0129956705020731
NDUFB5	-0.0129949372283679
SOX2	0.0129944528445909
NDUFA8	-0.0129923871108337
CGREF1	0.0129913854721859
TRAPPC11	-0.0129904213503002
WWTR1	-0.012987281922842
MAP4	-0.012985440049534
DHX32	-0.0129852012265219
RBP1	-0.0129845765634553
SLC4A2	-0.0129838555157375
PHF20	-0.0129829829629825
GNAI1	-0.0129827821336051
AOC3	-0.0129827711172277
APAF1	-0.01298115515174
PCDHB8	0.0129800880588624
TMEM50B	-0.0129794279890795
FXYD5	0.0129788358674923
AMBRA1	-0.012977169268342
C1orf123	-0.0129761294885966
GNAS	-0.0129757775257719
ARMC7	-0.0129750679996835
IDE	-0.0129735662380005
C12orf49	-0.0129734587267885
ADH5	-0.0129716166052846
TCP11L1	-0.0129699063078206
DAPK1	-0.0129682226666066
VAMP1	0.0129679198202742
SCYL2	-0.0129623798298101
HAS2	-0.0129621642307787
ITGA7	0.0129615651990629
GPR161	-0.0129599486222691
GGPS1	-0.0129552709084258
MAGED1	-0.0129544243950161
RALBP1	-0.0129542498695075
DDX47	-0.0129530690310778
FGD6	-0.0129530065155837
TAF4B	0.012950374956224
ZFHX4	-0.0129497621347578
IKBKAP	-0.0129485900374727
GSTA4	-0.0129472250605853
SH3BGR	-0.0129438927290891
CBX1	-0.0129406548335607
SMARCA4	-0.0129400746377149
ZNF780A	-0.0129400185947016
BIN3	-0.0129396541258239
PODXL2	0.0129373410570698
WIPF1	-0.0129372726274421
SLC7A2	0.0129363998132406
TRIOBP	-0.0129363819574389
ALDH1A1	-0.0129357811710804
MAGEH1	-0.0129353700903492
PPP1R7	-0.0129353526289062
RAC1	-0.0129323166719074
CADM1	-0.0129303462892004
GRIN2A	0.0129299474782884
PPP6C	-0.0129297441142264
ZEB1	-0.012929621758067
SLC15A2	0.012925720039567
ALDH1A3	-0.0129256792258014
PLA2G7	0.0129225725338582
POLB	-0.012922234122018
KARS	-0.0129215674263916
ARMC4	-0.0129213496149647
HIST1H2AM	-0.0129209465458982
NR1H2	-0.012920904521747
SLC1A3	0.0129202527418291
WDR4	0.0129189388269543
NAB1	-0.0129185558264341
CCDC92	-0.012916968362835
C9orf40	-0.0129155444212495
BLMH	-0.0129154029109855
EXT1	-0.012915198842545
SNRPB2	-0.0129146013930593
HEG1	-0.0129120949461723
APLP2	-0.012911211164423
HUS1	-0.0129104750761531
LPCAT1	0.0129084097508454
PVALB	0.0129082576076302
C11orf49	-0.012907893100239
HLA-DRB3	-0.0129077264297258
USP14	-0.0129073009455184
MAPKAPK2	-0.0129067244876048
PRSS1	-0.012906287660586
SARS2	0.0129062399826688
FKBP5	-0.0129057695947127
KIAA0922	0.0129007560996556
RPL21	-0.0128982174610273
PLCXD1	0.012897134522511
ECHDC1	-0.0128965261997718
NRP1	-0.0128954629542986
TRAPPC8	-0.0128945744997796
CASP2	-0.0128938317636253
PAK3	0.012892140547607
PDGFC	-0.0128905726010976
CLEC16A	-0.0128901797287762
PSMD8	-0.0128886724546269
CACNB3	-0.0128868896899314
COX11	-0.0128854870896288
SLC19A3	0.0128840080706453
MMADHC	-0.0128834205839712
CORO1C	-0.0128823699015201
ZNF337	-0.0128815187652796
PPP3CC	-0.0128796274167432
RCAN2	-0.01287924582856
THAP10	-0.0128789275230134
GPR137	-0.0128776467177397
BCAS2	-0.0128756428887266
RERE	-0.0128740486593358
DENND5A	-0.0128739546070973
KIAA1462	-0.0128719234868508
WIPI2	-0.0128713337117643
C1QTNF3	-0.0128707431556487
EFNA5	-0.0128704539156005
AURKB	0.0128698733235648
MAP3K5	-0.0128687884323843
C5	-0.0128686548517552
HMBOX1	-0.0128678407700641
NUTF2	-0.012867370735719
IQCK	-0.0128640397897793
HIST1H4L	-0.0128634876817286
PPP3R1	-0.0128619259038469
PSMC2	-0.0128617954918849
SNX15	-0.0128607654806482
GUK1	-0.0128595490758028
LY6E	-0.0128567221270955
H3F3B	-0.0128543858723031
HRC	0.0128541872270063
LMAN2L	-0.0128515302067474
MIR22HG	-0.01285102643682
FOXJ2	-0.0128496591439972
LCK	0.0128493934757412
MLLT11	-0.012849378113132
SLC25A21	0.012849187093625
ST6GALNAC2	-0.0128483938150234
ELTD1	0.0128478798883119
ZW10	-0.0128477834864574
EPHA1	0.0128447465419247
WARS	-0.0128444185915965
MZT2B	-0.0128439898879894
B4GALT1	-0.0128436912577232
MLF1	-0.0128431904370489
UST	0.0128424063536456
SETD4	-0.0128414212783422
ENTPD7	-0.012841052536219
TAF2	-0.0128408913751595
CEP55	-0.0128396047975178
IFI30	0.0128391382217099
DMC1	0.0128348524010764
ZER1	-0.0128346800403363
STXBP2	-0.012834329565804
H2AFZ	-0.012832794555216
FBN2	-0.0128320340369683
PCBP4	-0.0128313101196451
ANXA3	-0.0128311877360099
C2orf44	0.0128303858324629
BRINP1	0.0128278958857545
SNX16	-0.0128276574507362
GPR176	0.0128238946232248
PIGP	-0.012821843189688
STEAP3	0.0128192289331522
AKT1	-0.0128190039251289
DLK1	-0.0128182137867602
ATMIN	-0.0128174788249051
DRG1	-0.0128167222852666
BRDT	-0.0128126769888316
GATM	-0.0128111327818801
EPHA4	-0.0128107680730395
UNC5C	-0.0128101954656028
HARS2	-0.0128097090931695
STS	-0.0128092437785782
IFT46	-0.0128089593750301
IL1RAP	0.0128088329976436
CD63	-0.0128045903574092
ARAP3	0.0128043902744977
RBM23	-0.0128022136752781
CYP2U1	0.0128021004771519
WAC	-0.0128007304951349
PHF2	-0.012800163809897
ATP8B1	-0.0127984888207814
RPL39	-0.0127974872038682
FANCL	-0.01279746526141
LCMT2	-0.0127936395882523
MRPS15	-0.0127929403969076
HUNK	-0.012792722985302
TRMT1L	-0.0127921596098218
MST4	-0.0127918408954991
PSMD7	-0.01279114308901
TBC1D13	-0.012789754840287
HIST1H4C	-0.012789561689747
NPY1R	-0.0127867499400803
ZNF304	-0.012785830872662
KTN1	-0.0127845767158548
NUP37	-0.012782442834378
GLULP4	-0.0127811906014119
MCTS1	-0.0127807944038204
APOBEC3C	-0.012780676671412
ZBTB10	-0.0127806611728187
CHML	0.0127796294279679
LIN28A	-0.012779588633567
VWF	-0.0127765585167307
ERICH1	0.0127751314056695
AKR1C3	-0.0127747174564305
OBFC1	-0.0127746505987597
HDGFRP3	0.0127734938294454
GHITM	-0.0127712749490098
TMEM259	0.0127704714810089
INF2	-0.0127674750688879
ATF7IP	-0.0127670438262463
TCIRG1	-0.0127669263601799
RHBDF1	-0.0127653895408514
APPL2	-0.0127650664752987
MKKS	-0.0127634146422821
MBOAT2	-0.0127633553648768
MLF2	-0.0127632640187627
SOHLH2	0.0127629489925261
FABP3	0.0127624968516578
PPIC	-0.0127624607936426
MARCH2	-0.0127603352602397
LRP1B	-0.0127565506709355
CD1B	0.0127551129021997
NDRG2	-0.0127532873089384
SEPT6	0.0127476704595106
DNAJC6	-0.0127475958700711
GLTSCR1L	-0.0127466259223691
LBH	-0.0127439213270517
PMEL	0.0127429007684453
GAD1	-0.0127408667825741
AP2M1	-0.0127387562259471
EDF1	-0.0127386836347323
SOD1	-0.0127375953374543
BTG2	-0.0127371492794738
AGGF1	-0.0127360213134348
PCNP	-0.0127345105055701
GLT8D2	0.0127344325140977
REC8	-0.0127324991158797
STMN2	-0.0127319931307029
PRKACA	-0.0127316723553503
ZNF385D	0.0127309079744785
P4HA2	-0.0127290454814241
MRPS31P5	-0.0127270204564733
GYS1	-0.0127269252528611
GJA5	-0.0127248301972743
THAP1	-0.0127241974055076
VASP	-0.0127237848365515
ACOXL	0.012723627554607
PRKCB	0.0127235187492081
VAT1	-0.0127234813835876
SLC6A15	0.0127219478771424
XPA	-0.0127218670904712
BCL7C	-0.0127204883023673
C14orf2	-0.0127201899202376
GMPR	-0.0127189937626712
IRAK3	0.0127179484926321
GSK3B	-0.0127179143544866
GORASP2	-0.0127131361756949
MTMR10	0.0127125808679561
TUBGCP2	-0.012711101532544
ARHGAP24	-0.0127108342630043
EPHX3	0.0127099951913252
IFT22	-0.0127073735151063
ADAM29	-0.0127061017859746
PEX19	-0.0127033024251713
LYST	-0.0127027706605864
CEP70	-0.012701568838742
SEMA3E	-0.0127000570861713
IFI16	-0.0126996603412053
ATRNL1	0.0126990563119387
HSD17B8	-0.0126982743417795
SACS	0.0126978036417021
USP39	-0.0126967266631816
UBXN7	-0.0126962088586795
ST8SIA4	-0.0126947864912892
HLCS	-0.0126940349636714
THBS1	0.0126935638350891
MYO1C	-0.0126931689833777
SMPDL3B	0.012690453646173
CRBN	-0.0126893653121203
HSF2	-0.0126891741244838
STRN	-0.012688179274036
ACTN3	0.0126872824709145
AGPAT4	-0.0126856152126188
CBFB	-0.0126853261176962
CHMP1A	-0.0126849394018581
TGFB3	-0.0126838337322522
POLA2	0.0126831093757975
ETFB	-0.0126829866828551
NELFB	-0.0126829563820815
SLC27A3	-0.0126810532604807
CREM	-0.0126806023832907
GOLGA6A	0.0126804464335016
LUZP1	-0.0126795031074039
NIF3L1	-0.0126782403354614
CCT5	-0.0126770448551127
APH1A	-0.0126759190061445
USP18	-0.01267407952766
ICAM3	0.0126739792000449
RUFY2	-0.0126735704384385
RABL2B	-0.0126723704016427
RHEB	-0.0126717560820464
CAPN6	0.012671217461261
RNF7	-0.0126686363352707
LPIN1	-0.0126683307676045
GAB2	-0.0126676098405666
MTNR1A	0.0126668219888324
RGS7	0.0126656317951635
SND1	-0.0126655018033869
HIST1H1A	0.01266295674303
TMPO	-0.0126621628720659
EXO1	0.012661593326032
RARS	-0.0126602736310426
CDK2	-0.0126600452153745
POMGNT1	-0.0126592208794476
SSBP3	-0.0126589280106511
TRDN	-0.0126583840680265
NIN	0.012656956521488
TRPV4	-0.0126561634213347
HIST1H4I	-0.0126546734001382
RMND1	-0.0126536725873072
GLDC	0.0126532124756788
SP2	-0.0126526852442172
ORC1	0.012651295723341
COL4A5	-0.0126490332904158
MIA-RAB4B	-0.0126475946346999
HHLA1	0.0126473538216479
TRIM25	0.0126461779238056
HAUS2	-0.0126459459246965
GABRP	0.0126458486203981
TSPAN31	-0.0126455408535
BAI3	0.0126442586753219
KIAA1598	-0.0126440301969242
FOLR1	-0.0126428505253592
MOBP	-0.0126409161542563
SLC38A4	0.0126407908180089
CYLD	-0.0126403291909883
ETV1	0.0126374687899505
PDCD11	0.0126372759076616
PPM1F	-0.0126353391027113
MME	-0.0126346324047421
ACTR6	-0.012634600788411
CDKN3	-0.0126345120321513
ATP1A2	0.0126339721309992
ATXN7	-0.0126335772963382
NMNAT2	0.0126326605777269
SLC7A8	0.0126323982735475
SAP30L	-0.0126317811908435
FKBP4	-0.0126300949929458
RAB11B	-0.0126286502824352
SMARCA1	-0.0126282419104862
LPAR1	-0.0126279022110003
EPOR	-0.0126272847702479
ETV3	-0.012627155049108
PITRM1	-0.012626739568566
RNMT	-0.0126250108861319
PPP1R13B	-0.0126232605145318
ALDH4A1	0.0126229651827621
PSMD2	-0.0126224073593142
RPL9	-0.0126206739987322
ATP6V0A4	0.0126183864769636
CCL2	-0.0126173654472699
NDRG3	-0.0126164002176099
STAU2	-0.0126161870146944
ARNT	-0.0126154488327892
STYXL1	-0.0126152210583038
METAP2	-0.0126150494941518
ZNF331	0.0126149432489331
RNASEL	-0.0126147501785266
KNOP1	0.0126135208111593
MAP3K1	-0.0126128469826771
FLT3	0.0126107872352209
SMPD1	-0.0126104159831269
PREX2	0.0126098108770234
PPA2	-0.0126086576970783
USP6NL	0.0126080993156497
UBAP1	-0.0126057965320293
SYT1	0.0126047575104174
CBFA2T2	-0.0126047083295528
MXRA5	-0.0126026120880947
HSD17B11	-0.0126023377339692
SCG5	0.012601396218954
HK1	0.0126011886136979
ABHD5	-0.0126009141581299
CSE1L	-0.0125972202769082
CD24	0.0125966733346748
RPL21P28	-0.0125961447752186
CDC42BPB	-0.0125949911833603
PRRC2B	-0.0125945172804618
CBR1	-0.0125919226203352
FAM189A2	0.0125912781703015
ZNF34	0.0125900078056531
DCP2	-0.0125896736539193
TRO	-0.012589333032313
RFK	-0.0125887823825131
CRAT	-0.0125875158518209
MAP7D3	0.0125874451578106
DCAF10	-0.0125871475519691
PIP4K2A	0.0125862650623231
MBTPS1	-0.012585646456419
DHX40	-0.0125850245864841
TAX1BP3	-0.0125842016198857
LIG4	-0.0125841206718287
TXNIP	0.0125827682163358
GBF1	-0.0125826950475041
NPHP1	-0.0125825604930604
KLF12	-0.0125798622472373
NRAS	-0.0125790890671457
ARHGAP32	-0.0125784496017545
RNF24	-0.0125782819277993
TCF25	-0.0125781096099294
MOSPD2	-0.0125771782756137
PRSS3P2	-0.012576105758247
CLUAP1	-0.0125755494378828
BAK1	-0.0125721443981713
SLC35E3	0.0125708375701152
PLOD1	-0.0125677187988204
MED12	-0.0125664392006734
CCNT1	0.0125663627602916
BRIP1	0.0125659259415071
QPCTL	0.0125617850212098
TXNL4B	-0.0125612247857538
HNRNPUL2	-0.0125593997383231
RBMS2	-0.012559229684391
CUX1	-0.0125589848278845
ITGA2	0.0125587613488293
GFRA1	0.0125579070452814
PPIL6	-0.012555971882231
RBMS1	-0.0125558948354276
PPME1	-0.0125555119487194
PER1	-0.0125542073680869
NOL10	0.0125540882000233
SH3PXD2A	-0.0125526610151401
ZNF589	0.012552173752066
IKZF5	-0.0125503028607862
MTMR7	0.0125479274377649
CYP3A43	-0.0125465213746417
KCNS3	0.0125456017620887
OXSM	-0.012544019168544
MRPL23	-0.0125437019589299
NAGK	-0.0125434964962746
NLGN3	0.0125431357507883
C19orf10	-0.0125410935892107
H2AFY2	-0.012541071820322
SNORD116-4	0.0125404830819057
CAMSAP2	0.0125392558864202
ATP2B4	-0.0125390992599839
WT1	-0.0125377600267647
CHST2	0.012537502471803
MUL1	0.0125371370076282
DUSP10	-0.0125348094518716
LGI2	0.0125344628760303
RXRG	-0.0125317948369932
TNFSF11	0.012531139985562
MAPK10	-0.0125303246615784
ULK4	0.0125283208627284
SLCO1B1	0.0125280074846076
ARHGEF10	0.0125252630458551
CCDC22	-0.0125244883383297
BCAS3	-0.0125241037558778
ABT1	-0.0125234368064156
SPTBN2	0.0125233175755833
POLDIP3	-0.0125206514848672
LAMTOR5	-0.0125192232403285
EIF2B1	-0.0125172942917729
DDX25	0.0125164184396684
SLC17A9	0.0125146107278947
BCS1L	-0.0125135237973223
USB1	-0.0125133345421047
BARD1	0.0125125631114251
CD320	0.0125112839282662
MOXD1	0.0125108099237629
MGAT4A	-0.0125100987434728
VENTX	-0.0125100213134221
DLGAP1	0.0125097967284662
SUB1	-0.0125097439829708
STK25	-0.0125085464867903
KDM5A	-0.012508376453484
PFKFB4	-0.0125060334339641
DYNC1I2	-0.0125035832384566
GABARAPL3	-0.0125024968038305
CASD1	-0.0125024007144623
CD1D	-0.0125022665949432
ATP6V1A	-0.0125014766091711
IDO1	0.0125002877337368
GPR3	0.0124980042782968
GCNT4	0.0124961464622422
SOX5	-0.0124949898177694
KLHL3	0.0124913478647355
GAN	0.0124902708055766
RHOB	-0.0124874141890292
BOP1	0.0124860167219074
NAMPT	-0.0124857254309813
BLM	0.0124844358185164
LIN7B	-0.0124833027807372
MMP2	-0.0124832259390851
NUTF2P4	-0.0124819239291939
OSBPL3	0.0124818195939791
SGCB	-0.0124790402432431
RNGTT	-0.0124780598084756
SP1	-0.0124771264287442
PDPN	0.0124763388746393
GALNT8	0.0124743365223667
TUBB6	-0.0124739578214244
FAM89B	-0.012473489496513
HDAC9	0.0124717298349038
SIAH2	-0.0124711478887654
SLC29A2	0.0124708988287739
RAB3GAP1	-0.0124696340104586
COL14A1	0.0124687851003269
TRMT44	-0.0124665139121718
GAL	-0.0124663133268498
C1orf109	0.0124660824929189
MSN	-0.0124647563362942
BHMT	0.0124637468432242
TEP1	-0.0124633031905818
ADCY7	-0.0124626525680691
CALCOCO1	-0.0124609049433645
SNN	0.0124608606693224
CCDC88A	0.0124601063591604
ATPAF2	-0.0124593922045854
MYCN	0.0124583337972739
NEFM	0.0124577977793091
VSNL1	0.0124532865637945
HNRNPC	-0.0124530440120456
SLC13A3	0.0124523539100726
MYBL1	0.0124508015298584
ITGA5	-0.0124494059592391
TUBB3	-0.0124471257608031
PLIN2	-0.0124456676963309
MCM10	0.0124411197762284
DCAF7	-0.0124407286743166
TMLHE	-0.0124381937019337
PMF1	-0.0124362203027306
KAT2B	-0.0124350263426493
DMD	-0.0124338295334397
ME1	-0.0124310180168228
KIRREL	0.0124290137362548
PLAU	0.0124272789994467
GDAP1	0.0124269737521523
PPP1R11	-0.0124257241153974
C19orf66	0.012425483213268
PHLDA1	0.0124250597698686
VEGFA	-0.0124239520245878
OPN1SW	0.0124237125433493
GID4	-0.0124231422692802
ARHGEF16	-0.0124225175990596
RC3H1	-0.0124189107200516
DCTD	-0.0124187078538734
DSCC1	0.012417767252102
ACY1	-0.0124146390345696
SLC19A1	0.0124144204207606
ISL1	-0.0124127768470635
BBS1	-0.0124120984049755
DCAF17	0.012412024095566
POLR1C	0.0124120076532938
FBXO38	-0.0124114685095322
RAI1	-0.0124110878772262
OPRK1	-0.0124104691057299
SOWAHC	-0.0124098231065112
RNF8	-0.0124058607557621
CNKSR1	-0.0124054378847021
DAZL	0.0124043058484738
PUM1	-0.0124040813843753
CHRNA9	0.0124032510780406
HDHD3	-0.0124022689809089
GUCY1A3	-0.0123999313313935
WDYHV1	-0.0123997521653196
UBE2W	-0.0123980993061612
AGRP	-0.012397935507578
LANCL2	-0.0123960682326028
PI4KAP1	-0.0123948458656448
PSAT1	0.0123945842884669
CPNE7	0.012393201694252
PHKA1	0.0123918070983837
KLRG1	0.0123917695206426
PMAIP1	0.0123914103272024
LDHB	0.0123911054625223
SLC29A3	0.0123906342487442
DCAF16	0.0123899718763676
SERPINF1	0.0123891599652109
SYNJ1	-0.0123885719538382
CEP290	-0.0123865131498113
SLC18A3	-0.0123859834664188
RASL11B	0.0123836767040637
CACNA2D2	0.0123831926690874
CDK13	-0.0123825979854227
SLC6A16	0.0123821696545675
CTSC	0.0123818159808871
BDNF	0.0123814688914828
LFNG	0.0123774047648651
ADAMTS9	-0.0123770958297109
SEMG1	0.0123748638034191
HNRNPH3	-0.0123731299336085
SNRPN	0.0123728761630012
EGLN1	-0.0123726365633927
SPP1	0.0123715389387755
EI24	-0.012370008560147
RWDD2A	-0.0123699799939314
GNA11	-0.0123682297657755
RHOG	-0.0123647847887028
KIAA0247	-0.0123631414541908
ACP5	0.0123627399237808
GNG4	0.0123626309250352
ZIC3	-0.0123613929715961
IL10RB	-0.0123603448984116
EXOSC10	-0.0123590692606382
FAM171A1	-0.0123570771711029
LOC101930405	0.0123555380722508
VPS26A	-0.0123553183779568
GRIA1	0.0123533764921051
L1TD1	0.0123530203375389
TOMM22	-0.0123520586972027
FARP2	-0.0123512609969711
RABIF	-0.0123503271380089
HTR7	0.0123500970900232
SLC25A17	0.0123487381888687
DDX50	-0.0123487120184468
SLC25A22	-0.0123479620914613
CDC23	-0.0123477820414489
RUFY1	-0.0123472551942817
SPCS3	-0.0123465486364719
STXBP3	-0.0123462291019662
MAP4K4	-0.0123462106503705
TMPRSS11E	-0.012346130930125
ZNF343	-0.0123449655084658
GPR63	0.012344417709101
CNTNAP2	-0.0123419434503547
GRPR	0.012340091408007
RNF5	-0.0123392075950523
RAB8A	-0.012337494806092
SNCAIP	0.0123374030864442
CRELD2	-0.0123365921538789
DOCK2	0.0123354185463639
MYEF2	0.0123340239648393
NELFCD	-0.0123332715799559
NUBPL	-0.0123332627792791
HIST1H4H	-0.0123332342239458
GLI2	0.0123331579546483
WNT3	-0.0123327118335004
HYAL1	0.0123321466874762
TSPYL4	-0.0123313546303661
FAM65B	0.0123311182028103
PMEPA1	-0.0123285649912444
NOX4	-0.0123283233663896
AVP	-0.0123274978268726
MYLK3	-0.0123272028080648
RPS6KA6	-0.0123267473640883
ARF3	-0.0123262034693461
TMEM97	0.0123256653298389
PARM1	0.0123247535011361
MTCH1	-0.012324678848098
TMEM180	0.0123231488455612
TEX14	0.0123220781093911
ARL6IP4	-0.0123216812187591
LIMK1	-0.0123205928208639
GPLD1	0.0123203359830709
PEF1	-0.0123200852448429
CXCL2	0.0123195682658469
RPL11	-0.0123186987170367
UBE2NL	-0.0123157024688367
EAF2	0.0123155134447338
DMTN	-0.0123154696011351
DYNLT3	-0.0123150890871027
THBS2	0.0123149146289986
LEPREL1	-0.0123145852130635
GLRX3	-0.0123124879548283
KIF21B	0.0123114990672994
ARHGAP10	-0.0123093336408836
RHOT1	-0.012309241081985
AP1B1	-0.0123090573332332
RAD51C	-0.0123090497291036
CCT8L2	0.0123088345559515
CHMP2B	-0.0123068380927795
ZNF614	-0.0123058994840818
CA2	-0.0123057102262506
CDO1	0.0123051323503345
CTDSP1	-0.0123043819129879
DRAM1	0.0123036370910683
EGFL6	0.0123028428897559
ATF7	-0.0123022526965949
PIN1	-0.0123019062617018
NUDCD3	-0.0123017164878352
DYNC1I1	-0.0123007060770447
UXS1	0.0123006604234405
SMAD5	-0.0123001810327114
HLX	-0.0122992521014172
EDA	-0.0122981157467243
PPIH	-0.0122970557889231
FAM13C	-0.0122970136527322
TCP1	-0.0122948957443673
KIF23	0.0122943872623932
ASH1L	0.0122932154850315
TSR3	-0.012290210864603
ASTN1	0.012289775519281
LNPEP	-0.012289305070764
CHD3	-0.0122887827377672
DAP	-0.0122883716444208
EED	-0.012286947398919
GPR39	-0.0122849940368008
FRK	-0.0122840415542875
CENPT	0.012281917411222
ATP2B1	-0.0122810356287631
CBLB	-0.0122809158287697
RNF34	-0.0122793813291965
DGKB	0.0122783278257731
CDC6	0.0122776878425557
TIAM2	0.0122765104452709
CDC42EP4	-0.012274147397137
MID2	-0.012273852761784
RNF122	-0.0122732854533375
MAD1L1	0.0122729099391
DUSP22	-0.0122724881047404
AKAP8L	0.012269794076988
NADSYN1	-0.0122697520286882
ITGB3	-0.01226951716117
URM1	-0.0122658498201454
PRKD1	-0.0122649291169964
CD44	0.0122644192161222
SYT12	0.0122641825624743
FDPS	-0.0122641671249939
KCNN2	0.0122627047508244
GADD45B	-0.0122619728915766
SNORD116-28	0.0122609864854292
FADS3	0.012260153231697
CSGALNACT1	-0.0122588491659996
GABPA	-0.0122578567812282
NOP2	0.0122571783340704
DCAF6	-0.0122545875501662
TCF4	0.012253950415219
SMYD5	0.0122535360365167
YKT6	-0.0122534802699771
PARP3	-0.0122534518691276
COIL	-0.0122527988788984
TEAD4	0.0122513241036132
HIST1H3E	-0.0122487975448228
ACO1	-0.0122480209457473
F5	-0.0122463453496755
CSK	-0.0122450712066519
CCDC109B	0.0122446304485141
RSRC2	-0.0122444659972301
TMSB15A	-0.0122442132547837
ANKRD7	0.0122434565233484
FAM57A	0.0122432451749647
TAP1	0.0122422468502493
TRIM21	-0.0122418858354894
MAN2B1	0.0122411076957267
RRP9	-0.0122396017440679
SNX17	-0.0122389159652541
GPATCH2	-0.0122384015199559
ABCC5	0.0122383138897046
CCDC93	-0.0122383080164132
SLC7A11	0.0122372965013771
ITGA9	-0.0122363484467129
IL1R1	-0.0122354053468141
CXCR4	-0.0122337123990802
EYA1	-0.0122325861678702
RNPEPL1	-0.012232301914598
MAP2	0.0122318362897843
SLC16A2	0.0122297887262995
INPP5B	0.0122290914478964
ZNF200	-0.0122288713523339
AMZ2	-0.0122269639358275
SLC43A3	0.0122263940796484
U2AF2	-0.0122256463085296
TUBB2A	-0.0122253860611418
B4GALT5	0.0122251647378693
LMNA	-0.012224622583178
VPS41	-0.0122243623810808
IER3	-0.0122213808464897
CLIP1	-0.0122210432564402
SAP30BP	-0.0122187240213819
TRIP13	0.0122173588361778
MTMR2	-0.0122169441588418
RIC3	0.0122163333263294
SEZ6L2	0.01221427576509
HLA-DRB1	-0.0122140368537658
FGF13	-0.0122139372209365
PKM	-0.0122116763843891
WDR41	-0.0122110570143734
ILKAP	-0.0122106917065644
RRAGB	-0.0122105651533548
ECHS1	-0.0122090946274378
CAP2	-0.0122090805699519
GATA4	-0.0122090727842478
MTAP	0.0122082641202495
NREP	-0.0122078090158638
YOD1	0.0122078057627668
BTN2A2	0.0122069431929055
PPP6R2	-0.0122063242439619
MUC1	0.0122045347596889
DAAM1	-0.0122044094386817
SLC6A6	0.0122032374786088
ZNF148	-0.0122026326440941
TMEM131	-0.012201607426733
CYTL1	0.0122009200868104
INPP4A	-0.0122001534463317
SCARB1	0.0121988010868669
HIST1H2BN	-0.0121924237445393
ATP6V0A2	0.0121914281587851
KDM5C	-0.0121908701606011
JAM2	0.0121890954696207
RCL1	0.0121889917172958
ZNF415	-0.0121882390320915
SPG11	-0.0121866390913239
SMCHD1	-0.0121859642253858
SLC25A15	-0.0121830861232554
FBXO2	0.0121824299355751
SMEK2	-0.0121804548630665
IGF1R	-0.0121798673357797
TAP2	0.0121785180715436
CLPX	-0.0121783831017985
MANEA	-0.0121780570628326
ALAS1	0.012177503706191
RUNX1	-0.0121769780434074
GRIK2	0.0121763193417226
C1orf61	-0.0121762479725049
C11orf30	0.0121739713325817
VRTN	-0.0121737629064685
CCDC6	0.0121734785830053
FLRT3	-0.0121726396937567
USE1	-0.0121726369753114
SEC13	-0.0121719661251709
TBL1X	0.0121702465284991
ZPR1	-0.0121693957917048
CREB3	-0.0121690618998546
XRCC5	-0.0121677371970955
PIPOX	0.0121674325396411
MOK	-0.0121662966641341
HIST2H2BE	-0.0121659993372701
VPS54	-0.0121652687503698
KIAA1279	-0.0121646437680857
WWOX	-0.0121645744765138
THTPA	0.0121641231352998
ARPC4	-0.01216402117698
COA3	-0.0121619635771579
PRKCH	-0.0121610356080309
AP4S1	0.0121609532934856
ITGA4	-0.012160699476095
HS6ST1	-0.0121601722967953
OMD	0.012160087928857
SLC9A7	-0.0121583593335262
ARPC5L	-0.0121579161500519
QKI	0.0121575611138447
ARHGEF11	-0.0121572247582359
MEIS3P1	-0.0121558211521915
UBE2B	-0.012154994722658
MEPCE	-0.012152291601653
SYTL2	0.0121508898356637
AP3B1	-0.0121480691408246
AP2A2	-0.0121479606905614
CENPJ	0.0121452853510355
OSGIN2	-0.0121448158572558
GLB1L2	0.0121440364585389
EPHB1	0.0121440029452586
CFTR	0.0121423507195979
RARRES2	0.0121414035835727
SZT2	-0.0121402757933446
NDUFA1	-0.0121393347300299
CNTFR	-0.0121378331524473
SLC23A2	0.0121358960438978
CALCR	-0.0121344896135971
KALRN	-0.0121336730746189
DCTN5	-0.0121329291538646
NEK2	-0.0121320634338752
CD3EAP	0.0121319596905642
SMAD9	-0.0121314359672867
SPPL2B	0.0121313649750028
GPATCH4	0.0121299562211921
SPRY1	0.012127936041808
AKAP5	0.0121275222174019
BST1	0.0121264456262373
CACNA2D3	0.0121255696020418
SLC25A37	0.0121243656380764
NOL6	0.012124274343397
CA5B	-0.0121241876809097
PPRC1	0.01212417926474
MUS81	-0.0121240044902184
PRKAR1B	0.0121239283471433
ETV5	-0.0121229398692474
ADORA1	-0.0121214763716635
PTAFR	0.0121210265900609
OR2A9P	0.0121197632260479
GMPPB	-0.0121117045021068
HTR1F	0.0121116284839221
SLCO1A2	0.0121114593970035
GAP43	0.0121109217217383
CGGBP1	-0.0121103343328896
ATP6V1H	-0.0121103026814452
HIST1H1C	-0.0121098301995046
LAMP5	0.0121097758727678
SYNDIG1	0.0121092211811602
GMPPA	-0.0121088060075886
CDH10	-0.012107912493061
GSS	-0.0121076949555845
PF4V1	0.0121068579042563
HIST1H3J	-0.0121059944376071
ZNF816-ZNF321P	-0.0121052033318054
ARSB	-0.0121028260889817
ABHD10	-0.0121019764484364
PDZRN4	-0.0121012661610607
SLIT2	-0.0121011403582137
SERPINB2	0.012097277261057
JMJD7	0.0120971107838478
CDC5L	-0.0120969318731638
ADAMTS8	0.012095650136976
CEP162	-0.0120953428338434
APOC1	-0.0120932254678764
SDHC	-0.012092492893532
RASSF8	-0.0120923513654824
CADM4	0.0120917931809033
SLC4A8	0.012090869381639
LRRC17	0.0120905946150447
NEBL	-0.0120899440387399
ZNF211	-0.0120871110149206
RPS8	-0.0120857519122641
HHAT	-0.012084294843336
WASF3	0.0120832169007415
KHDRBS2	0.0120829775229376
SPAG16	-0.0120828056112178
RPL13AP6	-0.0120807433832059
ATP9A	-0.0120806913462605
NPTX2	0.0120802267614115
SPATA6	-0.0120783083547144
ASTE1	-0.0120760382452657
STAT4	-0.0120760072105694
CLDND1	-0.012075406766498
PEA15	-0.0120752519205603
ACTL6B	0.0120749825779294
USP1	-0.0120744204890514
ZNF440	-0.012074143037216
ERC2-IT1	0.0120736579929321
PAMR1	0.0120736254401813
CYR61	0.0120735078933704
AP4E1	-0.0120729405119556
ZNF165	0.0120728541519517
C2orf43	-0.0120709066100763
ADAMTS1	-0.0120696256971756
THSD4	0.0120685229358712
CACNB1	0.0120670305055485
RAB21	-0.0120662744796705
TNFAIP8	-0.012065594079813
REPS2	-0.0120637862998968
TEX15	0.0120632522811867
SPRR3	0.0120632404204384
C20orf27	0.0120621681454852
MTIF2	-0.0120613460791502
MED16	-0.0120603839790489
CPEB3	-0.0120601392421731
RBM10	-0.0120599862674893
HTR3A	0.0120598626966725
ATP13A2	0.0120597998222785
HIST1H3B	-0.0120590271070124
HECW1	0.0120566445803213
ERGIC3	-0.0120559517888741
NID1	0.0120553657900047
LPHN1	0.0120553016067428
GGA2	0.0120536714373471
KXD1	-0.0120530764027159
COLGALT1	-0.0120519731918216
ADIPOR1	-0.0120517207448999
MCM5	0.0120516887727295
KLHL7	0.0120512315436334
SSTR1	0.0120507449867368
MCF2L2	-0.012049029031535
C1R	0.0120485647241561
RFX7	0.012048237468081
INO80D	0.0120478538118856
INPP5D	0.0120438603854765
SEMA4A	0.0120424537029601
PCP4	0.0120415852217781
RYR1	0.0120406645443925
SORD	0.0120401587338146
CD48	-0.0120391187825198
FAM46C	-0.0120383032847196
FZD8	-0.0120373582828192
TRPC6	0.0120373578525217
HHEX	-0.0120372288337578
GSPT2	-0.0120364285684268
RBM42	-0.0120361626132848
ANKS1A	-0.0120360516783447
OLFML2B	0.0120354903076377
SLC7A6	-0.012033940024081
TPR	-0.0120334757603124
ARHGAP19	-0.0120332187564758
NOVA1	-0.0120332039710377
L1CAM	-0.0120316758484024
GPM6A	-0.0120316221653174
TBC1D19	-0.0120306211349566
IRAK4	-0.0120304395948754
TMED3	0.0120282409728136
UPK1B	-0.012027635861956
LRRC49	0.0120269477179418
SPINT3	-0.0120254305371528
DNM1	0.0120251183179966
PDCL	-0.0120246259309217
ANKRD1	-0.0120230500721121
SRSF2	0.0120221822784901
SUCLG2	-0.0120212766136804
ZCCHC10	-0.012020216980335
MSH5	0.0120185699169162
TMEM120B	0.01201790815261
FAM86A	0.0120173396501873
SALL1	-0.0120173104733372
PPP1R17	0.0120165862598117
ZYX	-0.0120150507843456
PDPR	0.0120137999624227
STK4	0.0120130781694094
AASS	0.0120125543966814
ZNF613	-0.0120121536818799
DDX51	0.0120116782201544
ANGPT1	-0.0120103545739392
CD74	0.0120100199912082
ACSL4	0.0120086245370789
JARID2	0.012007482346102
HLA-J	0.0120051825890952
C3orf62	0.0120048808203463
HLA-G	0.0120029021986162
PEX5L	0.0120007785750199
TRIM46	0.011999365651004
IL6ST	-0.0119989879582917
RBM19	0.0119981215865204
DSC3	0.0119956249322211
ATP8B2	0.0119956013048787
TRIM38	-0.0119951928877631
SAE1	-0.01199458422166
SIK2	-0.0119937565189878
ASCC2	-0.0119934776523698
SPRYD7	-0.0119922982240867
STK39	-0.0119922325330262
COL9A2	-0.0119921367735415
TCL1B	0.0119919117331003
BAMBI	-0.0119919045989377
AARS	0.011990851551356
GFPT2	0.0119900701635176
PAX2	-0.0119879591612985
LPL	0.011987355948403
RASAL2	0.0119872942070231
ADD2	0.0119858954980256
AFF2	0.0119855597772639
PITPNC1	0.011985504747449
MCM3AP-AS1	0.0119836416350583
FAM127A	-0.0119836195538474
YAF2	-0.0119830811391912
LZTS1	-0.0119828075295984
KCNQ2	0.0119803783258115
PTPN21	-0.0119803691368927
COL21A1	0.0119794126829882
PLA2G3	0.0119792869609673
FOXN2	0.0119784613485956
SCN8A	0.0119779809249524
NRG1	-0.0119772859993659
CD83	0.0119767601443326
HIST1H3H	-0.0119756060723332
NKAIN1	0.0119753648700005
DHX38	-0.0119747492494755
HLA-DPA1	0.0119739563520103
FAM118A	-0.0119735343039269
S100A13	-0.0119732217195438
L2HGDH	0.0119726696383676
TEX10	0.0119720671731339
PRIM1	0.011970523660266
LONRF3	-0.0119700078116595
APBB3	-0.0119669361594851
TRAF6	-0.011965081457298
CAD	0.0119646213164308
CRLF3	-0.0119621742356648
ELAC1	-0.0119600980877908
HSPB1	-0.0119591630267979
VRK3	-0.0119575741254883
CDH9	0.0119562176246385
RUNX1T1	0.0119555496913011
E2F1	0.0119555465517736
APOBEC3F	-0.0119547281286725
SLC35F6	-0.0119546409702384
ACTR1B	-0.0119544826362796
TRIB2	0.0119539118203552
GREB1	-0.011952206507299
SRSF9	-0.0119505597629633
GATA3	-0.011949586971772
GPR137B	0.0119487768938854
COL1A1	0.011947340389459
RHOD	-0.0119471460691494
FRAS1	0.0119468596097233
ZCCHC24	-0.011945534416779
CCT7	-0.0119454434038212
ACYP2	-0.0119451545008287
KIF20A	-0.0119445893792153
RBM48	-0.0119444842067485
BRCA2	0.0119444355843023
GRID2	0.0119438412151602
ALAD	-0.0119421807041883
RASSF2	0.0119419011218789
FUT6	-0.0119415356396749
FXYD7	0.0119410508543674
PTN	0.0119406627865766
LPIN2	-0.0119396421356118
ATF3	-0.0119395534690339
SCN9A	0.0119394123431276
RCE1	0.0119387795451913
CDH3	0.0119384215256743
GNG11	-0.0119379307370461
GYPB	-0.01193767456587
MGAT4C	0.0119365408002558
PRDM5	0.011935632764933
NUCB2	-0.0119352941148946
SULT1C2	0.0119345509175889
NFASC	-0.0119337680642478
FAM124B	0.011933666482522
SPOCK1	0.0119334135618805
HIST1H2AC	-0.0119320311713988
NMUR1	0.0119311290999094
TSPAN2	0.0119309461005581
GPN1	-0.0119293389117769
BSDC1	-0.0119293351962274
ASPHD1	0.0119261426313592
KIAA0040	-0.011925720522894
OSBPL2	-0.0119255204230505
EDEM3	-0.0119220358176564
MAP3K9	-0.0119202521369399
CHST4	0.0119187911024079
GRIN2D	0.0119174504600314
POLR2K	-0.0119166208965663
APOA2	-0.011915879173558
B9D1	-0.0119158357477064
RABGEF1	-0.0119153588890468
RNFT2	0.0119150068789407
DSCAM	-0.0119149510298669
DARS2	-0.0119135013148869
CISD1	-0.0119134604038474
ADAMTS20	0.0119113516967322
DDAH2	-0.0119107127288629
ZNF592	-0.0119104662487479
FLOT2	-0.0119096944548119
CATSPERG	0.0119092874736884
TBCB	-0.0119077071285233
TRIM22	0.0119069483819073
CHST11	-0.0119057161405301
TTPAL	-0.0119055644325517
ARRB2	0.0119034273637225
SZRD1	-0.0119027201238564
FUZ	-0.0119023760444684
MYCT1	-0.011901414596251
METTL9	-0.0119000564290645
EXOSC8	-0.0118999366494034
AJAP1	-0.0118986424689765
CHN1	0.0118983514161055
CACNB4	0.0118981508005905
FGF14	-0.011897601667937
RER1	-0.0118972658604993
HLA-F	0.0118957226246757
FZD3	0.0118956508760925
SBNO1	0.0118956375048762
PFN2	-0.0118956269982779
CDK14	0.0118951570109703
HERC4	-0.0118946327475722
DUSP14	-0.0118937235767863
RPSA	-0.0118934501140804
HEY2	0.0118920899584191
TTC12	-0.0118918213268178
C5orf28	-0.0118907949401555
PRKCDBP	-0.0118906098260828
ADAM23	0.0118904859515379
TUT1	-0.0118900226687799
IDH2	0.0118897311470938
PECR	0.011889262199275
DDX58	-0.0118891778067144
SAMHD1	0.0118888787713344
AKT2	-0.0118881803819038
CEP152	0.0118861100545121
MADD	0.0118854730153053
KCNIP1	0.0118851220988639
AGPAT3	-0.0118840892698586
BICD2	0.0118840433988221
MCM3AP	0.0118833713073325
DBI	-0.0118828145298009
PCK2	0.0118827094995047
ZNF507	0.011882035897711
DOCK1	-0.0118807827248617
AMPH	0.0118803278054656
CMKLR1	0.0118803041404231
HCK	0.0118790325512988
SNTB1	0.0118761403142548
PCYOX1L	0.0118744617705536
CAMP	0.0118742971747128
DNAJC1	-0.0118741739320607
SNORD115-7	-0.0118739724607283
PTDSS2	0.0118737004080339
PFAS	0.0118730224553823
F2R	-0.0118727802155195
GABRA5	0.0118706198103818
RAP2B	-0.0118700243697737
CXCL1	0.0118698916974567
MAGED2	-0.0118695633580438
CDKL3	-0.0118687250697973
ANXA6	-0.0118683054397688
TRAP1	0.0118674319216709
SP4	0.0118671858813259
ARHGEF3	-0.0118643466704949
DDX31	-0.0118639021329455
RNASE1	-0.0118635586941164
TIMM8A	0.0118633034613241
NOD1	0.0118626656779032
STXBP6	0.0118623003191109
APOL3	-0.0118595275846393
SPOCK3	-0.0118572249472496
HIST1H2AG	-0.0118571753350471
B3GAT1	0.0118565171874043
FAM131B	0.0118560068192847
C1S	0.0118554607348671
FXN	0.0118543840576748
AKR1B1	-0.0118488145081945
ZNF549	-0.0118482319562559
EPHB4	0.0118481126864035
SMN1	-0.0118480869235778
BRD1	-0.0118476162176002
C3	-0.0118458624188091
GPN2	0.0118457577903142
KRT6B	-0.011845540388152
MRPS7	-0.0118455186662278
TAF12	-0.0118447695086178
UMPS	0.0118433284363034
POLR3C	-0.0118424591353597
INPP1	-0.0118421628404046
ATP10D	0.0118412824550641
GSAP	0.0118408060838123
LPXN	0.0118394355814082
SV2A	0.0118391207594712
FAM106A	0.0118390583562452
EDIL3	0.0118387852734931
ABCC1	0.0118369880643168
PAPOLA	-0.0118361879953214
SF3B2	-0.0118358560534549
PRSS16	-0.0118343884244307
METTL2B	0.0118339891205407
FAM192A	-0.0118336261937229
NQO1	-0.0118327073838016
C10orf88	-0.0118326074274177
CCDC88C	0.0118324801444215
SLC16A10	0.0118319777426051
PPP2R2B	0.0118317896006556
TEK	0.0118303853089387
HCFC2	-0.011827647757677
SHANK2	0.0118254851576464
ELAVL2	0.0118253404237656
CHTOP	-0.011825003215265
WDR45	-0.0118234055829989
SCD5	-0.0118233225397807
APBB2	0.0118228841462679
OAT	-0.0118224991590144
SIRT2	-0.0118194773912214
PSD	0.0118191823902239
FZD4	-0.011819065951934
F8	-0.0118184691858791
BNC2	0.011818427079354
DPYD	-0.0118179875552329
GABRB2	-0.0118178877733869
ATP6V1F	-0.0118178784014082
SERPINA7	0.0118175650933774
CEP164	-0.0118173236483068
ENO1	-0.0118167941272848
NSG1	0.0118162788538774
SMIM8	-0.0118155111622042
PRDX3	-0.0118139893961961
KCNK12	-0.0118127921007403
MYO19	0.0118124664231312
LRRC36	-0.011812192791605
RGS1	0.01181054314672
TCTN3	-0.0118096427634432
PCF11	-0.0118087819754329
ITCH	-0.0118085065722412
KIF5A	0.0118083518904495
PPM1E	0.0118067540935563
SNORD96A	0.0118056682306124
APEX2	-0.0118053460856434
POLH	-0.0118022186785232
GPR98	0.0118021016343479
NCAPG2	0.0118020900263385
CTNNBIP1	-0.011801960812441
PGAM1	-0.0118017355196934
CYBA	0.0118015768625071
PRKCQ	0.0118015682814181
MED15	-0.0118012908854267
SLC34A2	-0.0117988101303481
MIR600HG	0.0117987946747292
IFITM3	-0.0117974729027756
TRDMT1	0.0117971969340019
PBRM1	-0.0117952450768321
LSAMP	0.0117943662186138
HRAS	-0.0117939738040919
CEP41	-0.0117927027443937
LRRC8B	-0.0117926931633947
ETNK2	-0.0117909644892852
BTN3A2	0.0117907490234184
EXOC7	-0.0117904139790276
PCIF1	0.0117899793862706
SNX1	-0.0117897193139989
VIPR2	-0.0117896643809825
BTN2A3P	0.0117876214060192
BCAM	0.011787058072925
CUZD1	0.0117833744540348
RC3H2	-0.0117828741983935
PPM1H	0.0117821950645138
MYBBP1A	0.0117794601948637
RFTN1	0.0117793237081045
GPM6B	0.0117787460650333
KIF1B	-0.0117787386774179
FBXO22	0.0117781512216791
THRB	0.0117770983347347
TIMP4	0.0117766926422548
SLCO1C1	0.011776655810867
NINL	0.0117755069671131
IRS4	0.0117752837679302
DOLK	0.0117735321365068
PSTPIP2	-0.0117721505873902
ST8SIA5	0.0117690901689655
ZNF358	-0.0117689993269413
PSPN	-0.0117686393901465
AKAP12	0.011768624776725
C6orf62	-0.0117684916001198
KCNMB4	-0.0117676823600709
HLA-DRA	0.011765150354105
SOX15	0.011765091632644
TXNL1	-0.0117649930738799
ITGB8	0.0117631138466372
COL9A1	0.0117629521852207
CREBBP	-0.011762342434131
MRPS11	-0.0117609668987695
CACNA2D1	0.011760257045501
GTSE1	-0.0117584517625602
RAB31	0.0117572723482661
VAMP5	-0.0117549329399129
KCND2	0.0117539824830756
EFNB1	-0.0117522529701943
ANKRD11	0.011749786376345
SENP7	-0.0117482973653831
MTHFD2L	0.0117471193745535
PCSK2	-0.0117469026265226
RAD51B	0.011746195119367
CLCN5	0.0117451569283758
SERP1	-0.0117450471916784
ADORA2A	0.011741726381812
SLBP	-0.0117413654399642
ARMCX2	-0.0117396969548149
RHBDD3	0.0117390920457724
TRAIP	0.0117390849748944
MAK16	0.0117375876948903
TP53I11	-0.0117375744282791
CHAF1A	0.0117371090843384
JAKMIP2	0.0117346688952623
PCDH7	-0.0117342278063956
PTPN13	0.0117331771689779
IFRD2	0.0117313195302095
MIR224	-0.0117310831904999
NTN1	-0.0117284337272283
SYT11	0.0117257409132259
FRS2	-0.011724637156286
DDR2	0.0117244925735734
MATN3	-0.011718360473849
FAT4	0.0117182200456364
GCNT2	0.0117180054685688
NEU3	0.0117178779416566
SHB	-0.0117177147399152
MPPED2	0.0117176957671849
SCAMP5	0.0117168030649245
HLA-DOA	0.0117165295355833
SLC2A1	0.0117159199140127
TRAFD1	-0.0117147194963629
CEP85	0.0117143582129619
EIF4A1	-0.0117138110196763
TOM1L2	-0.011713648825014
SREK1	-0.0117129102049746
TMEM186	0.011710356695684
LTBP1	-0.0117102208380046
GM2A	-0.0117101703514764
AKAP7	0.0117099391328018
LMTK2	0.0117095351227629
PCNA	0.0117086906928355
FGF16	0.0117071086856179
LAMA5	0.0117061937922209
HMGCL	-0.0117047962115511
RBL1	0.0117043056560481
GGCX	-0.0117000095374761
RNMTL1	0.0116992595173042
ABHD2	0.0116985694020401
KRT8P11	-0.0116981834810275
POU2F3	0.0116975021457241
CCDC170	-0.0116970510599084
TST	-0.0116960160361415
RNF220	0.0116957059633117
RNF31	0.0116955861029294
ZNF682	0.0116931788892826
LAS1L	-0.0116926878288692
GALNT12	0.0116912527596096
NRBF2	-0.0116911328889779
PDK1	-0.0116900232306006
UBIAD1	0.0116893131912787
FBXL7	-0.0116884284459439
ST6GALNAC4	0.0116872538438818
MMP24	0.0116855944398249
CALB1	-0.0116853569594095
PMS2	0.0116850696120109
ATP1B2	0.0116838224502958
ADAM5	0.0116835697708004
ZNF654	-0.0116832833911284
PHC1	0.0116797439646303
ELP6	0.0116793998945948
MEGF9	-0.0116793906993179
PEX6	-0.0116790718781332
ASIC1	0.0116779922119692
ETV4	-0.0116762886516955
COLQ	0.0116758401323293
ELL2	-0.0116753868211798
LYN	0.0116730630853857
FGF2	0.0116725112458336
KPNA4	-0.0116723591091835
HSP90B1	-0.0116717679126772
NDUFAF7	0.0116690830940246
PLCD1	-0.0116671257162449
HIST1H2BJ	-0.0116662952730996
CD163	-0.0116653152656235
TEX261	-0.0116650710059188
PCDH12	0.0116649843284694
ANKFY1	0.011664650329056
TMOD3	-0.0116643891493156
ZNF274	-0.0116639439872124
CDC25A	0.0116635934177955
HSPA2	0.0116634025229544
SLC52A2	0.0116622951563433
TXNRD1	-0.0116601301519203
SFT2D2	-0.0116575651766547
TLDC1	-0.0116562777183752
CD82	0.0116559982922427
SSX2IP	0.011654685478207
SORBS2	0.0116544996710623
SH3BP4	-0.0116536270549619
PKNOX1	-0.0116530270022021
PPP4R2	-0.0116527671360441
GPR19	0.0116520306573826
PIAS2	0.0116512639530815
DNAJC8	-0.0116506665976259
PPCS	-0.0116504394790667
ST6GAL1	0.0116490294119817
ARHGAP28	-0.0116470409851229
TRIM16	0.0116463722072909
STXBP1	0.0116460873353739
TSTA3	-0.0116459370627013
UPP1	-0.0116451209617752
CTH	0.0116444538496991
BAI2	0.0116435187754551
TEAD1	-0.011643237168154
SUPT4H1	-0.0116429201658744
CNTNAP1	0.0116428824933444
TSSC1	-0.0116421676002074
C1orf116	0.0116409531577296
ITGA6	0.0116408376759486
TRPM2	-0.011640038809001
GINS1	0.0116399531151675
TDP1	0.0116385885324475
CCL3	-0.0116368166215215
ORC2	-0.0116366363451818
TAZ	0.0116353076052886
TPK1	-0.0116329156507646
FKBP10	0.0116322775267818
LRIG2	0.0116317285498132
CKAP2	-0.0116284893138972
ATP6V1G1	-0.0116277779434903
POGK	-0.0116277598960196
FOXO1	0.0116266602563701
TKT	0.0116264159262459
RAB33B	-0.0116261109790096
BUB1	0.0116260360239973
OR7A17	0.011623925951579
PRKCD	-0.0116219062741335
LAMP3	-0.0116209306696841
GRM8	0.01162080444566
HS1BP3	-0.0116182452648352
WDR52	-0.0116180247605888
CELSR2	0.0116176672933844
GRP	-0.0116174794362316
LRRC40	-0.0116173488401418
LPAR3	0.0116170853733845
PAF1	-0.0116168011020323
TRIM37	0.0116167470682862
SIL1	-0.0116161663833775
SSH1	-0.0116117603346283
GLI3	0.0116106329626953
PRDM14	0.0116097825317261
MFSD12	0.0116067246308579
PLAT	0.0116056219349568
RBM34	-0.0116054406097875
SRGAP3	0.0116043617650606
POLD4	-0.0116025993486406
HTR1E	-0.0116021394096651
AATF	-0.0116020322673373
MBNL3	-0.0116013022263927
RNF187	-0.0115971679826973
NELL2	0.0115962663710166
AFTPH	-0.0115961799803831
ZNF432	-0.0115954421894278
PCGF1	-0.0115947968726695
SLC2A11	0.0115935993696127
MSX2	-0.0115935921763377
HMGN5	0.0115932552541775
CDC45	0.011592335928173
TENM1	0.0115916311947591
LAMTOR2	-0.0115911337116519
NSUN5P1	0.0115911331680946
TOPORS	-0.0115910015724066
GABRQ	0.0115909053555404
TUBB2B	-0.0115905366813089
CXCR2	0.0115904125618058
HTR1A	0.0115880554782468
FAM135A	0.0115879334654983
MOCOS	0.0115875254997732
ZNF239	0.011587015882294
ST8SIA3	0.0115862816782822
FAM184A	-0.0115862315161784
RNF114	-0.0115861567372745
KIF1A	0.0115855336414733
SDHA	0.0115851977364726
RAD54B	0.0115835296577732
TNFAIP6	0.0115830255502125
GRB2	-0.0115826526069352
RPL35	-0.0115794501009417
PROCR	0.0115789498218513
ST3GAL5	-0.0115783345116568
TTC33	-0.0115781236514152
CSAD	-0.0115775222490069
ZSCAN2	0.0115769708008347
ASAP1	0.0115769266767937
SLC6A20	-0.0115750407408448
E2F8	0.0115748571358067
SUZ12P1	0.0115735959248445
TNNT2	0.0115716888253088
CES2	-0.0115716853680578
PEG10	-0.0115710185991481
C4orf27	-0.0115709767724919
SUMO3	-0.0115706183486729
NID2	0.0115682024435777
AKAP2	0.0115668612483529
NTRK3	0.0115656673428912
IMP4	0.0115655479249509
CLUH	0.0115650348023517
TUBG1	-0.0115646428059952
BHLHE41	0.0115644403268946
RRAGD	0.0115637259973171
NAP1L1	0.011563256399512
CSRP2	0.0115624299499773
PIGL	0.0115615820887211
C5orf22	-0.0115606592115451
RNF10	-0.0115605725194525
RRN3P1	0.0115597936245595
RPS6KA2	0.011559311911876
SLC39A1	0.0115585408672506
HERC3	-0.0115581007773698
POU2F1	0.0115562758051853
INADL	-0.0115550357131509
PIAS1	-0.0115540216183446
B3GNT2	-0.0115508837293367
UBE2Q1	-0.0115503128046971
CDC37L1	-0.011550292633966
WDR74	0.0115488732011495
TIMM10B	0.0115488470402945
LOC101927181	0.0115471495165532
ARHGEF9	0.0115459386064102
PTPN18	-0.0115449086133892
DNAJB9	-0.0115441963557029
LMBR1L	-0.011543497729912
ZFPM2	-0.011543126700544
LPHN2	0.0115426157513978
TPST2	0.011542425643706
RYR2	0.0115411037818282
EFR3B	0.0115408897371602
CHMP2A	-0.0115400137908676
AP4M1	-0.0115392849630924
TBC1D2	-0.0115381562761611
AGBL5	-0.01153768764181
PTX3	0.011536885375961
DUSP6	0.0115366674957357
HDAC4	0.0115364672784228
PIM2	0.0115334391795331
TRIM68	-0.0115320799533999
THNSL1	-0.0115304815855045
SCLY	0.0115287280785284
RAB23	-0.0115284718500509
RAB30	-0.0115283115483767
PHIP	0.0115273449955655
PCYT1A	-0.0115266410472749
PSMB3	-0.0115260068814945
GRM3	0.0115259435344915
DNM3	0.0115255245287642
EPHB6	0.0115250319283354
MGAT1	0.0115229708934608
C16orf59	-0.0115221101785433
DNASE2	0.0115219762261846
UPK1A	0.0115217509189954
CLUL1	-0.0115216810995046
DOCK6	-0.011520896150634
FRS3	-0.0115208195744367
TBR1	-0.0115197582935097
APIP	-0.0115194966718059
NFATC1	-0.0115188698537648
HRH2	0.0115177191752954
AGRN	0.0115174551731305
TLE3	-0.0115168858853998
GNB5	0.0115162952388268
BTRC	-0.0115156468828984
ADCY1	0.0115145801619091
SCARNA16	0.0115137833892209
CRIP1	-0.011513184224422
MPI	-0.0115115220889003
CTNNA3	0.0115114632081389
SLC2A14	-0.0115112158857399
RAD23A	-0.0115093874649392
SON	-0.0115081730775116
B3GALT5	0.0115059961619136
TMEM214	0.0115045376686985
KLHL29	0.0115032553584136
PAH	0.0115032048499197
TTC40	-0.0115031727725235
BCL2	0.0115025740770113
AXL	0.0115021646354325
ZNF674	0.0115020760850434
ART3	0.0115014540092971
CCND3	0.0115013339805932
WISP1	-0.0115009834912634
TFE3	0.0114999800421798
HIST1H3G	-0.0114983939474803
TK1	-0.0114975864419585
MICB	0.011496677614985
ZBTB43	0.0114959891813529
NLGN1	0.0114952631360685
NQO2	0.0114948903743821
ARHGEF18	-0.0114945416627609
CHD2	-0.0114942785337844
AMT	0.0114942020058168
ELL3	0.0114935390503368
BTN3A3	0.0114927262280898
RPS4X	-0.0114916786378677
TEC	0.0114915221301345
NELL1	-0.0114906459258218
ELOVL4	0.0114897414339998
ITPR2	0.0114878308011123
URB2	0.0114875650806818
C6orf48	0.0114866584771045
STK16	-0.0114864793216464
MPDU1	0.0114852607834876
DAB1	0.0114850942997361
SRGAP2C	-0.0114849140705565
NPL	0.0114848274136489
PUS1	0.0114844105892436
MNDA	0.0114841271533933
KIF15	0.0114841080511916
LOC101927051	-0.0114838296059211
GSPT1	-0.0114833920658882
ZMYM3	-0.0114809142724414
PTGFR	-0.0114802544035743
FHOD3	0.0114796418256858
MSTO1	0.0114782915068512
MED20	-0.0114780976991481
ECHDC3	0.0114752892894425
LY75-CD302	0.0114752295532618
RFC4	0.0114740387481444
ZNF32	-0.011472582773698
MAP3K12	0.0114717196149559
TMEM115	0.0114691653924232
KAT2A	0.011468712918518
ATP5SL	-0.0114682497757721
HTR2C	0.0114676907771076
LOC100287852	-0.0114648820225302
ITGB1	-0.0114646618506762
FAM216A	0.0114645217451098
CADPS2	0.0114629860559528
C19orf40	-0.0114627168021129
LOC100131510	0.0114615650934015
SLC30A3	0.0114611959198037
MPHOSPH6	-0.0114610578999686
MLEC	0.0114603675198922
SYP	0.0114581290784647
CDKN1C	-0.0114562616670404
FCHO1	0.0114546953075657
CHAC1	0.0114542041876018
MCOLN3	0.0114540276385208
MYL10	-0.0114534471333957
C14orf159	0.011452505918969
SNORA64	0.0114516309593248
ZNF639	0.0114509743464139
PON2	-0.0114480542476257
PGBD5	0.0114479635787393
BUB3	0.0114478544338409
PSMC4	-0.0114475856334798
FRMD4A	0.0114474992891964
MGAT5	-0.0114464065716661
SIAH1	-0.0114454921545302
CRADD	-0.0114452502441021
VOPP1	0.0114450196316867
ZPBP	-0.0114446640728218
CCDC186	0.0114445034874882
POMT1	0.0114431387922827
TENC1	-0.0114423546480291
HIVEP2	0.0114422660617617
EDEM1	-0.0114422578060965
DPF1	0.0114422105617935
IL17RB	0.0114419789976699
ATP6V0E1	-0.0114411823691876
EIF3I	-0.0114409389821458
ATP5F1	-0.0114404232597984
RAB38	0.0114403255491873
FYN	0.0114388728349876
SPG7	0.0114382929721868
GPATCH2L	-0.0114380670781196
GRB7	-0.0114368223532725
RAB7A	-0.0114348443455025
BTG3	-0.0114331609378572
DENR	-0.011432196600925
TBL1Y	0.0114313169532677
RGS2	0.0114309851845548
PLXNC1	0.0114306207411363
TBC1D4	0.0114296902479592
MAPK8IP3	0.0114281276627201
SLC38A10	-0.0114263613999867
ZBTB20	-0.0114251209339658
UBXN6	-0.0114243034165719
DUSP4	-0.0114231914655849
PNMA1	-0.0114213422114352
WDR12	0.0114206702628682
EXTL3	0.0114201695659255
KAL1	0.0114200614175672
MDC1	-0.0114200434410884
ATAD5	0.0114179637317052
ZBTB5	0.0114171132759484
COL18A1	0.011417001230906
RNASET2	0.0114166452587859
NOP16	0.0114158604842746
FAM178A	-0.0114157424252072
DNMT3B	0.0114147729763409
ALDH1B1	0.0114141091503534
STC1	-0.0114135774121325
CLSTN3	-0.0114115993121824
PTPN4	0.0114107608846201
TRIM23	-0.0114100386164415
CYB5R2	-0.011409961046774
NAA60	-0.0114095595597975
LUZP2	0.0114092558534429
ADAMTS12	0.0114080787772927
PRDX1	-0.0114076627211827
LACTB2	-0.0114039929642595
ZNF131	0.0114034818879517
IFNA6	0.0114030254771901
PRPSAP1	-0.0114020559847595
SEC14L1	0.0113988943049483
SSX4B	-0.0113988512877874
ANGPT2	-0.0113981873105613
RAB35	-0.0113971594292866
SIKE1	0.0113969852435624
NANOG	-0.0113965857863424
DCC	0.0113958909729295
COA7	0.011395696436345
PIAS4	-0.0113948302229971
PRKCG	0.0113947935926697
ACSS3	-0.0113943500835202
C9orf116	0.0113940512322771
SLC1A5	0.0113938953552095
MSH5-SAPCD1	0.0113935657818259
PPDPF	-0.0113933394642926
CDIP1	-0.0113918708153223
NDUFA4	0.0113912041184304
PTPN6	-0.0113906400541947
RAD54L	0.0113903693645139
GPR50	0.0113900422050165
FDX1	-0.0113899705058587
SRGAP2	-0.0113893584015825
FAM212B	0.0113880543445446
GUSBP11	0.011386284917919
ACTN2	0.0113862814206852
BICD1	0.0113858114463777
FSHR	-0.0113856762303638
TPST1	-0.0113820524555173
NUP205	0.0113817327300482
ST3GAL2	-0.0113817203529601
GRIK5	0.0113813232987142
C8orf4	-0.0113801326311583
WDR3	0.011378550810791
MPP3	0.0113764328069015
CDH13	0.0113763536826669
NLGN4X	0.011375676252502
LAMA2	0.011373956965996
POLQ	0.0113738908616211
MAPRE2	0.0113736647998314
RIF1	0.0113735517792398
DIP2A	-0.011373493968531
NLK	0.0113725018801302
IMPDH2	0.0113724375111215
LGI1	-0.0113722918309695
SEC22A	-0.0113718294676661
NCS1	-0.0113713054319868
SGK1	0.0113651111786959
CLTCL1	0.0113641422793979
ADSL	0.0113626497327856
RFC1	0.0113621098082564
CACNA1A	0.0113611112347606
MXD1	-0.011360824125099
QTRT1	0.0113599476923293
KPNA3	-0.0113596738504174
CLSTN2	-0.0113587799277007
HTRA2	-0.0113586452882986
TSEN2	0.0113582583513009
CEP72	0.0113579818567352
WBSCR22	0.0113571621320336
DDX11	0.0113568300815693
PCDHB3	0.0113563492451551
NLE1	0.0113557152524097
SULT4A1	0.0113535193700296
TTC21B	0.0113522060865664
KIAA1467	0.0113511978707667
SSSCA1	0.0113497041755022
RNASEH1	0.0113492467575173
CCSER2	-0.0113490862290159
LIF	0.0113485497519429
HLA-DMA	0.0113483475999133
LINC00339	0.011346292418573
PEMT	0.0113452898374993
AIF1	0.0113447068145921
ROR2	-0.0113443665843347
PHTF2	0.0113441385436408
SLC25A12	0.011343552239979
DGCR5	0.0113435079907004
PNPLA6	0.0113407268405256
JADE2	-0.0113405107700563
RND1	0.0113392539441395
KIAA0226L	0.011338762660621
CENPF	0.0113386963615855
NPPB	-0.0113386646111636
ATF6	-0.0113386078903777
SLC50A1	0.0113385253452008
TEAD3	-0.0113383040924257
NUDT2	-0.0113379328204647
SCRN1	-0.0113368042619822
MNS1	0.0113359052470393
PSPC1	0.0113346037473048
ANK1	0.0113342781315712
CDH7	0.0113331938243171
PTPN12	-0.0113323620335586
SCNN1A	0.011331378464657
HP1BP3	-0.011331244423885
PNO1	0.0113309543871555
HDAC7	-0.0113305560020431
CELSR3	0.0113294437040425
NCAN	-0.0113271911105389
PTTG1	-0.0113248797984854
PPP2R1A	-0.0113247912922175
SLC2A3	-0.0113246163781993
FBXL2	-0.0113234263471456
PRKY	0.0113194118907427
PARP6	-0.011319410144044
BCAP29	-0.0113193980923594
CCR8	0.0113189514145968
PLEKHF2	-0.0113160263176185
RNF111	-0.0113158209033977
SCG2	0.0113158039980072
PCNXL2	0.0113125462452369
GNAZ	-0.0113124463325885
GINS4	0.0113121738234644
CELF1	-0.0113121736778368
SOCS3	-0.0113115670141077
WFS1	0.0113108457727842
GDPD2	0.0113100226331256
EDNRB	0.0113098711188322
BTN3A1	0.0113076523532166
PCYT1B	0.0113069003987021
CLCN3	-0.0113066452460916
TSHR	0.0113066308078212
TSPAN13	-0.0113060578974558
NFATC2IP	0.0113050789527373
TACR3	0.0113050777191202
HIST1H3A	-0.0113048453103713
SLITRK3	0.0113014089078609
C7orf49	-0.0113013795820333
LAD1	0.0113011789030424
ZNF124	-0.0113008972732018
CNOT6	-0.0113003207998967
POLR3G	0.0112999216862255
NMRK2	0.0112997091325509
ZNF141	0.0112996056631786
FABP7	0.0112984286627728
SLC16A1	0.0112983842184234
PANX1	0.0112983166299915
PLAGL1	-0.0112981021871228
ZBTB44	0.0112973535272094
UBR5	0.0112962498382629
SLC38A1	0.0112940993492283
SLC16A7	0.0112935981048322
RANGRF	-0.0112927111511058
F3	-0.0112920068330249
KIF22	0.0112915792588944
KCNMA1	0.0112914509477354
USP5	-0.0112913953417133
GPR37	-0.0112909538908244
ZNF587	-0.0112908437359016
NAV3	0.0112905917134338
SLC1A6	0.0112902376681685
SHC2	-0.011289236359789
DDX52	-0.011288817296448
BTD	0.0112882479148086
ALDH6A1	-0.0112872274899911
P2RY11	0.0112869898346802
IQCH	-0.0112857916474943
NUP210	0.0112846929723824
FAM115A	-0.0112836941477598
EXOSC7	0.0112835764233115
LYRM2	0.0112825480513313
INTS3	-0.0112802678274279
MUSK	0.0112798749479988
TNFRSF10D	0.0112797145886905
CNNM2	0.0112790111208871
NCAM2	0.0112784951902898
HLA-DMB	0.0112779934772945
DOCK10	0.0112767209245664
PFKFB2	0.0112754544031417
NEFL	0.0112751113817168
MXRA8	-0.0112747593493153
TSR1	0.0112737668341949
MMP14	-0.0112725604220709
TGS1	0.0112725315137338
CNNM3	0.0112712027488892
FZD2	0.0112707934020489
SNAPC4	0.0112700390408654
CA11	0.0112698491983363
SEC61B	-0.0112665718204532
BCL9	-0.0112650756889443
SH2B2	0.011264227206151
DEGS1	0.0112635310901346
APOLD1	-0.0112633652557476
METTL8	0.0112629482924907
NME5	-0.0112624240549397
TENM3	0.0112623016424783
PPP1R16B	-0.011262036155497
OIP5	0.0112588677698599
KDR	0.0112588456834992
LPAR4	0.0112579421204877
GPHN	-0.011257701863425
SLC37A4	0.0112570493851919
LCP1	0.0112561753462698
F11	0.0112526405862636
ADCY6	-0.0112520826239133
HOMER3	0.0112514476448826
MAMLD1	-0.0112501496975833
RARRES3	0.0112499103114411
EFEMP1	0.0112481784114265
IGSF9B	0.0112476963211729
RAC3	0.0112466556766829
FAS	0.0112462922511668
HSPG2	0.0112462397793381
INHBE	0.011244365600346
TNFAIP1	-0.0112437078030899
PUS7	0.0112436291525686
JADE1	0.0112434370443713
RHOBTB2	-0.0112430360138656
AP1G1	-0.0112430284405894
CIRBP	0.0112428288686867
VPS33A	-0.0112410785595422
NPEPL1	0.0112402988729066
POLR1E	0.0112402780420969
OR3A3	-0.0112402466429713
ZSCAN16	0.0112393463824625
ILF2	-0.0112389903111355
ZBED8	0.0112384702260136
ARHGEF17	-0.0112376293309197
PKI55	0.0112369013505353
OLFML3	0.0112368648669276
PAPD7	0.0112363384420977
C9orf91	0.0112352662434361
GSTP1	-0.0112342805943752
FAM129A	0.0112340555804601
NOL8	0.0112334332833056
NCAPD2	-0.0112322820169768
SLC12A7	0.0112321894068508
ZBTB3	0.0112319745724005
LITAF	0.0112314643710443
RRBP1	-0.0112302767265798
PSMD11	-0.0112281594336511
LETMD1	0.0112274698268343
PARP11	-0.0112274130001017
ACSM3	0.0112273105319931
KCNA3	0.0112265701601118
NMU	-0.0112246277564284
HIST1H2AJ	-0.0112244702679656
GABRG2	0.011224428393041
LMNB2	-0.0112237497453672
PSORS1C1	0.0112235066645197
LINC00472	0.0112228087162755
RRP15	0.0112224572184975
PCDH1	0.0112223187536324
SNORD35A	0.0112213898519301
FER1L4	0.0112195294393939
KPNA6	-0.0112189571999477
R3HDM1	0.0112181397264201
KCNAB1	0.0112174829362272
SCMH1	0.0112147781544374
VPS37C	-0.0112145664484156
STC2	0.0112139685502326
C11orf73	-0.0112139446418124
RPS3	-0.0112137598690348
GTF2IRD2B	-0.0112131256154546
CBX5	-0.0112126858178491
BBS10	-0.0112122748304958
SLC13A4	0.0112105889258914
PRKG1	0.0112103135467267
ABCF3	0.0112085988121322
ERCC6L	0.0112084944036701
KIF5C	0.0112081180147042
PDGFRB	0.011207837710623
PEX11B	-0.0112077487731716
MYO5C	0.0112069152722152
SLC17A7	0.0112058157258237
STRAP	-0.0112034336350103
GSTM2	-0.0112034253228939
MTHFD1	0.0112030332320197
ITPR1	0.011202959417668
OVCA2	-0.0112027734517414
GPX2	0.011202184504746
PYGM	0.0112014285813861
ECI2	0.0112003989094932
NPTX1	0.0111999770480751
PRSS12	0.0111997488651215
DGCR8	0.0111992379838472
REEP2	0.011198434838672
SOBP	0.0111965404200279
HAUS6	0.0111953373000459
RBPMS	0.0111951905227809
CD53	0.0111948701691378
KLRD1	-0.0111948527743133
ENAH	0.0111930687013936
NDC1	0.0111921823835355
ACAA2	-0.0111921417511189
MORC1	0.0111907598695805
PIK3CD	0.0111903178757246
MOB3B	0.0111897871755042
LRIG1	0.0111895692860822
FGF8	-0.0111888528150525
PVRL1	0.0111865521511624
BTK	-0.0111859078183697
PRIM2	0.0111850546514638
SLC35F2	0.0111834212175985
CD180	0.0111818102880125
R3HDM4	0.0111810055426613
PLEKHA4	0.0111789667335858
GCN1L1	0.0111784524506302
CXCL6	0.0111772184755752
TOM1L1	0.011176188233195
ARL15	0.0111761707753617
MIR492	-0.0111757851812244
COL11A2	0.0111738382971724
CASK	-0.0111724494001089
BRAP	-0.011171768624623
AAMDC	-0.0111716054120601
HAND1	-0.0111712251891153
AFAP1	-0.0111700429574509
CDH11	0.0111683336595954
FLNA	0.0111675591156158
DOLPP1	0.0111671247799942
MSH3	0.0111663575998169
NTM	0.01116600757099
WDHD1	0.0111645200922932
BPNT1	-0.0111634760473766
VPS45	-0.0111618527393111
AMHR2	-0.0111607659206187
TTPA	0.0111601030993254
BSG	0.0111598585311737
RHOT2	0.0111592021905454
FABP2	-0.0111591702125625
CDKN2B	-0.0111576499410784
PDLIM7	-0.0111574200651958
ST8SIA2	-0.0111570230707429
CTSO	-0.0111562097759118
LIG1	0.0111558706281586
SRPX	0.0111535346104835
MYT1	-0.0111523314952476
PTGIS	0.0111521198980538
ZNF484	0.0111514876553594
CENPM	0.0111514821304379
C12orf29	-0.0111513809941265
APH1B	0.011148073933312
KIAA0141	0.011147752531899
HSPA1L	-0.0111474146995692
SDC1	0.0111471872606373
NPVF	0.0111426136047251
ADAMTS7	0.0111418937561812
IL20RA	0.0111411748944768
FUT2	0.0111401868478006
ACTG2	0.0111379144502526
RBBP4	-0.0111376782540899
KIF16B	-0.0111374651244708
PDE10A	-0.0111373199670355
GRHL2	0.0111365292827777
SLPI	0.011136311578422
MIOS	0.0111359759515042
TNFRSF11A	0.0111354554159472
TP73-AS1	0.0111347017792911
GOSR1	-0.0111330860016067
LSG1	0.0111327899822992
CASP10	-0.0111324853587852
FAM86DP	-0.0111322897148401
LRRC16A	0.011131714365308
ECE2	0.0111313818151929
COX6A1	0.0111305577078816
FAM65A	-0.0111271609259314
MMS19	0.0111269825857147
SHQ1	-0.0111250468698539
TTYH1	0.0111239550598608
HLA-DOB	0.0111233520213789
SFMBT1	0.0111219539531662
FKTN	0.0111214760032703
SCAP	0.0111209304174993
OXCT1	0.0111208803290717
LGALS3BP	0.011120112262621
SLX1A	0.0111200099329285
SMOX	-0.0111192443701958
CAND2	0.0111189077190712
PRMT1	-0.0111187594969289
ZNF143	-0.0111183030857992
VGLL3	0.011117357617535
AHR	0.0111165799503862
MCM7	0.0111161628654714
OSBPL10	0.0111159413693641
BCL11A	0.0111157277551212
HNRNPH1	0.0111139403721639
ABCE1	0.0111139386062789
PPP1R12B	0.0111128961436106
PPT1	0.0111104101664339
CUEDC2	-0.0111092686343429
INTS9	-0.0111071931361748
SLC22A17	0.0111056185449083
FAM117A	0.011104968817105
ACADL	-0.0111048433894421
CDC25C	0.0111032214720463
CABYR	0.0111031056339356
MIEF1	-0.0111028532641434
CDK2AP2	-0.011101078570425
GDF15	0.011098495972116
PRPS2	0.0110983971240712
SLC25A16	0.011097950825423
TRIO	0.0110972984470844
SNORD83B	0.0110967508733589
CSRNP2	-0.0110960862714939
PARP1	0.0110955196044013
DIAPH3	0.0110946590009334
AMPD2	0.0110943876003274
PHC3	0.0110936938256466
EMG1	0.0110892504575279
SEPT4	0.0110886608825209
ZFP69B	0.0110884792404288
CHRM3	0.0110858487909843
FAM206A	-0.0110851234582259
GABRA3	0.0110850885830906
KIF11	-0.0110849373018998
TAF7L	0.0110846531330863
ILF3	0.0110829369754568
PRKDC	0.0110818413221279
WSCD1	0.0110816630777748
EEF1D	0.0110812500151832
PCDHA9	0.0110801699095148
CREBZF	0.0110797934787251
POTEKP	-0.0110792910634036
PUS7L	0.0110775852290253
EFHC2	0.0110772003281215
NAV2	0.0110732504134374
CHRNA6	0.0110731948599388
RARG	0.0110726155479451
G6PD	-0.0110716540331722
FGF20	-0.0110715266506325
FPGS	0.0110702543307454
TLE2	-0.0110700265175158
ITFG2	0.0110697067572115
HERC1	0.0110686281162059
WDR70	-0.0110678233257985
HLA-C	0.0110672997683882
ZNF107	0.0110672209836522
GSTM1	-0.0110660422281434
COL2A1	-0.0110655005691852
SERHL2	-0.0110636191917672
MICAL3	0.0110628504253717
TTC30A	-0.0110625623814922
AGK	0.0110625454899859
TMEM159	0.0110614679879792
RABEP1	0.0110614138054577
RIBC2	-0.0110611475749719
ATP8A2	0.0110611010915933
NOLC1	0.0110608262293641
PDK3	0.0110603974718623
TIMM23B	0.0110603870306672
KCNJ2	0.0110602253612777
SDCCAG3	0.0110591152411459
HOMER2	-0.0110587429124444
PDIA5	-0.0110571953170737
SENP2	0.0110569031095586
SLC18A2	0.0110559845150052
ATP6V1C1	0.0110558854921343
FPR2	0.0110558306587224
RSC1A1	0.0110556727118995
QRSL1	0.0110551156685999
HIST1H2BB	0.0110550733024383
ARFIP2	0.0110543744859143
EXOG	0.0110538895709446
UBFD1	-0.0110537599421754
HCLS1	0.0110535209028941
ZNF43	0.0110533902510637
GTF2I	-0.0110529482822251
UFL1	-0.0110516324694674
GALNT6	0.0110514495193972
CLN8	-0.0110511447870273
RIC8B	0.0110498899178654
CTSH	-0.0110478204648774
ARHGAP35	0.0110477524220049
MS4A12	0.0110471888122871
SLCO5A1	0.0110465496351736
LRRC6	-0.011045530210817
BRD8	-0.0110442678600039
TIPIN	-0.0110422233545796
WDR43	0.0110420137532677
MN1	-0.0110414500883713
MACF1	0.0110408971627135
MYOZ2	0.0110400567460254
GAS8	0.0110392924877236
DDX1	-0.0110381449932081
WDR1	-0.0110370448467468
EIF5A2	-0.0110362707933057
ZNF350	-0.0110362679734218
ALCAM	0.0110362500072353
SPRR2B	0.0110353026483276
DHTKD1	0.0110319155516131
SCN1A	0.0110305566748709
SERPINI2	0.0110290013345118
VAPB	-0.0110283196201899
PLD3	0.0110260560857943
KLHL21	0.0110258272349359
COQ2	0.011025791452111
HIST1H2APS4	-0.011023875175711
ADRB2	0.0110231778987787
ANKS1B	-0.011022367520648
DNAJA3	0.0110205156955585
DHPS	-0.0110201547229626
GLA	0.011019680990896
DCP1A	-0.0110196156421085
CCR1	0.0110195529439761
WTAP	-0.0110185965403268
MED13	0.0110175532293687
SLC7A4	0.0110174174173989
FAM110B	-0.0110158744946785
TNR	-0.0110156051085587
SNAI1	-0.0110151114780834
SAMSN1	0.0110136404590123
RAP1A	-0.0110135837317461
FRY	0.0110128845947101
ALX1	-0.0110075880348052
PMM2	0.0110056937131542
RGL2	-0.0110053088749065
GPC3	0.0110041602558001
MBTPS2	0.0110030281604261
MARC1	0.0110028378554182
PBX3	-0.011002760056164
LGMN	0.0110015430666727
TDRD12	0.0110013686262235
CDC42BPA	0.0110013300552077
CPVL	0.0110009373910057
CPOX	0.0110001292967891
LPPR4	0.0109994702465504
HMGN3	0.0109976292627117
HIST1H2BI	-0.0109967504692659
SPEG	0.0109956063641562
HIST1H2AH	-0.0109943487126703
HLA-B	0.0109929107526948
BAHCC1	-0.0109920105500335
ZNF142	0.0109914887028768
OCLN	0.0109894396870977
PLEKHB1	-0.0109884984058112
FHL1	0.0109878956550281
HMCES	-0.0109878710752191
SNORA62	0.010987000556133
KLHL18	0.0109852082709936
UNC5B	0.0109838314402944
MET	0.0109835860863234
EGF	-0.0109832205058759
PFDN4	-0.0109827609170293
MST1	-0.0109824504112355
IFT122	-0.0109823095132859
GOLGA8B	0.010981153598023
CHST7	0.0109809806186018
MMP16	0.0109809020941444
GK2	0.010979565758557
E2F4	0.0109781477200809
MRS2	0.0109743245370901
WDR62	0.0109732022685692
ATP5J2-PTCD1	0.0109707409988834
PRSS3	-0.0109705521207846
SYT13	0.0109697570395619
VCAN	0.0109682257594001
RORB	0.0109669897873957
MANSC1	0.0109667805768269
LENEP	0.0109658792037949
PPFIA2	0.0109655012875742
PTDSS1	0.0109646636560077
MGRN1	0.0109642445569522
SLC6A10PB	0.0109634872185268
CPSF1	-0.0109622209300924
SMG9	-0.0109618484481609
DHFR	0.010960964937745
SYT2	0.0109608076856057
NSUN5	0.0109607954769469
EIF4G1	-0.01095930542787
FKBP11	0.0109579768356855
FAM127B	-0.0109575337814249
CHURC1-FNTB	-0.0109572508029788
JAK1	-0.0109565694650924
DTNB	0.0109563288839521
ZNF204P	0.0109543345822695
PAK1	0.0109540995660279
HCP5	0.0109539717968726
RBFA	0.0109519352098422
ATP6V1G2	-0.0109507637491848
DSTYK	0.0109507335876585
NCOR2	0.0109501035917
CD40	0.0109488341149093
DNAJA4	0.0109486336082373
KLHDC3	-0.01094781372129
FAM169A	0.0109470793394323
SUSD4	0.0109468226832738
NEDD4L	0.0109466426672811
CLCN6	0.0109457000619209
CECR1	-0.0109450971481006
TPD52L2	-0.0109443815505765
LRP4	0.0109438139245232
GULP1	0.0109435353883438
AGO4	-0.0109432288002076
FSCN1	-0.0109432248116617
ITPR3	0.0109419685847249
PPP1R2	-0.0109406245950091
CDH18	0.0109404694381319
RABGAP1	0.0109390515799483
HSPB11	-0.010938622494783
MPZL2	0.0109386212020098
PIEZO1	0.0109385869305007
ARL17B	0.0109383321991256
PSMA4	-0.0109376984162848
CCNJL	0.0109371396676705
TFB2M	0.0109367888164559
ACSBG1	0.0109362203280338
SNRPB	0.0109355306403348
CNN2	-0.0109353342063513
CBX6	0.0109352509419228
PTBP2	0.0109330302600705
IGHV3-73	0.0109329149326077
ASAP3	-0.010932617178111
ZNF532	0.0109315389797378
METTL17	0.0109312665652496
TSPAN4	0.0109305585972927
GNL3L	0.0109304568354999
RAPGEFL1	0.0109297310884713
KIAA1324	0.0109287378149462
TUFT1	-0.0109280788450673
PLXDC2	0.0109279423768438
UGT8	0.0109279110260918
ESPL1	0.0109266764652119
MKS1	-0.0109251515149269
MAP3K2	0.0109250653382052
RBM12B	0.0109232822040873
PCGF2	-0.0109228395441518
RAPGEF6	0.0109222876213195
POR	0.0109216128842759
HRASLS	0.0109210372805146
ZFYVE16	-0.0109208723401476
PSG7	0.0109202944107045
MOG	0.0109184646579598
SAMM50	-0.0109184000528209
MAP4K1	0.0109171951443686
SPECC1L	0.0109156101811746
SLC9A5	0.0109148527709476
C22orf46	0.0109148152726613
GUCA1A	0.0109128150955682
ISG20L2	0.0109123283491698
POU5F1	0.0109122113819917
PDP1	-0.0109115727554785
ICAM1	0.0109100386128794
GTPBP10	-0.0109093032800023
DNALI1	-0.0109090273616889
NSMCE4A	0.010908196595072
SLC4A7	0.0109078110093998
SPATA2L	-0.0109072193206876
ETV6	0.0109054195280634
TMEM209	0.0109051763400346
PTPN2	0.0109049267514462
SPSB1	-0.0109044559517551
AMIGO2	-0.0109017096383154
ATP12A	-0.0109012010325957
AR	0.0109004226002567
ST7	0.0108992136588103
PMPCA	0.0108988811105504
XIAP	-0.0108986641407335
PON1	0.0108981879407659
FUCA1	0.0108949807473277
PABPC4	0.0108946568638059
DDX10	0.0108938404726102
PWP2	0.0108926469999005
DLG1	-0.0108920129072086
LYZ	0.0108912762303023
CEP170	-0.0108896103187401
CAMTA1	-0.0108895011038854
HIST1H3F	-0.0108890386937244
SNORA6	0.01088843182449
SYNCRIP	0.0108878970969774
LDB2	0.0108869587757886
GLP1R	0.0108866505061318
KIAA0101	0.0108864214582862
TAC3	0.0108859060924317
NAA10	-0.0108846597374662
RPS27A	-0.0108837452048687
IQCE	-0.0108829339594748
ATG16L1	0.0108818642534758
TXLNG	0.01088161368039
SPATA1	-0.0108815019809881
CCNB1IP1	0.0108810805019017
METTL3	0.0108810536812783
CYP2R1	-0.0108809653104066
SLC37A1	0.0108800394917291
OAZ2	0.0108782974718198
NFYA	-0.0108759053844189
STXBP5L	0.0108751114386886
METTL7A	0.0108748847600055
AMD1	0.010874737458667
RIMS2	0.0108744834186905
PRSS23	0.0108743511587965
RALGDS	-0.0108739328572599
ZNF157	0.0108732133997652
SLC5A5	0.0108730114105881
SLC30A10	0.0108728805537681
MARK1	0.0108725782525184
MYO1E	0.0108719056173616
INPP5A	-0.0108713913122786
SEC31B	-0.0108710545243832
SLC7A5	-0.0108700577853776
GNA12	0.0108698737415202
DDB2	0.0108677248538546
MTHFD2	0.0108674240957584
ATN1	-0.0108673969414413
UNC13A	0.0108672646783642
KCNB1	-0.0108672614003121
COL6A3	0.0108662349576045
ZBTB24	0.010865779442107
CRYZL1	-0.0108654438812945
TUFM	0.0108646495471479
SLC4A10	0.0108645134381464
TAF5L	0.01086404548074
FAAH	0.0108637316288563
PRPS1	0.0108631107749915
COX4I1	0.0108628877065018
TIMM50	0.0108626720954996
NCLN	0.0108612586420826
OVGP1	0.0108593787862033
PLEKHM2	-0.0108591079424844
ATAD3B	0.0108581239027236
PRDX4	0.0108576222354418
KIAA0368	0.0108552515922776
EPHA3	0.0108548163062401
HPSE2	0.0108545308398019
TRADD	-0.0108527702971102
BCORL1	-0.01085210206406
MAK	0.0108519899646768
SLC7A1	0.0108519422463683
C10orf2	0.0108518604533602
KDM5D	-0.0108512543020354
IL12RB2	0.0108508884724207
CBLC	0.0108505247434475
ZBBX	-0.0108497832601214
PRR14L	0.0108496577347109
ERC2	0.010849416549409
FASTKD2	0.0108494162743163
ARIH2	0.010848905427145
ZMYM2	0.010847979936303
IL27RA	0.0108479597122326
RMND5B	0.0108470933553222
SNORA52	0.0108468293565909
ATIC	0.0108456311493627
CHRNA5	0.0108445574264062
SPTLC2	0.0108441127749444
EPM2A	0.0108436792393151
RAVER2	0.0108434749037959
USP32	0.010843471643748
RHOQ	0.0108431382215088
GOT2	0.0108414844102646
KATNB1	0.0108409270191967
GRAMD4	-0.0108397164110047
CTC1	-0.0108386078042211
PDZRN3	0.0108385501827798
RAB40A	-0.0108384585347488
TEX11	-0.0108372473833848
WSB1	-0.0108355668597149
GNPTAB	0.0108354345306294
TROAP	0.0108352082026439
SPINT1	0.0108346470962396
ZNF573	0.0108339039416121
TM9SF4	0.0108338234119119
DDX21	0.0108331480255705
MRPL49	-0.0108329263856482
LHCGR	0.0108324351099669
OR7C1	0.0108313045241548
NCAM1	-0.0108310115034686
XPNPEP3	0.0108308549453463
FRMPD1	0.0108304505050146
CCDC134	0.0108300196793935
SMCP	0.0108299089898738
KCND1	0.0108296923016381
PAX6	-0.0108285796606976
STX6	0.0108281252665538
FUS	0.0108280183810658
GBA	-0.0108270694282794
RPP40	0.0108268950511118
PLP1	0.010826409535665
MLPH	0.0108258544974821
LARS2	0.0108256207604473
CDK5RAP2	0.0108238688471127
ACACB	0.0108228841570639
SAV1	0.010820701771421
ACTR3B	0.0108199913472655
SLC22A1	-0.0108197105297985
NDUFAF3	-0.0108186693147776
ATRN	0.0108172857391339
PAK7	0.0108170706090783
SUV39H2	0.0108166672149549
GPRASP1	-0.0108163436865836
TM4SF1	0.0108151673303591
RPS14	0.0108144983422888
SPG20	-0.0108137715012182
ZNF862	-0.0108134754785773
ZNF721	0.0108131472900755
CLDN8	0.0108130471384514
AIM1	0.0108128643411362
POLD1	0.0108125600910544
CTNNA1	-0.0108121373411489
RORA	-0.0108120701239626
BRD9	0.0108117551221548
PDE5A	0.0108104847331235
LOC644172	0.0108100406654073
MEX3D	-0.0108092760005578
TTC1	-0.0108078324125071
ARL1	-0.0108074703268221
CSTB	-0.0108073396625383
TOP3B	0.0108046237850034
COL8A2	0.0108045974207511
ASTN2	0.0108045678502113
HIST1H1T	0.0108037303857046
RASA3	0.0108031007831355
SH3BGRL3	-0.0108027923338971
METTL1	0.0108002947169573
ABCB7	0.0107990848227184
DEC1	-0.0107989939129527
OSGEPL1	0.0107987720854917
PTPN1	-0.0107984728806099
MALT1	0.0107975718421065
BNIP3L	-0.0107961343403266
PTPRO	0.010794973570099
TPGS2	-0.0107945895457112
AKR1C2	0.0107941638715919
MT1H	0.010790556810131
CD2BP2	-0.0107898509900887
ADM	0.0107889187419264
HELLS	0.0107885694101718
CDH4	0.0107879840202211
GIMAP4	0.0107869301432564
PLCG1	-0.0107853424031241
SLC17A6	0.0107818414557953
CNIH4	0.010781696490894
ACSL1	0.0107802925998541
ARHGEF6	0.0107801327634745
GEM	0.0107801093801189
PARP2	-0.010779126350552
CARS	0.0107787380790441
DICER1	0.0107782230009487
VWA8	0.010776721590471
IFNGR2	-0.0107763735853495
FAM8A1	-0.010775144286411
MAP2K6	0.0107742910507679
CCBL1	0.0107728929499918
SLC35E1	0.0107723117858466
CWF19L1	-0.010772254269803
RPP30	0.010770981837386
NUP155	0.0107709692127051
ZNF215	0.0107701064078493
S100A7	0.0107697262063642
SERINC2	0.0107696635304377
EHD3	-0.0107679524688271
NOTCH2	0.0107676730697683
HK2	0.010766946716685
MRM1	0.0107668992342468
PTPRS	0.0107658849849644
TNFRSF10B	0.0107650579459421
CDADC1	-0.0107648429484898
SLC44A4	0.0107635341409086
SASH1	0.0107627581284713
DLGAP4	-0.0107622934669906
CYSLTR1	0.0107586780772157
MIPEP	0.0107586514979712
PTGER2	0.010758138219703
ANKRD10	0.010757911306178
ARHGAP26	0.0107573582843105
CAB39L	-0.0107558825669202
SCPEP1	0.0107558825151919
HLA-E	0.0107553883615664
GEMIN6	0.0107537744332752
HGD	-0.0107533917715322
PPAT	0.0107522563506465
KDM1A	0.0107521151105319
CIAPIN1	-0.0107518626924893
SULF1	0.0107516861911906
MPC1	0.0107510367446452
WDR6	0.0107502440014758
SLC9A1	0.0107498482640594
LZTS3	0.0107495541750305
PCDHGC3	0.0107463250666982
SLC4A4	0.0107456473831513
AMY2A	0.0107455731174701
GAGE1	0.0107449514210864
DDX39A	0.0107446120030346
ADRBK1	-0.0107442883845436
ZNF180	0.0107439454467532
MOGS	0.0107432289341696
ATF4	0.0107424908861469
NUPL1	0.0107421957146979
ASB8	-0.0107413809011427
PDLIM3	0.0107410963521211
OPCML	0.0107406165057543
WRN	0.0107396415544276
BMP6	0.0107377039823065
PAIP2B	0.0107361904474688
LPAR6	-0.0107359811863339
SLCO3A1	0.0107358485036
GRB14	0.0107339611605456
ABCC8	0.010733794801519
WDR18	-0.010733393374585
MNAT1	0.0107332471517858
LSM4	-0.0107320327739524
FAM120C	0.0107314516433689
N4BP1	-0.0107312759929861
LPPR3	-0.0107312190756533
SRP72	-0.0107304359609155
SNHG17	0.0107302275935175
LDLR	0.0107302217021211
BDKRB1	-0.0107287609599986
EDEM2	0.0107280289552642
UTP11L	-0.0107265181129142
CDT1	0.0107258242680183
METTL5	-0.010724029689589
RAB29	0.0107233068988392
ZNF225	-0.0107224057965683
COTL1	0.0107216237265197
P2RY10	0.010718418462476
SDR39U1	0.010717782607049
EMR2	0.010716801204306
PIGO	0.0107161394087141
GAA	0.0107157580850653
ATP10A	0.010715606059431
MPDZ	0.0107155228845156
LRRN2	-0.0107150721121671
TRAF3	0.0107148798957925
YARS2	-0.0107148133719469
CTPS1	0.0107147869133701
PPAP2B	0.0107145015501716
MORF4L1	-0.0107129689709485
KIF4A	-0.0107128568639779
E2F5	-0.0107119391631486
GGA1	-0.0107118442217815
MCM3	0.0107102928027596
PYGB	-0.010709766963044
STAMBP	-0.0107083690403439
PDZD8	0.0107070985855213
IQGAP2	0.0107068204854759
HSD17B6	0.0107065755020561
PPAP2C	0.0107060748712382
NACA2	-0.0107059883422223
VARS	0.0107056176385597
DOCK5	0.0107049932959208
B9D2	-0.0107048890518937
C2orf42	-0.0107047027280704
FBXL18	0.0107031842580337
HERC2P2	0.0107024851537595
TSNAX	-0.0107021068859371
BYSL	0.0106998586845674
PSMA7	-0.0106992989214184
RARB	-0.0106991029695535
SNORD34	0.0106969618107707
KAT7	0.0106969106841909
RPL10	-0.0106947810296186
RIMS3	0.0106947395063164
KIAA0319	0.0106938554480324
KCTD13	-0.0106929243651243
DGCR2	0.0106922256228739
B4GALT6	0.0106913596102054
AKIRIN1	0.010689418322486
FSD1	0.0106889177025485
ANP32C	-0.010688644181604
PER3	0.0106881392591519
CACNB2	0.0106879149130839
PAK1IP1	0.0106873943328027
MRPL44	-0.0106853047769733
IPO8	-0.0106852770824835
DOK5	0.0106847379658378
PRKAR2B	0.0106845079140643
FBXO11	-0.010684316596184
CDC37	0.0106839858820854
NDNF	0.0106835171237199
SDHAP1	0.0106830417085539
C3AR1	0.0106829607197995
BRSK2	0.0106822107719421
DCUN1D2	0.0106799257744299
SHC3	0.0106796286540691
NRN1	-0.0106789955894566
ANKRD28	0.0106762102397802
MMP25	0.0106760977057224
ACOT8	-0.0106753955061424
AQP4	0.0106751608022815
SS18L1	0.0106751337308284
CUL1	0.0106746696000454
ARID3A	-0.0106737242054032
TDRD3	-0.0106735115365999
PSG5	0.0106730380183565
UBL4A	-0.0106719715801365
C5orf45	0.0106701385892262
OPHN1	0.0106699449645444
CUTA	0.0106697974192817
AQR	0.0106692600359103
KEL	-0.0106687964674162
PELP1	0.010668127503381
RNASE6	0.0106678698436054
ANKHD1	0.0106675761988891
ENO3	-0.0106675099803257
CEP135	-0.0106671031373392
STK32B	0.0106651179020336
KLK7	0.0106642451867871
C2CD2	0.0106619252162903
RGS17	0.0106592592374713
DALRD3	-0.0106591924487939
CPSF4	0.0106586078507778
RRS1	0.0106584937109498
MELK	-0.0106580961332125
ADH1A	-0.010656576353277
CCNF	-0.0106564444165359
U2SURP	0.010656328348886
KLC1	-0.0106548928363886
RBM28	0.0106547404913629
MBTD1	0.0106536803358855
CLPP	-0.0106535736837622
PVRL3	0.0106531361420097
ATP2A3	0.0106525191298584
RRM2	-0.0106515618830405
GNGT1	0.0106508587352907
ZNF93	0.0106464808656196
SNORA48	0.0106464126116555
PAXIP1	0.010646239777764
BASP1	-0.0106447926517746
REEP1	0.0106442838659663
CCND1	0.0106437227490069
FERMT1	0.0106428697412616
PVRIG	-0.0106426179475927
XKR8	-0.0106420424716498
NFX1	0.0106418715241474
ZDHHC18	-0.0106411306212578
DAZ4	0.0106398370710247
IL33	-0.0106396221439433
SF3B3	-0.0106389258126422
EXOSC2	0.0106388241531734
HHIPL2	-0.0106384605929492
CP	0.0106379050059573
MIR21	0.0106372342888871
NFYC	-0.0106368302103726
GK	0.0106352113192871
ERP44	-0.010634197695381
PODXL	0.0106329072444566
NDUFS1	0.0106328376828482
CKMT1B	0.0106314697123779
CKMT1A	0.0106303325356686
ECM1	-0.0106300413821877
GTF3C1	0.0106289174521681
SORT1	0.0106279090042589
FADS2	0.0106274977733083
GARS	0.0106268574206175
FGFR1	0.0106263056712533
RASGRP1	-0.0106253894294702
NPR1	0.0106252497326671
DNA2	0.0106243599346323
UGCG	0.0106206851091318
LOC80154	0.0106199882256693
STK10	0.0106194215226745
CNTLN	0.0106192183879294
ADNP	-0.0106183418472361
GRM4	0.0106183263392629
NDRG4	-0.0106178365535335
DDR1	0.0106177192135328
EEF1A1	0.0106173642191958
ANKLE2	0.0106171169437605
CLCC1	0.0106163006453877
SLC8B1	0.0106161061552404
LRRC2	-0.0106150733636496
IDUA	0.0106147832033081
ZNF234	-0.010613518857965
SLFN12	0.0106134707194323
SCHIP1	0.0106130790540477
FOXRED2	0.0106107848578238
ELF2	-0.010610110552409
SWAP70	-0.0106099787760403
PLA2G4A	0.0106096563248245
LYRM4	0.0106092008227163
TTLL7	0.0106090289425592
TMEM177	0.0106087792349993
SFSWAP	0.0106082001590011
SPON1	0.0106070182025836
UBE2O	0.0106069800516678
TERF1	0.0106063070985517
COPS3	0.0106062063963988
AMIGO3	0.0106050667480794
NFRKB	0.0106050513268842
THOP1	0.01060428613561
KLHL25	0.0106038421119457
MT1E	0.0106034205163769
TMEM11	-0.0106032546039105
SNORA45A	0.0106024554566898
MTERF4	0.0106020416846146
ARL8B	-0.0106013972664718
KCNA1	0.0106003520080464
LARS	0.0105991738683843
ZNF428	-0.0105988258322924
PROM1	0.0105984487255047
ADCY9	0.0105983705914702
ROBO1	0.0105962204463076
MAGI1	0.0105957821016097
GALNT14	0.0105956692389112
SLC5A6	0.0105939751897774
PALM	-0.010593218000792
STARD5	0.0105927966320376
MBNL1	0.0105924864945874
DCAF11	-0.0105902740908545
NARS	-0.0105901971541168
COL11A1	0.0105901351784784
CEP57	0.0105898154044705
EGR1	0.0105894706304996
GOLGA3	-0.0105888119680036
ANKRD17	0.0105885727087126
LYPD1	-0.0105884281265768
PKMYT1	0.0105871776629666
PDCD10	-0.0105871610859627
CRTC3	-0.0105857913546168
ZNF212	0.0105853840405116
COPS7B	-0.0105851016655793
HIST1H2BH	-0.0105835763028256
ZNF813	-0.010583063876138
ITSN1	0.0105813061206193
IL1RL1	-0.0105805174666322
HIP1	0.0105801720711068
DEAF1	0.0105801649417889
BCL2L1	0.0105793893287215
ERCC6	-0.0105786496145717
FJX1	0.0105778058778558
AFG3L2	0.0105767560468836
PHGDH	0.0105756826323333
PASK	0.0105734213284842
MFSD10	0.0105720263043509
SUGP2	0.0105708540265516
DUT	0.0105706935582123
LAMC1	0.0105705459102668
VRK1	0.0105693943630614
CARHSP1	-0.010568793221112
TTN	0.0105669503924154
APLNR	-0.0105667720392055
GNL3	0.0105634333740321
IRS1	0.0105625874249731
SETMAR	0.0105623936204682
UBE2L6	0.0105620545169861
RPL27A	0.0105611841060401
ZNF75D	0.0105583049853571
XRCC2	0.0105573133846421
KIF13A	0.0105568968100144
LRRC37A4P	0.0105554812388055
PSAP	0.0105548000556571
CPD	-0.0105544564968291
NOTCH1	0.0105537936467464
NCAPH	0.0105518496208002
ACSM2A	0.0105513374999009
PROSER1	0.010550797905791
MYLK	0.0105498762106554
PIN4	-0.0105496577734001
SP3P	-0.0105494295712215
RUFY3	-0.0105490345536028
DHRS3	0.0105488651874834
SERPINA3	0.0105487867451038
ZNF35	0.0105483004502023
PPP3CA	0.0105465500571401
SNX27	-0.0105464625213432
SREBF1	0.010544528701082
RPS6KA5	0.010543110539141
DDX42	0.0105428321037888
RAMP2	0.0105427778474902
WDR33	0.010542136152904
CREB1	0.0105416465132016
CORO1B	-0.0105409296660902
IL1A	-0.0105402599767019
ITGA2B	0.0105399023850362
FBXO41	0.0105398866527863
ZNF106	0.0105391464096646
XPO6	0.0105387854729627
BUB1B	0.0105375790731405
GLYR1	-0.0105363001215833
PCDHB13	0.0105358564180497
ACKR2	-0.0105353613912473
FAM198B	0.010535265169132
RFX3	-0.0105346015099638
EP400	0.0105345873432891
TMEM47	0.0105342040772753
SCNN1G	0.0105321768856569
ZNF551	0.0105319036325085
RNASEH2B	0.0105315325317257
UIMC1	0.0105313179165337
HDLBP	0.0105305003421471
SNCA	0.0105304959998925
IGFBP4	0.0105293094966051
RMDN1	-0.0105291218204344
RABL3	-0.0105268263901997
EVC	-0.0105265432019368
CAMK2G	0.0105249820633467
HMOX2	-0.01052463909924
RAD1	0.0105242120610869
YIPF2	0.0105241823669632
ZNF84	0.0105241100840072
SEMA4D	0.0105238967138932
ZNF394	-0.0105237713717347
S100A14	-0.0105236599328868
TOMM7	-0.0105228543877406
PLXNB1	0.0105222376714211
MX2	0.0105198324698595
USP9X	0.0105198168797674
GLG1	0.0105169473663151
BTG1	0.010514104925325
HOPX	-0.0105131307143965
NYNRIN	-0.0105114388660879
IKZF2	0.010511415699107
ANAPC1	0.0105111968607832
MTSS1L	0.0105101329635375
TAF10	-0.0105096977246632
TAPBP	0.010508031707704
SOX13	0.0105073637282506
FGFR4	0.0105067368312466
ZNF764	-0.0105066357549598
ERO1LB	0.0105063316534615
PPP1R3D	-0.0105061495825198
SUMO4	-0.010505768137583
APOL2	0.0105051061601544
GUSB	0.0105027468108232
PEBP1	0.0105023917582647
NKTR	0.0105022447928604
COX7A2L	-0.0105004812992271
ASB7	-0.0104981393573024
TGFBR2	0.010497772693292
TOX	0.0104975381499552
GMDS	0.0104975090246191
LRP2	0.0104972827010573
DGKE	0.0104949946189886
IGSF1	0.01049482509646
HOOK1	0.0104930497196207
ITPK1	0.0104920649034709
ACHE	-0.0104913331241641
SIPA1L3	0.0104905920723396
SLC39A14	0.0104896924365322
NR4A2	0.0104892775160781
MCM2	0.0104891681311926
ILVBL	0.0104881180577809
THBS3	-0.0104880323334893
LAMB2	0.0104865969240279
FUT1	0.0104859888311265
SRPRB	0.0104855976649397
VPRBP	0.010485573320582
CLCN7	0.0104844167646818
CSPG4	0.0104833041321598
PSMD1	-0.0104813732783732
FAM98A	0.010481343626434
ZNF177	-0.0104797678994385
SYNE2	0.0104797573712744
TBC1D9B	-0.0104794024970975
RAI14	0.0104786817018578
CHRDL1	0.0104782311163059
TTLL4	0.0104781565478555
MMP26	0.0104766942340589
RPS24	0.0104764544619477
CDC27	-0.0104761510819755
TBC1D31	0.0104757193641826
GON4L	0.0104752382467273
TMEM161A	0.010474243101519
M6PR	0.0104724107383817
UPK3B	0.0104724039151159
SLC35G2	0.0104721533545586
UGP2	0.0104720702822069
ASPN	0.010471391816465
PSMB6	-0.0104713840803223
F2RL1	0.0104705063625369
FLAD1	0.0104702426363468
GNAO1	0.0104677772854119
RBM15	0.01046739146822
TMEM222	0.0104665997978415
SMO	0.01046467830977
SEL1L3	0.0104646635548634
MCM4	0.0104646562274245
KPNA2	0.0104641391688171
KDELR2	-0.0104638039336064
COPS7A	-0.0104630926569008
FOXN3	0.0104623122203105
DHRS11	0.0104619072961346
APOD	0.0104609218129075
ATP5S	0.0104590814255213
P2RX4	-0.0104590292212424
ANTXR1	0.010458143666059
ENPP1	0.0104574276497896
DHX8	-0.0104570791351208
PBX1	0.0104557561914267
CADPS	0.0104546099742634
B3GNTL1	0.0104514065190926
MT2A	0.0104511422228856
VEGFB	-0.0104494774288952
WDR78	-0.0104460908742921
OXA1L	0.0104459247371406
LOXL2	0.0104457235542667
BTAF1	0.0104451876087303
RBBP8	0.0104422163136413
TMEM147	0.0104414282380648
LARP1	0.0104413516638048
FAM49A	0.0104412567383152
FLT1	0.010440396417357
UTP20	0.0104386232628662
POT1	-0.0104374335541456
DYNC2H1	0.0104357656896574
PLTP	0.0104342266009998
PFKP	0.0104326816082112
CCHCR1	0.0104323961319811
SYT17	-0.0104322139480699
ZNF670	0.0104304412685956
TNIK	0.0104298695859488
WDR60	0.010427756333003
ORC6	-0.0104272656583225
CIT	0.0104271084070933
NUDT21	0.0104263856390074
MSMB	-0.0104263772871119
SCRT1	0.0104255513818597
SLTM	0.0104254002337123
NT5DC3	-0.0104249406574092
PLEKHG3	0.0104222731522165
CHGB	0.0104213269676852
CABP1	0.0104203029658669
NXF1	-0.0104202674695037
GID8	0.0104192881766638
FLJ42627	0.0104188828514568
ZNF688	-0.0104186752256026
PRMT3	0.0104185046855432
NPM1	0.0104174016838004
CDKL1	0.0104166371282053
CDYL	0.0104163210397534
TRIT1	0.0104159070361182
GFRA2	0.0104150468009214
ING4	-0.0104145073738703
TFR2	0.0104141015237052
IFNAR1	0.0104139782516681
B2M	0.0104139081882569
CNPPD1	-0.0104137275663089
OSBPL1A	0.0104118955089218
SSR4	-0.0104111567845877
STAC	0.0104106597056402
QSER1	0.010410318169916
PPIE	-0.0104100467549576
EEF1G	-0.0104092138569167
PGAP2	0.010409086945398
MYCBP2	0.0104089889964484
ADPRM	0.0104086518679146
MTA1	0.0104084687943747
NHLH2	0.0104081999882093
HTR7P1	0.0104062372468311
LAMC2	0.0104056571380197
METTL2A	0.0104044088249389
ARG2	0.0104043330813009
CHGA	0.0104039058767686
DKC1	0.0104032457069047
GRK5	0.0104030168027714
KDM4A	0.010402095454841
LRBA	-0.0104018946389391
GHR	-0.0104010254619239
ATP7B	0.0104004688970804
ASPH	0.0103999631246719
CST2	-0.0103985868948526
XDH	0.0103978735158024
RPS3A	0.0103966810181488
C19orf53	-0.0103951988129499
MLH1	-0.0103933965317678
MEMO1	-0.0103933269380386
ABI2	0.0103916594092391
CNR1	-0.0103906593862222
FGGY	0.0103903753425367
CELA3A	-0.0103895603201533
MTCH2	0.0103868227449772
TPRKB	-0.0103867721053475
RALY	-0.0103861885589152
ZNF264	-0.0103861010128447
ZNF528	-0.0103854107138801
NPC1L1	-0.010384036356035
MTF2	0.0103835722708574
MT1X	0.0103831912703311
HTR2A	0.0103828341008256
RASGRF1	0.0103826159158069
PLAUR	0.0103821385093914
ZNF117	-0.0103819099675238
TCF7L1	0.0103809774577883
HEXA-AS1	-0.0103795541986063
EFNB2	0.0103773283771003
DVL3	-0.0103772691193186
CACNA1C	0.0103767552415701
ENPP2	0.0103757728589822
RPA4	-0.0103754694247489
ATP13A1	0.0103752644356438
LRP1	0.0103752391563785
GRIA4	0.0103750398405002
RRP1B	0.0103747334999817
KPNB1	0.010374426893788
TFRC	-0.0103740433254187
MFSD6	0.0103724648806256
MYH6	-0.0103724316218487
CCDC86	0.0103724026601376
C1orf50	-0.0103719601962081
REEP5	0.0103680195185147
ST14	0.0103671046013463
DIDO1	0.0103670944770667
MKL1	0.0103668667051374
SLIRP	0.0103665717582165
CACNA1D	0.0103662659957778
WDFY3	-0.0103651228387989
GTPBP4	0.0103648377208638
IGFLR1	0.0103646574842111
SUZ12	0.0103636343655566
SNORD57	0.0103635533778183
PKD2	0.0103632789261994
PRPS1L1	0.0103623581964561
TTC19	0.0103619427194643
SLC2A4	0.0103618389036892
ECEL1	0.0103607796792846
ARMC6	0.0103598576917196
AP3M2	0.010358424912252
SNORD55	0.0103565885532102
HNRNPA3P1	-0.0103554810015072
NUFIP1	0.0103538236986303
NIP7	0.0103537293115467
PLA2G2A	0.0103526692873732
ISG15	-0.0103524622400638
UNC119	0.0103517178917075
CYB5A	0.0103507487285498
TRAPPC9	-0.0103505366978463
MTR	0.0103505201395287
NT5E	0.0103496022833187
RPL23	0.0103490976893859
DOT1L	0.0103478890764682
ADAT1	0.0103471112265816
FANCA	0.0103466180012633
C21orf91	-0.0103465850408704
SRD5A1	0.010344574497553
CELA3B	-0.0103441743588072
SEC14L4	0.0103437288060709
AUP1	0.010342723276091
FBXW12	0.0103425587857135
PRKCE	0.0103422537874917
PDGFA	0.0103418919853434
THUMPD2	0.0103414814472055
RPL32	0.0103393657147816
UCP3	-0.0103388189934773
BAD	-0.0103382699159062
ASPM	0.0103382152564018
ZDHHC7	-0.0103381520662333
MYLIP	0.0103377569539942
ADCK3	0.0103373506076428
SLC19A2	0.0103362887142184
LOC100506571	0.0103356726012112
TRMT112	-0.0103345774888776
KRT75	0.0103342803438876
DOCK9	0.0103339471905509
RPGRIP1	0.0103323693262429
TESK2	0.0103313766009965
SCN5A	0.0103312162355759
CRYL1	-0.01033065976026
MAPKBP1	0.0103301239725126
IPCEF1	-0.0103283130114438
CNTN1	0.0103279471842435
MT1F	0.0103271184845137
PTPRJ	-0.0103269871791558
RASGRP2	0.0103267793407342
PELI2	0.0103250094267058
CNPY2	0.0103238441482581
DPY19L4	-0.0103233547126123
IVD	0.0103230121391717
CDCP1	0.0103228363631665
SRSF7	0.010322057945358
CA12	0.0103219267655962
NDST2	0.0103215424643155
DDB1	-0.0103213026998189
TMCO1	-0.0103206415773775
SGCE	-0.0103194075346015
CASC5	-0.0103193274449247
NEK9	-0.0103192281474855
CD200	0.0103183214127841
GPR21	0.0103166708343833
UNC93B1	-0.0103154400199789
NUMA1	-0.0103136244738665
CCDC121	-0.010311820801521
PCYOX1	-0.0103108862037586
ZSCAN26	-0.0103096748968357
TULP2	0.0103087323712362
QSOX1	0.0103074810515636
KCNMB1	0.01030634283218
BCL6	0.0103054751942722
POLR1B	0.0103045265528289
APOE	-0.0103037736586244
TLR1	0.010303762536832
APMAP	0.010303671069372
BMPR1A	0.0103028606029096
SSBP2	0.010302730742154
FGFR2	0.0103024733507909
DCHS2	0.0103019909180233
SPCS1	0.010301166216992
CHM	-0.0102995278527092
DOPEY2	0.0102975513474914
CD9	0.0102972255855055
NOS2	0.0102941827371726
DDOST	0.0102923486669186
SRSF1	0.0102900041339607
DAZAP1	0.0102894006455272
OSGIN1	-0.0102872310939259
ALOX12P2	0.0102848835769441
AHCY	0.0102841283004221
SORBS1	0.0102827121783208
GRTP1	0.0102823901517826
DDX17	-0.0102819320856549
ITGB1BP1	-0.0102816601289665
ZNF587B	0.0102816001177663
CDS1	0.0102803344550861
WDR59	0.0102799648999349
ZNF146	0.0102787110841412
NMI	0.0102784902090307
GPATCH8	0.0102780889333646
DCAF13	0.0102772518854354
S100A1	0.0102769244777717
TRAT1	0.0102768825485807
PLS3	0.0102761976522139
NRIP3	0.0102755967412928
HSPA12A	-0.0102751518237751
PRUNE2	0.0102738202030858
CYBRD1	0.0102736286536243
SETD5	0.010273173437772
FBP1	0.0102729176281731
SNCB	0.0102710972771029
SMARCC1	0.0102709631257843
TLE1	0.0102708183738508
RBBP7	0.010270430744899
STAMBPL1	0.0102697313591926
BMPR1B	-0.0102696311138274
CEBPZ	0.0102695414698595
KCTD20	0.0102694699900373
NUS1	0.0102680032632531
MIER2	-0.0102667446239123
CCDC47	0.0102666892449976
DNAJC28	0.0102650176882197
CDC7	0.0102648236896428
CCDC59	-0.0102623929062876
PGGT1B	0.0102620884104781
DENND4B	0.0102618025023599
KLRC1	-0.0102616566967822
CXCL12	0.010260794495667
STAT5B	0.0102607497624222
SYK	0.0102606768530249
SNORA1	0.0102603020769766
NCBP1	-0.0102596943613738
ARHGEF26	0.0102588325937032
SLC35C2	0.0102587403861062
DHX35	0.0102564656151985
AZIN1	0.0102555642462854
RENBP	0.0102554746597651
LTA4H	0.0102551173328896
RPS6KA1	0.0102546810025464
NDUFAF4	0.0102536182671614
TRIM66	0.010250479557211
KIR2DS5	-0.0102501347237789
TMEM184B	0.0102484228507599
HNF1A	-0.010248416073266
CTGF	0.0102475900540943
HOOK2	0.0102471563044075
CD177	-0.0102470715279044
LARGE	0.0102459925637632
DNAJB5	-0.0102441802149021
PRRG1	0.0102435429139824
CBS	0.0102421391457744
TPT1	0.0102408230288466
DAGLA	0.0102396517002414
LRRC8D	0.0102394595804675
BRF2	0.0102375860088494
KIDINS220	-0.0102374273079908
CCNL2	0.0102354511959085
SNORA21	0.0102353384309446
SDF4	0.0102349086528064
KLHL36	-0.0102334338852568
GABBR1	0.0102332235231541
TGFBI	0.0102331654377802
AP1M2	0.0102319732318729
ABCG1	0.0102318949393346
TRA2A	0.0102316335530801
EIF3B	0.0102309288278006
SOD2	0.01022967735181
SLC12A9	0.0102294255458075
OR7E14P	0.0102290545851363
RBM14	0.0102267157750196
HNF4A	-0.0102267108075842
AMY2B	0.0102260554342777
NRDE2	0.0102260126001462
NAG18	0.0102252759284993
PHKG2	0.0102249981919164
MUM1	0.0102237300877048
ESF1	0.0102236541108286
LIPT1	-0.0102235909303445
AAAS	-0.0102223122368022
PLCL2	0.0102213686586402
SSR3	-0.0102202020246397
MYL6B	-0.010217630846284
FAM64A	0.0102175536598553
ASMT	0.010217363455588
IER2	0.0102172735291198
TMEM168	0.0102164090344945
FBL	0.0102154603057825
ETNPPL	-0.0102148816486659
TTC17	0.0102129560672714
SMC6	0.0102128045908459
PLXNB2	0.0102120478051928
BCR	0.0102120381397468
GPR143	0.0102118843549358
SLC15A1	0.0102107300635859
RBM41	0.0102104400024001
VKORC1	0.0102100827537314
HSPA9	0.0102097203015414
SRD5A3	0.010208801345008
HIP1R	-0.0102087851598314
ORC3	0.0102086998775488
TRHDE	0.0102082680359261
OGN	0.0102081238720733
TRMU	0.0102068677317364
EHBP1	0.0102049385317064
CDK5	-0.0102042026660102
PNISR	0.0102040728038381
STAT3	0.0102033884811652
PHB2	0.0102031643407131
CCDC51	0.0102016507279519
DLG5	-0.0102013313445253
P2RX5	0.0101988616096428
ZFC3H1	-0.0101987780723648
NOP56	0.0101977619447991
JAG1	0.0101976133769488
PVR	0.0101972317894843
NAAA	0.010196107591526
LUM	0.0101959210151816
MAEA	-0.010195841938338
INSR	0.0101954040465853
DIO2	-0.010194834302398
TPCN1	0.0101948075062761
PRRC2C	0.010194425584261
AGPAT5	0.0101935029902612
CR1	0.0101933492002207
HEATR2	0.0101929763078498
C11orf63	-0.0101927886508633
LETM1	0.0101919993814186
NOL11	0.0101919407322052
RABGAP1L	0.0101907244454729
MARC2	0.0101904434437313
MEA1	-0.0101896115980265
LRIT1	-0.0101890008727994
NFE2L3	0.0101889746241259
LRP3	0.0101886803002495
ABR	-0.0101883851015525
RNF13	0.0101873388944574
MAFG	-0.0101855352482856
TRH	-0.0101847099900328
P2RY13	0.0101846538003268
SIRT1	0.0101837494144028
CCNB1	-0.0101832313150671
MAN2A1	0.0101820210491826
CBX7	-0.0101807568434805
DHRS12	0.010180677877848
PSMB9	0.0101806014654674
CKLF	0.0101803675321223
PNLIP	0.0101787239459112
ZNF155	-0.0101767164246963
BAHD1	0.0101760355165657
TEX2	0.0101735937830789
RAB13	0.0101734779273758
PAX8	-0.0101718964294729
PCDHB12	0.0101715778155616
SCAF4	0.0101710973019754
STK17B	0.0101699610446647
LPCAT3	0.0101689383568271
ERBB2	0.0101655990658122
TLR2	0.0101654887032741
TCERG1	0.010164104862413
LBX1	-0.0101637140758752
SYPL1	-0.0101630060366015
HAT1	-0.0101628965202347
MTRR	0.0101625361280233
ELK4	0.0101591776365923
DDX46	0.0101590274092728
G6PC3	0.0101565531249057
HSF2BP	0.0101560832295894
SNORD116-22	0.0101549234279586
PLA2G4C	0.0101548664216135
LPHN3	-0.0101504147856454
HEBP1	0.0101501174375576
CEP83	0.0101479625741694
GNG12	0.0101443001564885
CD19	0.0101423627359244
RUSC2	-0.0101422149106299
LDHC	0.0101420011403334
EEF1E1	0.010139939622973
KCNN1	0.0101395302496544
DESI2	0.0101392028756772
PALB2	0.010138877878451
COASY	-0.01013505869962
ECSIT	0.0101349919047275
SNX5	0.0101339411541023
TUB	0.0101337135233573
KCNJ3	-0.0101325684943646
ELOVL5	0.0101324965890262
XPC	-0.0101317783854281
PLEK2	-0.0101307288293508
PRSS8	0.010129293762794
NUDT9	0.0101286146565076
PTPRN2	0.0101260265417774
HIVEP1	0.0101239666172363
AREL1	0.0101233065634863
GPR87	0.010123276273204
SKA1	-0.0101232100924534
IL4R	0.0101227714998649
PLEKHA5	0.0101227408475276
DUS2	0.0101226832984142
PIK3C2A	0.0101226817332749
PCSK5	0.0101222941709633
HES1	-0.0101219650987497
ODF1	0.0101204101373004
ALG3	0.0101202036847665
SFTPA1	0.0101195216383299
PABPC1	0.0101190981366935
PRODH	0.0101190972380383
BCLAF1	0.0101190118101831
CAPG	-0.0101189739090472
TARS	0.0101186451908178
IFNW1	0.0101184913787452
USP36	0.0101179309514654
ZAP70	-0.0101179244957246
METTL22	0.0101152369058707
RPS21	0.0101147565235707
CTLA4	0.0101125422261773
ZNF292	0.0101116984629163
MEST	0.0101112042435703
DACT1	-0.0101110779755912
FAT1	0.0101096159593012
ARMCX4	0.0101092755060308
TUBGCP4	0.0101072921379152
DIMT1	0.0101067174055255
POLE3	0.0101061034406924
CAMKMT	0.0101056623675277
QTRTD1	0.0101048922692321
VSIG10	0.0101043877292899
ELAC2	0.0101014754422521
DPYSL2	0.0101014082698461
OTUD7B	0.0101012708746748
GOLGA2P5	0.0101012338891558
NPIPA3	0.0101009751744063
FAM208B	0.0100977760166365
UGT2B15	0.0100977111070744
KIAA1644	0.0100973013293631
PAPSS2	0.0100965958386296
MAPKAPK5-AS1	0.0100957878843579
TACC1	0.0100951690458803
CACNA1B	0.0100943456120514
CYP7A1	0.0100940502702078
RNF208	-0.0100939018914791
PCDHB1	0.0100923470996366
REPS1	0.0100919529689963
SIX5	-0.0100913166631883
TOX3	0.0100910779503578
MID1	0.010089566286798
THAP11	0.0100882001727057
PGAM2	0.0100881822620662
TINAGL1	0.0100880973583073
KIAA0100	0.010087977609794
HYAL2	0.0100868063639782
FLRT1	0.0100856956747209
NFATC3	0.0100833680012452
COX10	0.0100781916650363
CCDC64	0.0100763390898815
SNORD21	0.0100753594019209
TGDS	-0.0100737123252233
GALNT3	0.010073121855577
GPN3	-0.0100709353881922
DEPDC1	0.0100703641191377
POLL	-0.0100700343421092
DPP4	0.0100674993651396
TMEM243	0.0100674301077262
RBM47	0.0100668258385963
SPINK5	0.0100664794844625
ZNF804A	-0.0100653820507363
KRTAP1-1	-0.0100646341557094
CRISP1	0.0100646027238583
PUS3	0.0100637519693129
PIBF1	-0.0100636899265256
CALCRL	0.0100628438503398
EFNA2	-0.0100622472071186
ATG2B	0.0100620743980577
SLC38A2	0.0100620086976795
HLA-A	0.0100616058809185
PDE8B	0.0100613724410963
CCBL2	0.0100610853041739
LHFP	0.0100608225218379
RASSF4	0.0100607881815594
DAXX	0.0100607477410529
POLR2J3	0.0100604149439876
NPIPB5	0.010059734799194
SEC24D	0.010059143238967
ASS1	0.0100589873154803
BMS1	0.0100589491535911
IFI6	0.0100588527491334
FZD7	0.0100588284853732
SGTA	-0.0100587658226008
GCDH	0.0100570895182731
NUP85	0.0100569940120397
PRDM16	-0.0100567806722875
PSD4	-0.010056324674756
TEX30	-0.0100558312627044
STX10	0.0100557286068916
EFNB3	0.0100551603765538
RAB20	-0.010054815319575
FUT4	0.0100546748716219
HEATR1	0.0100540702751539
SCN11A	-0.0100533882649588
PLAC1	0.0100531498582446
EMILIN2	-0.0100515565444288
NCALD	0.0100501615437348
MMP12	0.0100498153730159
NPBWR2	-0.0100496355834664
BPTF	0.0100485950215182
FTSJ3	0.0100477095964677
TMEM62	-0.0100468480792969
MRPS16	0.0100447242185665
MLLT10	-0.0100444862002421
MAGED4	-0.0100439286864217
PYCARD	0.0100429666805909
USP25	0.0100410595338731
SLC34A1	-0.0100408976471445
N4BP3	0.0100397417732642
TTC27	0.0100391818223556
LRRN3	0.0100389460539312
PIWIL2	0.0100375979145072
TPO	0.0100359470478724
RBM3	0.0100357938897754
CUL2	-0.0100355804215859
MPP1	0.0100352837705916
SLC5A12	0.0100345892594812
PEX3	0.0100341728268452
DUS4L	0.0100340014150327
RAB8B	0.0100310863751387
GPR183	0.0100273437706135
KIF2C	0.010025900339357
ELF5	0.0100236121415895
SMAD3	0.0100224609011759
LMO3	0.0100219829306401
KLHDC4	0.010021005794596
PIAS3	-0.010020980335427
RPE65	0.0100209146392075
SLC12A2	0.0100208149882988
ZNF202	0.0100197142324308
HIPK1	-0.0100187332201051
KCNC4	-0.0100181203755063
ETHE1	0.0100173966444134
RNF219	0.010016449578144
HNRNPUL1	-0.0100160897115072
ACACA	0.0100148802274669
MRPL16	0.0100147096880186
CCDC82	0.0100137973310271
GSTA3	-0.0100131954267831
MFN2	0.0100126449941933
SOCS5	0.0100125698368468
PPM1D	-0.0100118939083813
PAM	0.0100110559028095
SNRPA1	0.0100097765675195
MAPKAPK5	0.0100092094243165
TECTA	-0.0100082850515088
C5orf42	-0.0100078417263065
GLRX2	-0.0100063637366146
RAB3GAP2	0.0100061607429506
KCNV1	-0.0100059166485987
ALG6	0.0100056747323171
HTATIP2	-0.0100048033258508
C6orf47	0.010004278469487
MRPS10	-0.0100035078153704
POLRMT	0.0100031217129004
ICA1	0.0100024158668227
RANBP6	0.010002273452398
CCL27	0.0100020224687877
IDI2-AS1	0.0100015865437327
FAM149A	0.00999871188662735
EIF4ENIF1	-0.0099970159995232
LINC00597	0.00999690574181369
IQSEC2	0.00999680324643413
TTTY9A	0.00999592816837023
CHMP4A	-0.00999480346590604
UBAP2L	0.00999464271335427
SEC63	0.00999463125231287
TNFRSF1B	0.00999287992376592
OR10H3	0.00999260155299999
ATP2C2	0.00999192413749448
SHMT1	0.00999124315846491
TCOF1	0.00999120495084595
SLC20A1	0.00999042839719011
APITD1-CORT	-0.00999037671008655
RLF	-0.00998864988576141
TMEM30B	0.00998790215840222
PP13	-0.00998772804780583
NPIPB6	0.00998698654827942
ACSL6	0.00998645137430962
C14orf105	0.0099863095910449
EFS	-0.00998487923697497
KCNK5	0.00998476570751006
TMEM35	0.00998449418056171
TMEM104	0.00998379578701974
GLE1	-0.00998256032568358
GMNN	0.00998211296781496
UNC45A	-0.00997968230286386
VTCN1	0.00997893417796197
RPIA	0.00997849074629051
TCEA2	-0.00997685773838953
DEPDC5	0.00997674159893988
RXRA	-0.00997647360145669
ITGB1BP2	0.00997573448771177
HPSE	0.00997556857054653
CDH1	0.00997490143240536
SPINK1	0.00997378652503425
GABRA6	-0.00997376773136635
UTP18	0.0099729596943807
EMC1	0.00997199471962611
CLDN17	0.00997166822985481
TGFBR1	-0.00997099642039419
MTRF1	0.00997058341498225
NABP1	-0.00996896344081914
PTH	0.00996838043505426
KIF2A	0.00996729444619372
SORL1	0.00996681465603696
CTSA	0.00996617915148119
RAD54L2	-0.00996580981893595
SH3TC2	-0.00996475280628041
ATP9B	0.00996471993675261
ADRA2A	0.0099622281359266
PALLD	0.00996138723614877
RIMBP2	-0.00995983236604166
TRPV1	0.00995904613670285
TIMELESS	0.00995761986697259
ZNF271	-0.00995756692983302
STEAP1	0.00995615266412452
CLDN4	0.00995589281887936
HMBS	0.00995530612736343
HIST1H4G	-0.00995455951788033
PKD1P1	0.00995264156552964
TDRD1	0.00995145169105894
ZSCAN9	-0.00995012499361592
MRAS	-0.00994842072774291
CLCN4	0.00994687751244412
NFATC4	0.00994680357601239
ALDH18A1	0.00994627846918539
TLR3	0.00994550289257077
ABCB1	0.00994369653106494
PAQR3	0.00994207835897371
MAGOHB	0.0099407417057089
MNX1	-0.00994072319288841
TONSL	0.00993973085764676
ARFGEF1	0.00993880895781305
DENND1A	0.0099386618594669
HSPBAP1	0.00993740194075296
ATRAID	0.00993738430577618
NASP	0.00993697371087024
NUP43	-0.00993676012737967
ERBB3	0.00993667259932362
SCAF8	0.00993657580231799
GTF2F1	-0.00993639709008441
MYB	0.00993614747756245
AUNIP	0.00993449971057387
MFSD2B	0.00993351853071072
SEPHS1	0.00993222176973221
HCRP1	0.00993201372225884
BBS9	0.00993136523799585
ANG	-0.00993059165077133
DHX15	0.00992880930081331
MAP7	0.00992802627421473
NDUFV2	0.00992666049175751
SNORA68	0.00992620147256244
EPM2AIP1	0.00992608664389211
SNORA70	0.00992575582797606
KMT2A	0.00992570513444816
DFFB	0.00992547718926413
SIGMAR1	0.00992266776663575
EIF3M	0.00992153763838904
GEMIN2	-0.009921472850541
MAT2A	0.00992069353541558
ARMC8	0.00991951886133594
ANGEL1	0.00991918670481446
MX1	0.00991762366209246
DBF4B	0.0099173524801941
MCAM	-0.00991643973344669
NADK	0.00991539518983827
TMEM208	0.00991529455073826
ERCC3	0.00991448511423469
SETD6	0.00991331911451038
EVX1	-0.00991272774436436
RIPK2	0.00991168138819027
MKI67	0.00991123359156546
CECR5	0.00990890662951688
SNORA8	0.00990818972821594
CST4	0.00990656281956376
CAPN11	0.00990593698965915
CENPO	0.00990523152730603
BID	0.00990478032661461
LIN37	-0.00990290848763979
SNORA41	0.00990212688327124
DPH2	0.00990125021524058
TCEB3B	-0.00989912081463939
CKMT2	0.00989799098937888
PRNP	0.00989661408524288
MICA	0.00989544809894698
ASAP2	0.00989518840626743
NUP98	0.00989484332712125
STIP1	-0.00989448665584776
FHL2	0.00989413850776012
PTH2R	0.00989326550804768
MARCKSL1	-0.00989194831949139
HCG4	0.00989121954581625
MRPS33	-0.00988842587803354
TLK1	0.00988780939612794
PRPF18	-0.00988768767709688
WWP2	-0.0098861183122408
ZNF232	-0.00988577929096447
ADCK2	-0.009885447801587
LIAS	0.00988472323437651
EXD2	-0.00988409757791487
TUBBP5	-0.00988289809507842
PNPO	-0.0098816287510585
TMX1	0.00988141369762831
DYNC1H1	0.00988064838826064
NAGPA	0.00988052857427697
OVOL3	0.00988052082096569
SNRNP35	-0.0098798815200767
GNA14	0.00987955106792843
LRPPRC	0.00987872188245148
RPS26	0.00987812770769663
SYNPO	-0.00987731695287797
PPAP2A	0.00987719862850055
KBTBD11	-0.00987599070806547
QARS	0.00987583862290018
PLS1	0.00987576267449531
RAD51AP1	0.00987565671315128
AKAP1	0.00987522685909759
HLA-DPB1	0.00987518439641836
CMAHP	0.00987492999772787
CCNB2	-0.00987473571354782
UBR4	0.00987472560781814
LEPR	-0.00987380560142167
FOXK2	0.00987378802223266
SMG1	0.0098717771872468
PSD3	0.00987056896901447
ATP6V0A1	0.00986986145802686
SCIN	0.00986984024342757
SLC27A2	0.00986979045470992
SPATA31A3	0.00986970836139094
ATR	0.00986895858597258
TRIM62	0.00986872135096207
ZC4H2	0.00986869149838437
DNAH7	0.00986804297718255
DLEU1	0.00986780133520468
RND3	0.0098677515301278
KIFC1	-0.00986737282994303
STX3	-0.00986710707834196
TRAPPC10	0.00986693205181506
POU5F1P3	0.00986579178135833
ALG11	0.00986470325472058
NOX3	0.00986359025911602
GOLGA2	0.00986190457530338
OR7E37P	0.00986145164687353
FBXW11	0.00986089015960835
THYN1	0.00986022917105923
CCDC25	0.00985841562348723
SLC31A1	0.00985569188629216
WDR46	0.00985511088431599
DLL3	0.00985490497158739
RNF167	0.00985482472312765
FBXO21	0.0098546311320216
ZNF785	0.00985355732283838
HSPB8	-0.00985245437880727
TCEB2	-0.00985230129122127
TOP3A	0.00985107589583708
APOBEC3B	0.00984907587203484
POMZP3	0.00984885377572368
TPX2	-0.00984834338576557
DAG1	0.00984799280052172
ICE1	0.00984771545025627
ALOX12B	-0.0098469519242041
PNN	0.00984619989887972
MCF2L	0.00984566754743338
PLEKHO2	0.00984564536741409
ZFP36L2	0.00984450082702669
AHCTF1	0.00984255540741377
MCOLN1	0.0098417284224676
MATN2	0.00984137217207282
TREH	-0.00984023348825423
FNDC4	0.00983916013774074
GTPBP1	-0.00983755928582526
CDC34	-0.0098372578485699
PLEKHA1	0.00983662574250007
RAE1	-0.00983661017580166
MSRA	0.00983369062456224
SNORA67	0.00983170482825718
NDUFB11	-0.00983000211684194
PPM1B	0.00982899664872816
SELT	0.00982839613329696
MORC3	-0.00982826766548265
ARGLU1	0.00982756506692595
ZFP36	-0.00982692670285756
COPS2	0.00982666716401909
NIPAL3	0.00982644110751434
TRPM8	0.00982622110967653
MT1HL1	0.009825332880354
KIF26B	-0.00982517561007908
SLC38A3	0.00982396027689469
KCTD3	0.00982382166673093
C4BPA	-0.00982208650227405
SURF2	0.0098218324607097
CAAP1	0.00982164854315418
TAOK1	-0.00982089441190454
KLKB1	0.0098205038486023
CLDN3	0.0098199226640308
ABCA6	0.00981985327221673
APBB1	-0.00981721228011456
VLDLR	-0.00981691970636582
HSD11B2	0.00981663649425315
LOC81691	0.00981660632251116
TROVE2	0.00981637929648015
ZNHIT1	-0.00981555086180342
TEX264	-0.00981527004143366
SND1-IT1	0.00981435641818436
CRYBB2P1	0.0098125884468024
GMEB2	-0.00981199027388424
CYP2F1	0.00981192163091114
AUTS2	0.00981032277146108
PXDC1	-0.0098102089107087
SCN1B	-0.00980780098544885
IQSEC1	0.00980707781904035
BFAR	0.0098061496549435
KCNJ14	0.00980526275713738
ABCF1	0.00980319026747708
SLC20A2	0.00980206307685991
SLC26A4	-0.00980176132918531
TTLL12	0.00980130999275691
F8A2	-0.00979986536472415
SIRPAP1	0.00979912238130025
PTP4A1	0.00979819734336871
FAM136A	-0.00979620486016112
MRPL42	0.0097954880073248
NOC3L	0.00979432874692707
RTCB	-0.00979419674890817
BOLA2	0.00979399891463828
LIPA	0.00979292492544527
TAF1C	0.00979292389266515
PLA2G1B	0.00979245266530863
CCDC176	-0.00979204279108475
LAG3	0.00979152637208339
CDCA3	-0.00978995818458685
C12orf4	-0.00978983697263166
ERP29	0.00978902047542571
GPC1	-0.00978895654472693
EIF3A	0.00978885959303616
EXPH5	0.00978876525920853
TFAP2C	0.0097886378063447
PTRH2	0.00978765627845658
FKBP15	-0.00978521898430061
IPO5	0.00978444274979889
STOM	0.00978387850456864
GAPDHS	0.00978282757298095
CLC	0.00978184777615357
CAV1	-0.00978140308238246
TGIF2	-0.00978028751736382
PXMP2	-0.00977996847462355
IL22	0.00977865933050699
KLF15	0.00977598102896467
EIF2S1	-0.00977581465882025
PRG2	0.00977569929356513
MPHOSPH10	-0.0097755870788748
CCDC9	-0.00977400889903379
SUPT16H	0.00977283291203426
TRMT12	0.00977224822155858
ATP2A2	0.00977102492162154
GNL2	0.00977086447823751
GRAMD3	0.00977048657333175
ADIPOR2	-0.00976346265788685
ACTR8	-0.00976231835115576
PTGDR	0.00976104316205677
FRAT1	-0.00975935002130044
GPR1	0.00975909743357506
RPAIN	0.00975731959236368
PHB	0.009757080705464
SPSB3	-0.00975634407797387
PLEKHA2	0.00975392311454256
ZNF154	-0.00975379090561372
DNAJB6	0.00975309236864361
PRR15L	-0.00975234244185614
PPP2R3A	0.00975046536355691
CENPC	0.00975027134891729
LTB4R2	0.00974959633241194
MED27	-0.00974874928295463
MYH3	0.00974862694092641
KIZ	0.00974699300786873
SCP2	-0.00974618814969971
PLA2G12A	0.00974510542882042
SEC14L5	0.00974455215850729
KIR3DL2	0.00974359574485685
MGMT	-0.00974299853171067
PTRF	0.00974172275984774
PTMA	0.00974104862956313
MTCL1	0.00973987774781408
LONP1	0.0097394849629393
ENTPD2	-0.0097390905448093
PIK3R5	-0.00973680998188973
ITFG1	-0.00973607228099838
LPA	0.00973588313612672
PDSS2	0.00973540756491628
IGLL1	0.00973394876923044
RFC5	0.00973357151900946
RPP14	0.00973319090202695
RINT1	-0.00973303568435189
RBMX2	-0.00973185509359796
EXOSC5	0.0097284268849572
IL11RA	-0.00972724792995904
EGLN3	0.00972695975095937
SRPK1	0.00972682825097967
XYLT2	0.00972682646640889
CYP2B7P	0.00972637498871329
LRRC37BP1	0.00972637450303184
DTL	0.00972583009116959
SRSF8	0.00972487900643812
TFIP11	-0.00972472957072599
PLBD1	0.00972342456537719
SS18L2	0.00972321963004535
NFKBIL1	-0.00972295880276241
TNPO2	0.00972227585964286
NME1	0.00972186014663123
SNF8	-0.00972176281574144
FEM1B	0.00972132150738186
USO1	0.00971989102682651
TERT	0.00971842936139342
NET1	0.00971778689768756
PGAP3	0.00971635730368991
YEATS2	-0.00971622229213733
DPF2	-0.00971552852660075
ACP2	-0.00971365854816088
ICK	0.00971350217833215
RWDD2B	-0.0097131182262927
TOM1	-0.00971298247392473
CRYBA2	-0.00971230313445165
LGR4	0.00971200198107276
VCL	0.00971126874514913
RANBP17	0.00971039795549064
SEPW1	0.00971008416563905
GALNS	-0.00970916547589969
ELOVL1	-0.00970909764185523
EPHB2	0.00970906928845229
CHRNA3	0.00970895844204838
AGMAT	0.00970658814383262
SGMS1	0.00970517818789207
CDH19	0.0097051197103916
PRX	0.00970429291693565
SLC28A3	-0.00970379130510809
TIA1	-0.00970303673322405
EPB41L4B	0.00970214509211607
PMS2CL	0.00970189998983647
CCL5	-0.00970113278783407
COBL	0.00970047344190611
C7orf63	0.00969941437509483
STOML1	-0.00969801952182161
C6orf120	0.00969774650164026
HJURP	0.00969646178248021
MRPS34	0.00969555608226553
PPA1	0.00969514026127919
TIMP3	0.00969440642319751
FANCI	0.00969337467752117
CXCL13	-0.00969258500754549
MTSS1	-0.00969208204182302
MAN2C1	0.00968998197588835
TRIM33	0.00968922342097779
NAA16	0.00968893328963633
CALD1	-0.0096849094237784
CDC42EP1	-0.00968357324733871
TRAK2	-0.00968319545439864
ZNF767P	0.0096828915043309
NOP14	0.00968159037394505
EGFR	0.00967699844117505
FYCO1	0.00967660476466969
POLR3E	0.00967636362964486
UBE2V2	-0.00967611807144206
SMARCD2	-0.00967533286835592
CCNH	0.0096751795807579
IKBKE	0.00967409086092239
DNPEP	0.00967304556974573
CLPTM1	0.00966983546689816
ETNK1	-0.00966849791813319
WDR5B	-0.00966834769613287
PHEX	0.00966666350957021
PDGFD	0.00966602938385446
RCN3	0.00966550978801641
ULK1	-0.00966491943647878
CNIH1	0.00966238881082304
STX16	0.0096602131487553
KIF25-AS1	-0.00966018960375762
CHCHD3	0.00965948214871226
MRPS12	0.00965916698751731
LSS	-0.00965897239053796
UFM1	-0.00965685733914365
ERMP1	0.00965418036864682
RQCD1	0.00965363793360805
SOCS7	0.00965322562013103
LRRC42	-0.00965310445742754
SNORD5	0.00965293473797015
CCR5	0.00965184487078192
MYBPC2	0.00965162447441625
RRP7B	0.00965136136756757
ACBD4	0.00965038078979079
SPIDR	0.00965037397521112
ALOX5	0.00965005649546177
CXCL8	0.00964969368718078
LUC7L	0.00964957109304403
GCKR	0.00964834769925497
PMS1	0.00964675950655856
BRCC3	0.00964428082255488
IL12A	0.00964393041264634
ACAD8	0.00964364929771382
MRPS28	0.00964311768106572
SCD	0.00964253950683199
ICOSLG	-0.00964189814516368
LILRA3	0.00964164525593902
MBNL2	0.00964146098125722
SIN3B	0.00964057317918361
GTF2H1	0.00963762133282792
AGAP1	0.00963725218412894
LOC101929115	0.00963709042066247
ZNF197	-0.00963707996295744
AGBL3	0.00963693274886946
FBXW4P1	0.0096363604069096
TMOD2	0.00963557813007802
STUB1	-0.00963487690175945
SFRP1	0.00963242860735571
PPP1CC	0.00963192432018329
GPR125	0.00962937350762133
CDKN2C	-0.00962856816387941
ZFAND5	0.00962855348078684
NME7	-0.00962848003332196
H2AFX	-0.00962757556441745
C1orf21	0.00962661617440459
CSTF2	-0.00962649387441478
SEC61A1	0.00962634065973231
PTPN14	-0.00962600261623967
TFAM	0.00962589985424427
NRSN2	-0.00962571915237596
ACSM2B	0.0096254328323159
MOCS1	0.00962479637945788
AK2	0.00962423265689486
SNORD24	0.00962418744442319
ABL2	0.00962094852891943
NSMF	-0.00962013417213363
SFI1	0.00962010493770964
CDK10	0.00961931525113098
ZNF83	-0.00961889560076704
GLI1	0.00961812408571086
TMEM132A	0.00961639561481279
DNAJC3	-0.00961634619759682
TMEM143	0.00961617521120313
USF2	-0.00961608479507876
PIGH	-0.00961432823737482
PTPRT	0.00961055694588695
NSUN6	0.00961035405806709
EPB41L1	0.00960819735683695
PLP2	0.00960764434127372
POU1F1	0.00960621737140069
MGC40069	0.0096060418255198
RMI1	0.00960598037820324
PCLO	0.00960395281899356
PRPF6	-0.00960366258761045
PDE1B	-0.00960215617882746
TMEM165	0.00960211193200669
EDDM3A	0.00960020703752214
BRMS1	-0.00960014792045216
GART	0.0095997030683303
BCAN	0.00959932449284555
TNFAIP2	0.00959870683047079
TOMM40	0.00959675088880405
TBXAS1	-0.00959491190909046
TTC39A	-0.00959460963424346
CDK18	0.00959438350971957
SLC27A5	0.00959407910136834
PPM1G	0.00959371530611493
ZNF175	-0.00959281737683331
UFSP2	-0.00959131950056401
SLC1A4	0.00959068620852908
CRISPLD2	0.00958938861868536
TGOLN2	-0.00958927175348637
MANF	-0.00958890036245797
AP1S1	0.00958720224615157
INSIG2	-0.00958632935034981
ABCB4	0.00958621100938869
PLAGL2	0.00958616237273389
JTB	0.00958582634029444
STARD7	0.00958519350666796
SNORA27	0.0095839695626543
SMCO4	0.00958393350958702
NACAP1	-0.00958270137995101
SLC6A9	0.0095824592716223
XRCC4	-0.00958106012096964
TAC1	0.00957993135543872
DGAT1	0.00957871731947679
MAT1A	0.00957774785038932
MOCS3	0.00957411235192666
PQLC1	-0.00957371773504273
NFIB	0.00957248625109004
SERPINB10	0.00957225250177898
UVRAG	0.00957184861331038
WDR82	-0.00957123253569372
HN1	0.0095710946410246
CDHR1	0.00957032411795512
ZNF365	0.00956919192177756
NOL9	0.00956747450508521
CLASP2	-0.00956707774900717
TSC22D4	-0.00956617348226187
ALDOC	0.00956595498017519
CHRNB1	0.00956484748417025
SLC17A5	0.00956272964965488
PRR11	0.00956056395710886
WAPAL	0.00955973964983912
POLA1	0.0095594705021947
LCAT	0.00955913586217114
DMPK	-0.00955891742412066
CHD9	0.00955844211881231
MYH13	0.00955695788313705
SERPINI1	0.00955679576030886
AKR1A1	0.00955655691539418
SLC39A6	0.00955636863528954
CASQ1	0.00955548235549263
LAMP1	0.00955394120035092
TSPYL1	-0.00955101672313517
BAG4	0.0095492802097985
RPS25	0.00954741239889612
FUBP1	0.00954703952466192
SERINC5	0.0095466098179813
PTPRG	0.00954640326132781
PYROXD1	0.00954622604562559
PRPF4B	0.00954551818970113
MMP20	0.00954451216046642
ERCC8	0.00954430921789519
NAA40	-0.00954423208091045
PKIA	0.00954383787565915
ITGAX	-0.0095422759571288
MRTO4	0.00954149649283019
SDC4	0.00954004843727949
ASMTL	0.00953983480773449
RCBTB2	0.00953958664853219
SERF1B	0.00953899147183145
TDGF1P3	-0.00953890553874305
IMPACT	0.0095386680986587
ASNS	0.0095366903147743
ZNF510	0.0095347895291816
BLCAP	0.00953451471085745
ST6GALNAC5	0.00953354848288692
EIF2S3	0.00953296094286908
PTPRF	0.00953165734513231
HLA-DQB2	-0.00953136698272336
CSPG5	0.0095312856930536
ZNF324B	-0.00953125535746257
LEPREL4	0.00953120743383154
ATP5G1	0.00953113337435066
LAMA1	-0.00953046740496866
ZNF552	-0.00952925941717767
INSIG1	0.00952878655113078
WWC2	0.0095285497231163
CAMLG	0.0095256662798238
ZNF81	-0.00952537045783967
HIPK3	-0.00952476396734354
EZH2	0.00952412431371444
TECR	0.00952399271070811
PNPLA3	-0.00952335061578228
FRAT2	0.00952300997513778
USP27X	-0.0095208408492345
C6orf106	-0.00952078855507095
CD160	0.00951914560141047
ANPEP	0.00951893773184211
PPBPP2	0.00951850669334204
PRKCA	0.00951846876439844
XAB2	-0.00951735415179545
VPREB3	0.00951699923359277
LRRC32	0.0095166281496728
TNNI3	0.00951608223210625
FUT3	-0.00951511407739839
SLC35D1	-0.00951451226528688
GPR173	0.009514294752364
DHODH	0.00951420514069583
ITPA	0.00951373866261466
EPHX1	-0.00951217928104279
ERCC5	-0.00951121732849186
JMJD6	-0.00950995192661335
BPHL	0.0095094307180382
TMEM134	-0.00950903558979202
UNC93A	0.00950505737742292
ZKSCAN5	-0.00950261821194518
TECPR2	0.00950190100540272
MAP1LC3C	0.00950046091048317
TFDP3	0.00950003414050517
FAM204A	-0.00949989088480527
PPARGC1A	-0.00949933684657582
STARD3	0.00949932278709258
MRPL17	0.009498859474617
SP110	0.00949770170516648
PNP	-0.00949579675878982
DBF4	0.00949555591551149
KIAA0907	0.00948916147960182
PIGN	-0.009488435481566
EPN2	-0.00948768097836595
KLK8	0.00948701790159933
HIST1H4A	-0.00948533252340091
CDK2AP1	0.00948252743286047
CD81	0.00948004272402167
PHLDB1	0.00947976227931187
C15orf39	0.00947951633391516
PDXK	0.00947935924931345
COX6B1	-0.00947737785457381
SPIB	0.00947602455886986
CWC25	0.0094759582297983
MGST3	0.00947487652324185
HMGB3P30	-0.00947448117281074
VPS13A	0.0094729495633927
PRKD2	-0.00947086910649499
FASTKD1	0.00946881474391932
USP20	-0.00946866564613568
SSTR2	0.00946864834838134
MLC1	0.00946711101184042
SOX18	-0.0094665984857062
PCID2	0.00946648762200919
SPATA5L1	-0.00946611907430135
RPL13	0.00946364360085276
ABAT	0.009462400163326
MYBL2	-0.00946112665865884
ERCC4	0.00946108001607362
DHX9	-0.00946037769549799
IREB2	-0.00946005873154825
SLC35A1	-0.0094598540014993
TRIB3	0.0094584836927698
CTRL	0.00945771206037663
EMC6	0.00945753790588523
CROCCP3	0.00945537684866605
PLXNA3	-0.00945521995707846
WBP4	-0.00945432590654893
ACSL3	0.00945318123615637
POLR2G	-0.00945268965224655
PSEN2	0.00945237718314744
ROCK2	-0.00944980735280559
DSC1	0.00944672109922284
GGCT	0.00944630055143501
GSTZ1	-0.00944590675404154
FDXR	0.00944549347379462
SESN1	-0.00944537213361027
EDRF1	0.00944434901897077
LHB	0.0094440660365717
PPP1R13L	-0.00944131989653143
CYB5R1	0.00944110728945
NAA50	0.00944073728273768
GPATCH3	-0.00943967317359354
POM121L9P	0.00943946458508344
NCKAP1	0.00943895553492933
RHO	-0.00943880871832415
UGGT2	0.0094381667022354
GSTM3	-0.00943771655942053
LRP5L	0.00943527622510447
TRMT11	0.00943470426894162
CRTAP	0.00943332042980614
DRAP1	0.00943040459730591
KIF18A	0.00942861213500952
STARD13	0.00942836717742789
USP34	0.00942638468375832
PPBP	0.00942507533482607
KRT7	0.00942429903043203
ITSN2	-0.0094198775324272
GPS2	0.0094175468564896
RBMY1J	0.00941750750526784
NUP133	-0.00941747653243252
PAQR6	0.00941689263402104
NDUFA9	0.00941609573686297
TEKT2	-0.00941598704087254
TCF12	-0.00941435142359282
PLK1	0.00941329831543657
STEAP1B	-0.00941321564178612
PLCG2	-0.00941249180603911
RUNDC3A	0.00941189425248256
CNOT4	0.00941027159297016
TMUB2	0.00940711693906887
PRG3	-0.0094056657913109
PRKAA2	0.00940523695646253
GEMIN4	0.00940506261861901
IMPA2	0.00940470164726401
SCN2A	0.00940460354424094
TTC23	-0.00940451506225623
LHX2	-0.00940132720240444
EIF4H	-0.00940006146581846
SOGA1	-0.0093993255980885
AGFG2	-0.00939888916256719
CEP350	0.00939767022228719
ZZZ3	0.00939653397719479
CATSPER2	0.00939586220014232
GPR17	0.00939488768893875
HIST3H2A	0.00939310033387872
FABP6	0.00939301042155575
MRPS27	0.00939285638724112
LINC00302	0.0093926852643923
DMXL1	0.00939114281687542
OR7E19P	0.0093896863070469
LOC441601	-0.00938865763636073
CA14	0.0093873224045801
RTN3	0.00938650500749481
ME3	0.00938583680675755
COQ3	0.00938551326225587
AK5	0.00938547557269792
CLDN7	0.0093847931168068
ZFP36L1	0.00938412411303685
CCL3L3	-0.00938342461856258
DEF8	-0.00938227192032745
GSTCD	-0.00938200871512749
PRKAG1	0.00938195855676322
SNRPC	-0.00938102518636343
PRR14	-0.00938035211808453
ERAP1	0.00937923154201774
STBD1	0.00937667931412503
HIRA	0.00937644031756023
SAR1A	-0.00937464562333377
CTBP1	-0.00937324250829993
IRF3	0.00937211338595085
FBRS	-0.00937211141327533
TUBGCP5	-0.0093706618657654
CRYAB	0.00936953994604162
SLC2A4RG	-0.00936923614739062
EIF3F	-0.00936866249873416
TMEM51	0.00936856593014335
TACR1	0.00936779198645266
SLC16A8	-0.0093676435186717
C14orf132	0.0093670922803793
TRPC4AP	0.00936673217845323
CD226	0.00936540820549936
CD151	-0.00936498891484697
TMSB4Y	-0.00936492835509745
MAST3	-0.00936272280600491
PDE6A	0.00936270738403003
ABCB9	0.00936191360975
KANK1	0.00936147687134251
DTX2P1-UPK3BP1-PMS2P11	0.00935910672786916
MSL1	0.00935762764071317
CHST1	0.00935760464348331
RPS12	-0.00935720823562532
MTTP	0.00935720027373444
CPZ	0.00935609648371551
NUAK2	0.00935522003516691
BMX	0.0093546941646308
GOLGA4	0.00935388449177775
TMBIM4	0.00935343987775483
GSTM4	-0.00935333135012582
TMEM158	0.00935308578162661
HMGN1	-0.0093512450339868
CTDSPL	0.00935100864512556
MMP3	0.00934997117387058
HERC2	0.0093482843500975
CPSF6	0.00934804924030837
IPO13	0.00934626602657015
TBCC	-0.00934487462489347
MPP6	0.0093448465073941
SMG5	0.00934417182102611
DHX58	0.00934413612263121
ZZEF1	-0.00934320265061896
C8B	0.00934246363343588
SLMO1	0.00934000897019788
KANSL2	0.00933883559195067
EMP2	0.0093386483864276
LPCAT4	0.00933821444998663
SUN1	0.00933771325605955
DERL2	0.009334887914612
CD79B	0.00933388696908311
NDUFC2-KCTD14	0.00933331699221082
PTGS1	0.00933323898534337
HNF4G	0.00933316297829292
PRPF38B	0.00933228810269416
AOC2	0.00933197647976635
YIPF6	0.00933159160568495
SNORD95	0.00933157825153525
ZC3H11A	-0.00933125327013757
AKR1D1	0.00932859202945441
IL11	0.00932617900842241
MPL	-0.00932600725238141
PLEKHF1	0.00932583310413136
SLC12A4	0.00932562781808094
XRCC6	-0.00932363403569576
ZNF493	0.00932204791957521
PML	-0.00932089982480978
PNKP	0.00931970910550061
ZNF444	-0.00931839459604618
NR2C1	0.00931512541085857
FAM35A	0.00931430486195911
MTOR	0.00931418079005553
PLA2G16	0.00931340051775251
WWC1	0.00931179912369102
IPO7	0.00931123462564733
BCOR	0.00931027916403682
DPH5	0.00930783447216103
SH2B1	0.00930746886695631
GOSR2	0.00930746424507185
KRT6A	-0.0093071555956555
PWP1	0.00930665456613174
ZNF76	-0.00930619198870303
FOXB1	0.00930556645729135
MSI1	-0.00930554705332985
TMEM8B	0.00930465640912611
SSPN	0.00930195361025345
NHLRC2	-0.0092989823488324
PEAK1	0.00929585510417038
IHH	-0.00929575407141348
NMT1	-0.00929495473584134
ADPRH	-0.00929449246269666
TSPAN15	0.00929385937424721
TMEM19	-0.00929379360440961
SSNA1	-0.00929328686924631
USP48	0.00929237608235975
CDC14B	-0.0092922280414029
STK38L	-0.00929193376721599
KRT83	-0.0092910405025582
GYG2	0.00929059721392879
SMYD3	-0.00928954949253829
RPL26L1	-0.00928899808555797
ATXN7L1	0.00928598959189362
ARHGEF10L	0.00928497102091746
UBA6	-0.00928176412165159
CHRNA2	-0.00928032248254732
CDC73	0.00927994882008234
BET1L	-0.00927832962507092
IKZF4	0.00927545261756947
EHD1	-0.0092745039311476
NDUFA10	0.00927398475904468
NRP2	0.00927388508339016
PCSK1	0.00927358959153157
SUPT6H	-0.00927283605631369
ZMAT3	-0.0092720546512018
ARL4C	0.00926968682290298
ZNF492	-0.00926632316392103
THUMPD1	0.00926597945667439
NFKBIE	0.00926408190240097
DDC	-0.00926286099350411
GDAP1L1	0.00926232646907163
ASB13	0.00925939032510477
PPIL2	-0.00925853987143145
YY2	0.00925490558859589
SNORD38B	0.0092548130340049
CELF3	-0.0092541399998473
SMIM7	0.00925378535732394
PPP4C	-0.00925323473924813
SPHK1	0.00925229889318915
KCNH2	0.00925222177362642
MBP	-0.00925135787802818
GLUL	-0.00925083853764364
SMARCB1	-0.00925007147213666
DPEP3	0.00924969860561207
VCPIP1	0.00924925126127424
ATG10	-0.00924907086112231
MORC2	0.00924621754387619
KRI1	0.00924611017348213
CD2AP	0.00924575773908598
FLJ11710	0.00924566383018009
EIF4A2	0.00924563402776147
DMXL2	0.00924470239768309
PLK4	0.00924400978958121
ZNF749	0.00924321257089204
LRRD1	0.00924203167907361
TPM1	0.00924156291981876
ZNF8	0.00924124567449063
GIPC2	0.00923970859359279
TSPO	-0.00923970260260911
TBC1D10B	-0.0092383505403358
ZNF280D	0.00923801065345259
ZSCAN12	0.00923685792006033
ZNF480	0.00923445689345787
TCF7	-0.00923398756706497
PFKFB3	-0.00923288224170237
PTGER3	0.00923279596515838
TUBG2	-0.00923048237598815
TEX12	0.00923040746046746
PRR5L	-0.00923013788637225
SLC5A4	-0.00922921745787996
ZNF835	-0.00922821601951076
ICMT	0.00922809469862898
MLXIPL	0.00922761014769703
PARD6B	0.00922660791552886
EFNA4	0.00922603363416263
CTNNA2	0.00922591508564625
SPOCK2	0.00922541552423829
PEX1	0.00922519378952483
BMP7	-0.00922249405964617
SCAMP2	-0.00922164171894904
KHK	0.00922150577462039
CEP68	0.00922056672932707
DYRK1B	-0.00922020657225018
EMP3	0.00922010565322958
CYP2C9	0.0092198574201183
CTBP2	0.00921916483650205
MCF2	0.00921840781812494
CREG1	0.00921834229232383
HIST1H2BL	-0.00921786422451504
DYRK2	0.00921721801976563
ACVR1B	-0.00921467457051943
RPL36A-HNRNPH2	-0.00921433131466108
SH3YL1	0.00921432238353691
SNTG1	0.00921395564737805
IRF2	0.00921188712139532
TARBP2	-0.00921167847302959
TLX3	-0.00921105027359718
NUP62CL	0.00921087644255698
JMJD1C	0.00921007331563099
TMEM87A	0.00920747730807495
TUBA4A	0.00920697160859066
MYCBP	-0.00920564489259429
SLC33A1	0.00920498930946119
ZNF33B	0.00920228105808026
C17orf59	-0.00920114630413878
IL26	0.00919866649831281
RRN3	0.0091984824369103
GFOD1	0.00919838383368635
GIN1	-0.00919831107530648
EBI3	0.00919825100772937
CHRNA7	0.00919522089706333
MALL	0.00919467315198925
NHP2	-0.00919440679187189
BPESC1	-0.00919435655081716
LHPP	0.00919357571108789
LY6G6C	-0.00919253234804581
ZMYND8	0.00919200073985979
SPINK2	0.00919162628166262
HAO2	0.00919081082064867
MLNR	-0.00919079452221202
HRG	0.00919064196898679
CSRP1	-0.00919010050678038
TATDN2	0.00919008099634021
VIL1	0.00918936095557085
ANAPC15	-0.00918830965503806
PNPLA2	-0.00918550827642263
ABHD8	-0.00918541104154838
TBC1D2B	0.00918434467616069
TUBGCP3	0.00918401020990186
SLC30A1	0.00918376412995811
DDX43	0.00918307113877389
RDH14	0.00918025778336469
ABCF2	-0.00917963892630003
PHF14	0.00917799550461103
COA4	0.00917739099178613
PANK2	0.00917727031089945
ALOX12	0.0091767745986602
PTGES2	0.00917620755328918
RB1CC1	0.00917525760815503
ZNF695	0.00917440457014223
FIS1	-0.00917343449688506
ATP13A3	0.00917172690834722
DGCR6	-0.00917054631053342
RPRD1A	0.00917002073594798
HS2ST1	0.00916988380589448
TCTN2	-0.00916940243577517
CDC42EP3	0.00916935791335589
DCXR	-0.00916879368576611
THAP4	0.00916871986909804
TMEM30A	0.00916838373558883
ARFGEF2	0.00916830577173775
GTPBP8	-0.00916796851477643
ARMC1	0.00916784821955595
UPF3B	0.00916761780016535
LY96	0.00916675261944661
ABCB8	0.0091660679867466
ZNF3	0.00916554550393571
TNN	0.00916523855083663
PRDM2	-0.00916496390660892
ZNF451	0.0091646531404154
SLC2A8	0.00915958185077412
NUDC	-0.00915940207267458
CPA4	-0.00915546074536398
RGL3	0.00915334220036239
KCNE4	0.00915274828094198
NPIPA7	0.00915263668062311
MFSD9	0.00915049410790413
SVEP1	-0.00914838577729604
DYM	-0.00914759411659987
HNRNPAB	0.00914720726507921
AGBL2	0.00914648305793591
DCLRE1C	0.00914643675332109
LIMD1	0.00914564720973336
POLR2C	-0.00914506048700119
SOD3	0.00914432566675735
OR7A10	-0.00914269363074826
EXO5	-0.009142517949795
PRC1	0.00914046468487229
UTP6	0.0091401251554845
PCNT	0.00913786631360596
UBN1	0.00913675195787935
COL19A1	-0.00913616157619922
YTHDF1	-0.00913583847632109
CYP2E1	0.00913398191547446
BMP8B	-0.00913302733341851
CNOT8	-0.0091309585269061
CCNA2	-0.00913080496485667
RPUSD2	0.00913044571499096
PCDHB11	0.00912792723659113
KEAP1	0.00912724315506462
REEP4	-0.00912723302369318
TLL2	0.00912493941411064
SC5D	0.00912408899728424
GSK3A	-0.00912248525625547
DNAJB12	-0.00912242378299646
EXT2	0.00912111094270691
CTSD	0.00912019346693551
TPPP3	-0.00911656724927652
PISD	0.00911494328065098
RALGPS1	0.00911469009404285
CLK4	0.00911462730819984
MAP2K7	-0.00911308626205806
TYRO3	0.00911245477807813
TMEM70	0.00911099487807625
SIRPA	0.00910713881284401
FAT2	0.00910657201530103
CAMK2A	-0.00910615991426434
DSCR3	0.00910316906926515
NIPBL	-0.00910168670812155
PTEN	0.00910128096850216
IRF6	-0.00910064165508926
RPL8	-0.00909875583197063
NOX5	0.00909752361628463
SEMA4F	-0.00909749403751116
GTF3A	0.0090950242096002
TARBP1	0.00909308982548552
KLK13	0.009092732969932
CALB2	0.00909241456807023
CADM3	0.00909218885812941
CHD1	0.00909012922843251
CYP2B6	0.00908903068415221
SLC25A36	0.00908679345377614
PTPRR	0.00908601703435977
SARDH	0.00908488347458247
ZBTB33	-0.0090828143305592
ANKRD12	0.00908027128039824
SLC25A32	0.0090797500351214
DISC1	-0.00907887269878824
FNBP4	0.00907775116644338
TMEM41B	-0.00907764212381688
INTS6	0.00907644197979593
DNAH3	0.00907639332629989
RPL37A	0.00907613245324411
GRK6	-0.0090759375376581
SLC38A7	0.00907497993118406
OAS2	0.00907133399705135
MAP4K3	0.00907091365465927
PDC	0.0090694098810736
ADAM17	-0.00906906278736869
EZR	0.00906681864837135
ATAD3A	0.00906481832862869
SLN	0.00906289019267573
PELO	0.00906283738414236
CYP2A6	0.00906078107540826
CLIP2	-0.00906043373739248
CLDN16	-0.00905836166569405
LINC00115	-0.00905681863569912
CHEK2	0.00905653326726584
LPO	0.00905181881275044
KIF3C	-0.00904867638632004
TGFBR3	0.009048397470711
PZP	0.00904734878537243
SMPD4	0.00904293262390357
MTO1	0.00904201442657317
RMND5A	-0.00904142141237194
STARD8	0.00904093072206273
NR5A2	0.00904080873305664
LUC7L3	0.00904057606092301
OBP2A	0.00904033803704426
WHSC1L1	0.00903841594302312
TRAF1	-0.00903617913045899
SIK1	0.00903616379108941
DYSF	0.00903499646330084
NDUFB6	-0.00903419960788718
METAP1	0.00903393655793299
SUGCT	0.0090310835958404
MECOM	-0.00903102241615335
GNMT	0.00902930375855239
ATG14	0.00902841415267367
KCTD5	-0.00902691073080067
NDUFS4	0.00902541260579484
ZSWIM1	0.00902113510296259
TMCO3	-0.00902062170110408
SRY	0.00901914221835064
HBE1	0.00901567628243815
SLC9A6	0.009015324693993
PAFAH1B3	0.00901473959173986
SHPK	0.00901451617845179
SLC6A1	-0.00901252335142535
MAP1LC3B	-0.00901182524528244
MTDH	0.00901171103493018
TGFB2	0.00901126815122103
RPLP0	-0.00900652265054185
INPP5E	-0.00900525746114405
IMP3	0.00900466583018659
SLC6A11	0.00900372305857211
SMC2	-0.00900302379413247
GRM2	-0.00900271260324381
PLA2G10	0.00900223306867736
PNMA3	0.00900223007517746
RPS27L	-0.00900163355371245
HIST1H4B	-0.0090015382383856
PTGR2	0.00900142993985012
RGL1	0.00900135489388253
CYP4F11	-0.0090008319221018
GPBP1L1	0.00900046930895622
ACP1	0.00899930245354416
TPP1	-0.0089989753753747
PHF3	0.00899855699142108
MTMR14	-0.00899683305490714
ANAPC2	0.00899630693882256
OLFM1	0.00899504485278756
SEMA7A	0.00899473287216901
CAMK2N1	0.00899362161579844
PTPRD	0.00899152774052324
CROCCP2	-0.00899082100430765
NR2C2	0.00899033569368687
AQP7	0.00898849298946913
ZC3H12A	0.0089844326776915
SH3D21	0.00898432572903213
MAGEA11	-0.00898423238887468
BTBD7	-0.00898397598557783
RBM4B	-0.00898266420834115
TMPPE	0.00898264091639483
ALMS1	0.00898109930186369
AGTR2	-0.00897942278020162
GYS2	0.00897919286398951
CD69	0.00897846194595315
MBD4	-0.0089763385278402
CBWD5	-0.00897625707281844
GRM5	0.0089748349762596
FOXC1	-0.00897347508345262
GDPD5	0.00897079096259247
RHBDF2	0.00896961810727387
DPAGT1	0.00896786333504837
SQSTM1	-0.0089674054804511
TSN	0.00896552241407755
PSKH1	-0.00896473437740636
PILRB	0.00896453351222165
C11orf24	0.00896370764228243
CENPQ	0.00896360675093377
FAM47E	0.0089634199488236
GPNMB	0.00895862262612169
CYTIP	-0.00895809110182441
NUP153	0.00895627779095452
CSNK1E	0.00895612141242367
SCNN1D	-0.00895466215948482
RBM26	0.00895453793494352
FBXL4	-0.00895161708460301
DNM1L	0.00895077520522474
RPL28	0.00894972757242725
JRKL	-0.00894967481952556
C7orf25	-0.00894883964128073
GJB4	0.00894828049687584
ZNF44	-0.00894541486943539
PHF20L1	-0.00894437776212266
MEX3C	0.00894347979886145
PTPRK	0.00894167431411862
TIMM17B	-0.00893880016746312
DLX5	-0.00893824114679425
DIO1	0.00893751861098373
ALPK1	0.00893726833737463
ZNF717	0.00893713108669376
HIST1H4D	-0.00893613354407487
STAR	0.00893569555400278
ALG13	0.00893417504264818
CACNA1E	0.0089325914583693
ARF1P1	-0.00892913866890019
RDH11	0.00892712453783683
NCL	0.00892699227465575
GML	0.00892600584207112
SLC25A46	-0.00892594317921932
METTL13	0.00892511534723401
AGFG1	0.00892500245972149
DGKQ	0.00892383108631559
DNTTIP2	0.00892196046154867
LINC01140	0.00892185935428116
UGGT1	0.00892129068240135
G3BP2	0.00891994022330079
GPR12	0.0089180564939525
SNX11	0.00891733998174916
NAT2	0.00891731129972829
TXNDC5	0.0089162015282559
CD28	-0.00891602189383016
ZBTB17	-0.00891281048920529
SERPINB7	0.00891155926867258
MZT2A	-0.00891142386249828
ADCY8	-0.00891109160174581
TP73	0.00890955077571711
SH3TC1	-0.00890946180351596
DUSP2	0.00890849814846171
SLC35F5	-0.00890769468775734
HERC5	0.00890406182687286
ECH1	-0.00890393145619207
MYD88	-0.00890046804603522
TMPRSS5	0.00889867242821341
ASXL2	0.00889807108538481
POLD3	0.00889801436798217
CD5L	0.00889767875059058
WNK1	0.00889366061012398
FRMD4B	0.0088929068452571
TIGD6	-0.00889260169062221
COX6C	0.00889148480559654
ISG20	0.00888909036423926
NTF3	0.00888656976960071
CNBP	0.00888555127126504
ADO	0.00888503705848413
ARNT2	0.00888369199193825
RBBP5	0.00888322089484965
PBK	0.00888297684766253
ATP5G2	0.00888198719470362
MGAT3	0.00888078341238521
METTL16	0.0088799566892331
BRWD1	-0.00887926186982876
ZSWIM8	-0.00887744916143482
RPLP2	-0.00887724935554602
CLDN6	0.00887691042747385
TEX13B	0.00887639156525872
ACN9	0.00887580042006698
ADAR	-0.00887382227683769
ZNF23	-0.00887170605159619
SSX7	-0.00887114609042934
OVOL2	0.00886761447721861
MDFI	-0.00886754758308185
TTI1	0.00886661452153253
PGRMC1	0.00886634307006004
L3MBTL1	0.00886381070444366
CLSTN1	0.00886352285882992
KMO	0.00886290059625933
SLC7A5P2	0.00886162906108493
MIS18BP1	0.00886085083031885
ZNF550	0.00886016387213502
BRINP2	0.00885930269594776
MAD2L1BP	0.00885900563731571
MCTP1	0.00885666712596531
C8orf44	0.00885614389574813
NSD1	0.0088544284939285
TWF1	0.0088539428842987
PRPF4	0.00885266808050587
PDYN	0.00885143824332153
POFUT1	0.0088471851643426
CEBPB	-0.00884616497137495
EIF3C	0.00884377238759009
KIF3A	-0.0088436066856056
LCMT1	0.00884236355661937
MYC	0.0088422301152105
UROS	0.0088414915821341
FAN1	0.0088406796229501
DDX54	0.00884057884296838
DGCR14	0.00883762577490372
ZNF267	0.00883707291607313
ZKSCAN1	-0.00883634216027662
GAS6	0.00883489809883653
S100A6	0.00883312258973335
FOXJ3	0.00883250593080118
FBXO5	-0.00883074267938481
NR2F2	-0.0088298508176599
EPHA5	0.00882800970954495
RLN1	0.00882572115492227
B3GNT3	0.00882518531685408
NPAT	0.00882257989206469
PADI4	0.00882251041814993
USP12	0.00882074030178736
MFAP2	0.00882028664733389
UBE3A	0.00881693405195924
PHLPP2	0.00881577046926326
PSME2	0.00881483687290647
MCAT	-0.00881412624104933
SLC6A12	0.00881331705612399
MPPE1	0.00881268272988414
C8G	0.00881249386844078
NCKAP1L	-0.00881230068139142
ENDOD1	0.00881118445070079
ERO1L	0.00881118070178323
AGAP6	0.0088093819221813
SCTR	0.00880843199267244
KCTD12	0.00880802385952407
OFD1	0.00880743201871321
CALHM2	0.00880721734358735
BLOC1S1	-0.00880601925912568
CAMK1	-0.00880572427352109
TRIM3	0.00880546700425498
FASN	-0.00880305301795313
RGCC	-0.0088024880175677
LRRC23	-0.00880231532522577
GDAP2	-0.00880210824337146
TELO2	0.00880100042030476
RSAD1	0.00880071973509854
RRAS	-0.00879974213214727
ABCC10	0.00879827178914952
U2AF1	0.00879589677158893
PARP8	0.00879485200666704
BEST1	0.00879271004567419
TGFBRAP1	0.00879247097147387
NOS1	0.00878939554152038
ARHGEF1	-0.008788821723869
TWIST1	-0.00878570619593489
SAMD4A	0.00878491510701985
ARL6IP5	0.00878120284397937
TULP1	0.00878035492514956
POLG	0.00877943572359363
RCBTB1	-0.0087765019802891
GCAT	0.00877642068667148
EIF4A3	0.00877386101175489
ONECUT1	0.0087727907168751
KLK6	0.00877124825420092
PICK1	0.00876967203868965
FASTKD3	0.00876802747521876
BCAS4	0.00876654676723627
RPS11	-0.00876601377320776
KDELC1	0.00876361520258388
RAB3D	-0.00876296603533372
TSC22D1	-0.00876154704590555
DST	0.00875540872767978
TMEM59	0.00875476104037261
TCEA1	0.00875332024156136
PMS2P3	0.00875303315235971
KIAA1549L	0.00875215109831162
BHLHB9	-0.00875205892995344
ALDH7A1	0.00875169757881252
ZNF273	0.00875088609191547
RAB6B	0.00874872862633302
NIPA2	0.00874718820470665
ACOT7	0.00874406330371558
BACH2	-0.00874247889694284
SF3A3	0.00874208376378659
TMEM248	0.00874199706942063
CNIH3	0.00874189572880044
CST6	-0.00874143600220901
TBC1D15	0.00874029208002366
C9orf156	-0.00873623592066782
TAS2R3	0.00873232033454707
CD59	0.00873111657353717
PLA2G6	-0.00873074149873887
NR1H4	-0.00872629158979666
NDUFC2	0.00872567430367879
CTSV	-0.00872440796847054
MSANTD2	0.00872359014871339
AOAH	0.00872233175433521
NLRP2	-0.00871976462004618
CDC25B	0.00871938545086009
OR2S2	0.00871926282348186
TRIM14	0.00871797188551642
DCTPP1	0.00871660837991339
FGG	0.00871559230612118
TSGA10	-0.00871350330828684
CRIM1	0.00870953778019961
IQCG	-0.00870786736619565
PQLC2	0.00870604883875109
PPP2R4	-0.00870399746604556
RNF17	0.00870279187034724
ZNHIT6	-0.00870067455354978
ZNF544	0.00869982936796484
CDKN2AIP	-0.00869588682993498
EFCAB11	-0.00869525615949561
CC2D1A	0.00869453662419825
ANK3	0.00869420571552991
PGRMC2	0.00869347267103982
KIAA0319L	0.00869206528466894
GAGE12F	0.00869017617303045
FBLN2	-0.00868903714946581
SYNGR3	0.00868763964558516
TOB1	0.00868643634596701
SEMG2	0.00868581019143354
C11orf71	-0.00868527052127046
GABRA2	0.00868399079227444
BEND5	-0.00868264465016948
GTDC1	0.0086805869507624
APP	0.00867841845230609
TEF	0.0086781274357519
NKX2-2	-0.00867763784927003
ANGPTL4	-0.0086767448786725
WWP1	0.00867652845401257
MAN1A2	-0.0086764216137052
EML3	-0.00867581080191239
DDX60	0.00867401826808179
FABP1	-0.00867378204356139
CACNA1G	-0.00867370601586851
ALDH2	-0.00867310495196556
SNORA4	0.00867274279471158
SSBP1	0.0086695847767193
CIB2	-0.00866861723676502
SNAP91	-0.00866786855262288
TUG1	0.00866766449201578
ZNRD1-AS1	0.00866647913790679
ANKRD27	0.00866569991095604
DPM1	-0.00866525187284546
SIRT7	0.00866444684452167
DHDDS	0.00866362573120425
NAA11	-0.00866321568651003
MAB21L1	0.00866183543101301
EIF1AX	0.00866111130325957
PAQR5	0.00865838126730531
PADI1	0.00865803724043619
RBPJ	0.00865396710535026
MATR3	0.00865392321335266
MEF2A	0.00865318291356111
TRMT61A	0.00865298764042167
GABRB1	0.0086483263305093
MAST1	0.00864728101811017
GUCY2F	0.00864572636697037
EIF3J	0.00864570709560421
MED8	-0.00864559479606326
PAK2	-0.00864500016989926
B3GNT4	-0.00864313024747102
RPL12	0.0086431055074169
IL1RAPL2	0.00864091272364112
WDR7	-0.0086407185772296
AGAP7P	0.00864003097339451
CSPP1	0.00863738745282729
RPS6KB2	-0.00863303542940678
TRGV9	-0.00863278954917222
SNX13	0.00863147000843993
TMC7	-0.00862813609363544
BCAS1	0.00862796796457041
PAX4	0.00862789045366591
SYN2	0.00862702463829968
GNG3	0.00862665314071701
EXTL2	0.00862645292652625
LRRC1	0.00862596274543593
MUC5B	-0.00862050545673352
LLGL1	-0.00861894023636964
CNGA1	0.00861854612786248
SLC9A2	0.00861693039180166
GPR157	-0.00861186331149224
OR1F2P	-0.00861151278175933
AHSA2	-0.00861071274267619
OXR1	0.00860996097011093
CXCL9	0.0086084526769555
FKBP8	-0.00860452122079451
TIMM9	0.00860382052409495
REV1	0.00860325579456588
HCN4	0.00860132305151577
RNF41	0.00860041883475552
NKG7	0.00860005857378499
OR10H1	0.00859995869259726
TJP3	0.00859949659758215
C1QBP	0.00859601056047689
SFPQ	0.00859563267871101
SP3	-0.00859517126530181
PRRG4	0.00859475678331128
ATRX	0.00859429914994176
MARCO	0.00859335439416412
PRH1	0.00859220396499255
MRPL2	0.00859083977573917
PAICS	0.00859057829881307
TIMM13	0.00858958253543767
PRR3	0.00858821599191104
HSPA14	0.0085875372644969
ITIH1	-0.00858621482563477
DDIT3	-0.00858243530763786
CHPF	0.00858238470543011
MYH2	0.00858235448778677
LIPE	0.00858142191205417
KPNA5	0.00858093068417117
KCNA6	0.00858079317400778
RAPGEF5	0.0085804152260087
SEC16A	0.00857867517714571
PDCD1LG2	0.00857334776083117
BMS1P5	0.00857286961898901
OTUD3	0.00857231600521159
CACNG5	0.00857217034076802
ZIC1	0.00857160387894754
PTGER4P2-CDK2AP2P2	-0.00857158940390505
RPL5	0.00857097862631901
PITPNM1	-0.00857022578938273
CYP3A4	-0.00856907993606233
CTRC	0.00856864607335013
NAA35	0.00856851111457845
KLRF1	0.00856816760366799
DFFA	0.00856750948226279
SPTLC1	0.00856705751225222
SELL	0.00856657655815982
TSPY3	-0.00856554157125248
OR1F1	0.00856447714096304
DDRGK1	0.00856381492210721
IQCA1	-0.00856279163102167
ANO10	0.00856274468895597
TNKS2	0.00855966616415445
ABCA3	0.00855941951738552
KCNF1	-0.00855790744560324
STAT1	0.00855477187757023
TACC3	0.00855132813859367
ADAMTSL4	0.00855125241199895
LRTM1	-0.00855094359040622
SPATA2	0.00855080876019971
CCDC181	0.00855012100946862
CD46	0.00854985937411924
ATP11B	0.00854983309711749
PANK3	0.00854962202724901
LAMP2	0.00854668507340531
FNBP1	-0.0085426907593179
HBG2	-0.00854085248042914
CDY2B	0.00853567022044737
OPN1LW	0.0085338549104771
PRDM8	0.0085311601977539
PIGG	0.00852846454166019
PHLPP1	0.0085261692301947
FAM102A	0.00852528803577323
KRT76	0.00852519499672713
ENGASE	0.00852493169033734
ARHGAP5	-0.00852468323036754
CA6	-0.00852309428491134
ABLIM1	0.00852124197216872
AQP3	0.00852076450793022
TUBD1	0.00852039573529856
WBP11	-0.00851990057252135
ADA	-0.00851810805098384
ZNF174	0.00851660408189605
DAO	0.00851436854879263
CNTF	0.00851050709794246
HLA-DQA1	-0.00850807078279918
MINA	0.00850748091368664
GPC4	-0.00850739140603653
SEMA3G	-0.00850622850257835
GALNT7	0.00850575784038084
PRKX	0.00850515709572312
B4GALT3	-0.00850430024477299
MDM4	0.00850181760036496
PI15	0.00850136574367624
CHPT1	0.00849964903327856
SNORD14C	0.00849951993658513
ACSM5	-0.00849816461477747
PRCC	-0.00849790833171745
METTL18	-0.00849783341752969
MKL2	0.00849147020939538
TALDO1	0.00849100509069822
C7orf69	0.0084890012656973
TYK2	0.00848825130640032
CCDC33	0.0084878244972128
ZNF132	0.00848755908212632
MPG	-0.00848734347476836
PRR16	0.00848431718220249
GTPBP2	0.00848426935951913
GPR45	0.00848343055555198
LIMA1	0.00848302794816324
DERL1	0.00848247725553273
HPGD	0.00848174388315656
CLEC5A	0.00848143013226753
SDHAP2	0.00847947047872846
RABGGTA	-0.00847764569616651
CYP2A13	0.00847547005374852
ARL4A	0.00847529219776802
ASL	-0.00847312647850707
GSR	0.00847272717852133
TLE6	-0.00846931719939811
EBLN2	-0.00846891938491065
PNMAL1	-0.00846819687175779
ADAM11	0.00846664818403833
TRIAP1	0.00846651005874437
FBXL5	-0.00846580910193427
ANAPC13	0.00846461001133629
NEU2	-0.00846351574003685
TBKBP1	-0.00846303072518681
EMC9	0.00846266288817158
ZNF302	-0.00846229607853901
PSMG2	-0.00846178929604428
MIA3	0.00846002437642081
MSLN	-0.00845908534426441
SCAI	0.00845879546923635
SNRNP200	-0.0084585485478897
MAD2L1	0.00845814286165311
CUTC	0.00845636170337159
GH1	0.0084535084942706
LSM14A	0.00844871824793137
FOXD3	0.00844701825454761
FAM134B	0.00844591247306717
CASP8	0.0084458126677207
ANKRD40	-0.00844574584888578
GMPR2	0.0084453560099665
LBR	-0.008443426492235
PTK7	0.00844335019725735
FHL3	-0.00844150827849155
CYP39A1	-0.00844149262766861
IDH3B	0.00844140193335587
MYH14	0.00844125459939256
TMEM74B	0.00844031517081613
METRN	-0.00843938843004855
BCL11B	-0.00843620965065155
RPP25	0.00843460810037721
SF3B4	-0.00843456379409
RBM17	0.00843345857242396
UBP1	0.00843250460932917
HCG8	0.00843153831687335
MFSD7	0.00842941499601631
ACOT2	0.00842611932252333
KNTC1	0.00842561893190528
TBL3	0.00842482923031554
CLCN2	0.00842244796955682
MCFD2	0.00842225368139835
HNRNPA1L2	-0.0084216467088745
XCR1	0.00842083271103627
ZNF79	0.00842011397054938
HMGXB4	0.00841895582269916
HMGCR	0.00841875601817679
ELN	0.00841826999328673
PNLIPRP1	0.00841649547397523
PJA1	-0.00841646018056313
OTC	0.0084149938471019
KCNK10	0.00841486364784508
GTF2A1L	-0.00841351022856789
KCNN4	-0.00841245045487029
VAV2	0.00840928197892685
DLG3	-0.00840921349159478
PPP2R3C	-0.00840909793419575
CCR7	-0.00840812504665818
SLITRK5	-0.00840787780129022
IMPDH1	0.00840703187755554
LEMD3	0.00840664545277947
HILPDA	0.00840639664182297
PTGES3L-AARSD1	0.00840555518211898
PAX9	-0.00840551297595793
AEBP1	-0.00840523418289143
FBXO3	0.0084049716663317
RPS5	0.00840371328374301
CRYBB2	0.00840349946509574
OR7C2	0.00840339820898887
RING1	0.00840239371171581
UBE4A	0.00840162135007056
TBC1D8B	0.00840142940911157
SNX24	-0.00840136308956565
CENPBD1P1	-0.00839684832770325
TRRAP	0.00839515249238728
NPM3	-0.00839376032383364
DIEXF	0.00839357024788596
MFNG	0.00839027408950308
SLC1A2	0.00838851365220318
NKX6-1	0.00838728652591194
HOXA4	0.00838665974637942
PCSK7	0.00838603646140679
MRPL57	0.00838301770289298
NAP1L3	0.0083822751276845
APOL6	-0.0083819344252639
PDS5A	0.00838191206190819
TCEAL2	0.00837953797583139
CD4	0.00837914289917833
BANK1	0.00837874038658151
HOXD4	-0.00837872994648773
YIF1A	0.00837427268953987
N4BP2L1	0.00837401401161405
ITGAM	0.00837371576080761
COX7B	-0.00837280917388622
LRCH1	0.00837167868763031
HMGXB3	0.00836618866659103
MMACHC	0.00836594276682195
MYO7A	0.00836576832127683
GUCY2C	0.00836259212306642
CDH20	-0.00836235849034286
ZFP64	-0.00836120007659503
RGS13	0.00836115058785942
PMS2P4	0.00835695729070242
HMGCS2	0.00835634956007984
EIF2AK3	0.00835287127684021
NFE2L1	0.00835133121269629
NCSTN	-0.00834884737185492
KCNE2	-0.00834756837230267
GIPC1	-0.00834699724354227
XRCC1	-0.00834641127896726
CRYZ	0.00834494267889243
FASLG	-0.00834329123691289
HMMR	-0.00834185746415326
FES	-0.0083395923983062
RPA2	0.00833944771024304
TXN2	-0.00833820861769536
TPM3	0.0083381115818227
SAT1	0.00833780856379855
RAB33A	0.00833522518883099
EEF1B2	0.00833318816212007
CSTF2T	-0.00833287713608369
PRKRIP1	0.00833022994569771
PPIAL4B	-0.00833021561744959
GPR18	0.0083271994560199
ERI3	0.00832602426370909
BCL7A	-0.00832447544761194
ALOXE3	0.00832114314695208
LIMS1	-0.00831957313882736
SLC25A4	0.00831798797131017
CD8B	0.00831759264700367
APEX1	0.00831697364724095
HMOX1	0.00831685506632423
PIK3R4	0.00831581111585574
CES1P1	-0.00831318928065661
IGF2-AS	0.00831111198360148
PLEKHM1	-0.00831076045482344
TLK2	-0.00830993534833898
NNT	-0.00830733875548322
STX11	-0.00830602396761115
IGKV2D-28	-0.00830598522655285
ACVR1	-0.00830580760567642
CFHR4	0.00830515227432229
AEN	0.0083051424273159
MMP17	0.00829913306033731
EIF2AK1	-0.00829856436291872
EXOSC9	0.00829853149023464
LAT2	0.008297889570034
KRR1	0.00829739307546532
TRA2B	0.00829586364059611
CHST15	-0.008294091667506
PFN1	-0.00829106972345
LIME1	-0.00829038566869212
UCP2	-0.00828977376799023
TMEM184C	0.0082891717957688
KDM2A	0.00828788327302596
EMP1	0.0082872909602463
NUP214	0.00828671453150788
TMEM126B	0.00828612266842506
TMEM231	0.00828546833139061
KIAA0226	0.00828376322473592
ACTA1	0.00828222557429815
RBM38	0.0082817405548562
RSU1	0.00828170729215189
SLC25A44	0.00828034855307934
UBE4B	0.00827998257294672
DSTNP2	-0.00827859226386053
RPH3A	-0.00827849841112789
VEZF1	0.00827711954412149
PAX7	-0.00827683443967561
SLC12A8	-0.00827607627947906
PRMT8	0.00827395067209317
HSD17B14	-0.00827293043285578
RASGRP3	-0.00826951769924515
LINC00574	0.0082684824313643
USH2A	0.00826802324813493
GDE1	0.00826776551391901
TIMP1	-0.00826739463437013
TIMM44	0.00826666377426207
HAL	0.00826366318554989
CBX2	0.00826333703120623
MRPL4	0.00826029905422482
IL1B	-0.00825964107003176
FASTK	0.00825868338721902
NTHL1	0.00825829088644929
CDCA4	0.00825684323893264
PGC	0.00825526339430243
GLB1	0.00825521455981232
ACAD10	0.00825496735833117
PKDREJ	0.00825414511445245
PTCD3	0.00825273991487774
ALKBH1	-0.00825175653922165
SPDYE2	0.00825166616345213
CAMK1D	-0.00825107442692398
AFM	0.00825085434473501
AGT	0.00825082294448918
OR2F1	0.00824691553910927
LIPC	0.0082448545614206
SV2B	-0.00824391386464178
MATK	0.00824316451208607
AGER	-0.00824312447921475
HGS	-0.00823796246378697
SPAG1	-0.00823729021187838
REXO4	-0.00823563689973692
AP1AR	0.00823300581558829
TFPI2	-0.00823292392421312
SYT5	0.00823089229918756
SNTB2	0.008229842738999
GRIN1	0.00822966811554919
GYPC	-0.00822896607604278
SCAPER	-0.00822893166363017
C17orf53	-0.00822773931892869
GPRIN2	0.00822735056734921
SEMA6C	-0.00822658753722467
C2CD5	0.00822550010643123
UBE2K	-0.00822401842110305
PDCD1	0.00822093576612222
DNAJA2	0.00822069629267219
NR4A3	0.00821968467394785
PLCB2	0.00821952055286865
PNMT	0.008216933891914
BATF3	-0.00821565154719259
ROCK1	-0.00821511374980914
WNT2	0.00821438747620278
TUBB8P2	0.00821401122045165
HBD	0.0082119648315145
RAB3B	0.00821142965368408
SLC6A3	0.00821093736235603
TLE4	-0.00820930938122169
COX8A	0.00820920073296313
TXLNA	0.00820816678222298
DIAPH1	0.00820777524393412
C1QTNF9B-AS1	0.00820733030031923
CPB2	0.00820657132008628
SEPT5-GP1BB	0.00820650103078706
VN1R1	0.00820425750067383
HIST1H2AB	-0.00820234557866424
ZMPSTE24	0.00819913597052419
C10orf76	-0.00819851860859218
ALDH8A1	0.00819814408203801
MASP1	0.0081972265627803
NECAB3	-0.00819214512548829
FAM162A	0.00819085176016534
RPS15A	-0.00818974619588168
SLC26A10	-0.00818845723621357
NGB	-0.00818838185135047
MAGT1	0.00818836592722196
C17orf62	0.0081881371290296
EIF5B	0.00818722342126642
PRAMEF12	-0.00818694169201692
KCTD15	-0.00818497861826758
DGKD	-0.00818461018314839
ZCCHC14	0.00818210822171819
FGF23	0.00817938385596055
SMC4	-0.00817909599416307
HBQ1	-0.00817900727676419
KCNJ13	-0.00817753746664747
RPL35A	0.00817691395207317
PGS1	0.00817569696772901
RPLP1	0.00817478908126131
ZNF41	0.00817450324471819
COX7A2	0.00817318675609318
SNORD36B	0.00816934569559815
MAPK8IP2	0.00816836266685388
CORO1A	0.00816750047438638
GAST	0.00816583448009288
FAIM2	0.0081655344470546
LPP	0.00816552929936984
TMEM33	0.00816381276536533
SAFB	-0.00816379852872394
TBK1	-0.00816286736652251
DNAJC11	0.00816259265557509
PLGLB2	-0.0081620222917316
TNFSF8	0.00815990308939787
RIT2	0.00815987149068059
PI4KB	-0.00815901208634455
NME3	0.00815860278003382
ARL2	-0.00815585017219862
STRADA	-0.00815581156111003
PRDX6	-0.00815578930420903
RAB11FIP1	0.0081553223354692
HOXC13	-0.00815458436636385
UGT2A2	-0.00815444625737258
SAA1	0.00815434570557242
IFIH1	0.00815148787087564
NR1I3	0.00815099535784084
AATK	-0.00815049716094599
CHRD	-0.00814961280387264
SLC24A3	0.00814921073480758
NUP88	-0.00814902513617919
FOXI1	-0.00814812145305467
SLC3A2	0.00814756825678424
WT1-AS	-0.0081471893384655
EHMT2	0.00814529527630137
TAS2R7	0.00814523464005786
BTBD2	-0.00814013465708102
ATP2C1	-0.0081396825894157
PRKCI	-0.00813906914809671
CXorf40B	0.00813548444518712
SLC44A1	0.00813437589346455
RNF43	-0.00812612461355166
AGR2	0.00812441288005396
POMT2	-0.00812185653915146
GINS3	-0.00812073060697484
RFWD3	0.00811710347633079
BTNL2	0.00811540227029597
DKFZP434L187	0.00811449212782647
LTBP4	0.00811340355193035
RNF128	0.00811315216397788
PRRC1	-0.00811019634855137
CLDN1	0.0081101345582291
TMEM80	0.00810885724655691
RAC2	-0.00810827405016685
NNAT	0.00810441109241893
ARVCF	0.00810022938918812
ACTR5	0.00810016322523934
HCRTR1	0.00809972939834071
CCDC30	-0.00809720024141824
IGLV6-57	0.00809677565434698
CSRP3	0.0080950498135549
DPYSL4	0.00809440007733506
C7orf43	0.00809330428407051
TAGLN3	-0.00809230055733597
MAOB	0.00809023093750656
GOLGB1	0.00808941593029914
RFX4	0.00808863020963873
MSH2	0.00808850720521964
IP6K1	-0.00808609604578027
MICAL2	0.00808250428015877
S100A4	0.00807976315147929
PARP16	0.00807911153814637
TMEM185B	-0.00807910677017668
SDHB	-0.00807822218199178
SAYSD1	0.00807812496728155
CD101	0.00807315779380484
ADRA1D	-0.00806931756817833
TMEM206	0.00806716418699669
NCOA3	-0.00806714173662558
CHI3L1	-0.00806677108381373
CEACAM3	0.00806652710451315
SRPR	0.00806532252032008
SPATS2L	0.00806470934991813
PRR5	0.00806389010237926
TPM4	-0.00806266663147299
THRA	-0.00806021360483324
SPEN	0.00805968408693869
TRPM1	0.00805966398674774
LOC202181	0.00805959448250527
ZNF500	-0.00805958898394701
FANCF	-0.00805663332005358
FOXO3	0.00805581722296755
EIF3K	-0.00805521420874433
TOR1AIP1	0.00805033336490835
CD38	0.008050052500778
RASA2	-0.008049280541892
OR7E24	-0.00804816839537883
TRPV2	0.0080476072424837
COX7A2P2	-0.00804214478676069
PITPNA	0.00804170826391548
PRKACG	0.00804037427033519
YIPF5	-0.00804018777258346
EXOSC4	0.00803927425932587
MRPL18	-0.0080374460236865
MED7	-0.00803704772928539
CRYGD	0.00803231366920899
HLA-DRB5	-0.00803091318396871
IL7	0.0080307253673365
TNXB	0.00803005324886512
RRP7A	-0.00802941067839723
PDE4B	-0.0080277538270048
SERPINB8	-0.00802764542227932
SLC6A13	0.00802741393124455
CEP131	0.0080237995022729
CHMP7	-0.00802277085956549
IGF2BP2	0.00802222504276153
TPH1	0.00801863610882256
MAPT	-0.00801573752196414
FBXO4	0.0080106801967618
SMR3B	0.00800976447387261
CUL4B	-0.00800832500959
ADAM30	0.0080082839530585
SRSF3	-0.00800768955954508
GTF3C2	0.00800617867153405
ELAVL1	0.00800531836505882
TRIM9	0.00800390104143916
ATP6V0E2	0.00800235177764962
ZRSR2	0.00800221553135217
HEATR3	0.00800202562022219
PRTN3	-0.00800146390409184
DTX3	0.00800136942929024
TCF7L2	0.00800081586705526
JAK3	0.00800009147779185
IRF9	0.00799774616826696
ZSCAN31	0.00799715531884629
FAM49B	-0.00799630996039658
SCGB1D1	-0.00799502440849645
SCARB2	0.00799481354169145
RPL23AP32	0.00799423116031038
AGAP5	0.00799420627701155
MCHR1	0.00799141714003903
PIGQ	-0.00799043581669151
MDH2	0.0079901755367742
CLEC7A	0.00798724397159787
IFNA14	0.00798545302424349
RIPK1	0.00798396194066924
SMARCA2	0.00798301973776864
PLCB4	0.00798072727413035
CLEC2B	0.00797873635227365
ATG101	0.0079780703290994
TTC4	0.00797556993188284
SLC9A8	0.00797556173822421
KATNBL1	0.0079743460277761
ZFYVE26	0.00797176433448154
EZH1	0.00797113007224358
PPFIA3	0.0079706903074762
CNOT3	-0.00797038134602342
LCT	0.00797021115062314
CCDC7	-0.0079675426581309
HPS6	-0.00796722952440224
TREM1	-0.007967005459917
PYY2	-0.0079667105354587
NTNG1	-0.00796524138881587
USP7	0.00796141669302456
GABRA4	0.00796068651154016
RGS6	0.00795616540988513
GALR1	-0.00795584295479317
ASMTL-AS1	0.00795574385251398
OR2F2	0.00795529493496989
C11orf57	-0.00795002250298226
PANK4	0.00794747136747917
DIP2C	-0.00794634885407075
POF1B	-0.0079445321365841
GYPE	-0.00794276207084053
USP13	0.00794183167246167
RNF4	0.00794140439149202
UBL5	-0.00793976557699504
GSTA1	-0.00793942060834123
TNFRSF12A	0.00793677379750923
STAM	-0.00793037105072824
LSP1	0.00792983828748864
DUSP26	0.00792880143313947
MFAP3	-0.00792839660965298
OSM	0.00792812898833623
PHYHIP	0.00792790462132197
SSTR5	-0.00792727989273723
DEFB4B	0.0079246277020726
NABP2	0.00792227998437183
G6PC2	0.00791974791243403
H1FX	-0.00791867625420842
TMEM151B	0.00791495246633818
PKD2L2	0.00791387559039241
ADAM2	0.00791346898283027
SAR1B	0.00791337056444235
NEIL1	0.00791144546525322
ANP32E	0.00790931308100116
TRIM49D2P	0.00790810931641516
SLC6A8	0.00790782456670863
RAB15	-0.00790659334654786
SH3BP5	-0.00790282718499595
PSG11	0.00790129475272626
NDST3	0.00789904685842301
PTPRB	0.00789819940717367
BMP3	-0.00789762119093128
EOGT	0.00789760595099724
RAG2	0.00789688533973096
CYP2J2	0.00789684874895731
VPS13D	0.00789460453487267
FCGBP	-0.00789244808709465
CSTF3	-0.00789099439465037
NCAPD3	0.00789070387077274
NSMAF	0.00788943232585705
FGFBP1	0.00788897056874203
GFRA3	0.00788786009981924
ERN2	0.00788730155133735
CEACAM6	0.00788702421067263
KDM6A	-0.00788543313347785
EMC7	0.0078831396780248
ZMYND10	-0.00788289868392095
SENP5	0.00788252821729008
SPON2	0.00788108906276829
LRFN3	0.0078809436874007
UCK2	0.00788028431481447
HOMER1	0.00788004527070974
SYMPK	0.00787913643866304
MPZL1	0.00787874647830836
IGSF3	0.00787843500170821
RRAS2	-0.00787759848182586
SNPH	0.00787644062883782
GALT	0.00787580018286743
NUP188	0.00787494990524983
UBE2G1	0.00787307768041763
NR1D1	0.00787265752963439
MUTYH	0.00787161240649953
ARFGAP1	0.00786879907159758
PURA	-0.00786811463493123
PARVB	0.007867902083817
OR3A1	0.00786568448900105
SUSD5	0.00786284165722208
AMACR	-0.00786175009070823
CHUK	0.00786133460849715
CCNJ	0.00785883085885739
SPATA20	0.00785618599862653
FAF2	-0.00785612067511985
SLC12A1	0.00785578968589893
NOL12	0.00785494669985666
C2CD3	0.00785388383998658
HYDIN	0.00785379678841854
CEND1	0.00785333884926647
CSF2	0.00785267644276276
AURKC	0.00785191327410306
RABL6	0.00785174442251097
TIMM8B	0.00785130798230297
ZNF467	-0.00784921940233197
GPSM3	0.00784890098951682
PCBP3	0.00784782888947597
ZNF460	0.00784536436827748
KCNMB2	0.00784353294444864
CNTN6	0.00784333247385661
NEFH	-0.00784140222082578
PET112	0.00783881353378848
P2RX7	0.00783795130839586
MIS12	-0.00783741663527061
PTGER4	0.0078359993908375
NUP93	0.00783574591439572
JADE3	-0.00783396826570373
GSN	-0.0078303181502439
TTR	-0.00782868244969454
FARSA	0.00782868156532643
SDAD1	0.0078266157862473
NPY4R	0.00782608077100895
TCAP	0.00782122656666244
SMS	-0.00781679155778424
DUOX2	0.00781589777480198
CPSF7	0.00781402366577273
TRMT2A	0.00781279923531518
PBOV1	0.00781200719119411
AHSP	0.00781158454202252
YIF1B	0.0078068763507034
TMEM189	-0.00780587041863494
RAB3A	0.00780554465618008
IFIT1	0.0078033241140037
EPB42	-0.00780049073792809
OR5I1	0.00780024574140091
RNF139	0.00779492051478797
DET1	0.00779354259813512
MXD3	0.00779267675151163
MRPS17	0.0077896946668662
POLR2E	-0.00778837596953703
LINC00965	0.00778740058410743
HCRT	-0.00778611371464837
VWA1	0.00778528559355799
MCRS1	-0.00778505342621046
CTNND2	0.00777951939152796
CHRM4	-0.00777865635555701
LINC00094	-0.00777767887404435
TMCC2	0.00777506586686047
HIST1H2BO	-0.00777339439518237
LGALS14	0.00777143745551294
LMO2	-0.00776998672662296
TCN2	0.00776892662196049
HPS5	0.00776855006210128
GCC2	0.0077676976357079
B3GAT3	-0.00776653019400986
DHCR24	-0.00776630896698861
ARHGEF4	0.00776459721528674
COMP	-0.00776312692204929
PTP4A3	-0.0077627555518782
PAK6	0.00776083382552221
AIM1L	0.00775957737523545
PHACTR1	0.00775764898547407
GYG1	0.00775746793699726
PKP4	0.00775139204719112
IPO4	0.00774874955566069
RTN1	0.00774776654132725
ANKRD49	-0.00774773204357805
WEE1	0.00774468138422387
MYCNOS	0.00774177447949343
PRG4	0.00773993358914511
SRCAP	-0.00773928922112971
CLDN9	0.00773722363101791
PPIAP21	-0.00773227277699277
AVIL	-0.00773147464505153
PRAF2	0.00773145520159558
POLR1D	0.00773128190809615
GIMAP1-GIMAP5	-0.00773122930307068
PRAMEF10	0.00773122433566789
SDC3	-0.00772957029938852
KIAA0391	0.00772843857249591
NRXN3	0.00772833812790994
FOXM1	0.00772606202420913
UBE2I	-0.00772583514514123
PTBP1	-0.00772191020380158
OSTM1	0.00772139341062433
BCL7B	-0.00772039149985066
C1GALT1	-0.00771941407403834
GIT1	0.00771651222610183
TMC5	0.00771572007433897
NECAB2	0.00771450595811718
C4orf46	0.00771072070559403
BAALC	0.00770979762995296
YES1	0.00770817680671183
TLL1	0.00770754125419676
LTN1	0.00770682492131261
ELP4	-0.00770451411914951
DHRS1	-0.00770427423449838
HSD11B1	0.00770407085546346
GLIPR1	-0.00769715337858471
OSBPL11	-0.00769490114839281
DDTL	0.00769486957580434
MAPK4	0.00769367748210994
POU5F1P4	0.00769334035647054
EDDM3B	0.00769323860933397
FLJ20712	0.00769270257174931
GLTP	-0.00769211867684133
KLHL1	-0.00769171054773947
HSPE1	0.00769113440197597
NGDN	0.00769097047230586
LSM6	0.00769037738623802
ROS1	0.00768914538058661
LYVE1	0.00768753991382129
SPINT2	0.00768691573325915
PSG4	-0.00768679294304458
RABEPK	0.00768656067361726
RPN2	0.00768627832714411
ABCA2	0.00768230589169416
TMCO6	-0.00768086213672848
FAM173A	-0.00767971891517719
GCM2	0.00767883068170907
ZDHHC14	0.00767735845453453
TSPAN1	-0.00767671875428203
CLP1	0.00767659741242562
SPAG11A	0.0076753742536572
HDDC2	-0.00767312567206835
CCL16	0.00767259787062969
CCDC91	0.00767199846188531
NRXN2	0.00767136349823242
RAPSN	0.00767028837369014
FLCN	0.00766396537737646
ENTPD1	0.00766392514163927
PPP1R12A	-0.00766374449892909
EIF4B	0.00766373837143267
SLC38A6	0.00766301186541128
SLC35A2	0.00766270100313159
FLVCR2	0.00766000945356991
TNNI1	0.00765924105378585
UQCRH	0.00765783097614022
TRAM1	-0.00765281813289199
YIPF4	-0.0076435983950399
MYH4	0.00764130842823787
APOOL	-0.00764041982787987
DDO	0.00763845430417401
CXCR5	0.00763838414338304
UBAC1	0.00763806781909065
GBAP1	-0.00763795675563318
LOC101929829	0.00763613573641112
GDF11	0.00763505927720871
PRKG2	0.00763423627062984
TTC13	0.0076279689126549
XPNPEP1	0.007627387757969
DEDD	-0.00762696813707503
KLC2	-0.00762593047616054
SIK3	0.00762367585786658
RBM25	0.00762107590490309
OBSCN	-0.00762023748698205
HPRT1	0.00761798789851828
AIDA	-0.00761529725284527
POU4F3	-0.00761414898634042
CKS1B	-0.0076133601791085
UPF1	-0.00761326230478539
HIST1H2AE	-0.00761243071695658
UPB1	-0.00761179684014409
TTTY1	0.00761070658075669
TMEM39B	0.00760920115063405
HAAO	-0.00760842853352822
RAI2	-0.00760652535013067
TARDBP	0.00760423420523424
PITPNM3	0.00760382502055007
SIVA1	0.00760165342412335
TP53AIP1	-0.00760113053153116
ACTL6A	0.00760032591338174
KIAA1024	0.00759899069137812
SRSF4	-0.00759682459657542
POLE2	0.00759558289822731
SPAG5	0.00759407206622729
GATAD1	0.00759300475963442
NDFIP1	-0.00759258555501585
LIM2	0.00758991754825339
NXPH4	-0.00758916088883088
DCX	0.00758751983012189
FBN1	0.00758552450850927
SLC6A7	0.00758552111703459
ALG8	0.00758451469964408
TMPRSS3	0.0075842761657709
BRINP3	0.00758229911445287
SMAD5-AS1	0.00758024147984214
COL16A1	0.00757961288020046
SIGLEC15	0.00757762140086277
MFSD11	0.00757569357629629
DPEP1	0.00757409990493277
IL17B	0.00757380155688898
LEPRE1	0.00757201516786687
ZXDC	0.00757191777167059
NFS1	0.00756981503857658
ZBTB39	0.00756648493984472
YEATS4	0.00756637887244197
CLEC10A	0.00756365603768566
SNTA1	0.00756364806808342
DPYSL3	0.00756334630773184
CYSLTR2	0.00756196184742326
EMC3	0.00755919565412
TOE1	0.00755872290037284
KCNS1	0.00755824476844334
SERPINB13	-0.00755796309399447
SIM1	0.00755650018720201
CPED1	0.00755373795631435
RBMXL2	0.00755224712259988
ZMAT5	-0.00755224494761225
RGS11	0.00755173887388671
MAX	0.00754991692934092
ZNF185	-0.00754911447917816
CRH	-0.00754880422797386
BARX2	-0.00754363267692354
PFDN6	0.00754311572918005
SLC26A2	-0.00754258681583128
CHPF2	0.00754233648227844
FGF7	-0.00754186280145673
ARHGEF7	0.00753937431671953
HIST1H1E	-0.00753821605717191
ZNF407	0.00753587844360663
ZCCHC8	0.00753400046087647
QDPR	-0.00753363795258133
MC5R	0.00752883040385724
TMEM2	0.00752822559164799
ORC5	-0.00752491443548218
MAP3K11	-0.00752245388685021
ALG5	0.00752188111136923
CDKN2D	-0.0075143481206214
CD248	0.00751313558554317
SERPINC1	0.00751249540311559
SUPT3H	-0.0075092459141111
ACOT11	0.00750753049798223
PSMD5	0.00750600404348946
BRD3	-0.00750555657161487
NKX3-2	-0.00750435520014788
OAS1	-0.00750316284003603
FADS1	0.00750285378562513
CFHR5	0.00750246777541882
HS3ST3A1	0.0075022182151869
SLC39A4	0.00750200418523062
CCP110	-0.00750126164778885
FAM179B	-0.00749810653716709
ZNF277	0.00749702161051819
MAGEF1	-0.0074956058095393
MVK	-0.00749472470714716
CCDC15	0.00749382103288301
YIPF3	0.00749364094925401
DIRAS2	-0.00749334381938802
MUC4	0.00749318847742228
IL18BP	0.0074904684274073
MYF5	0.00748918775870585
PLG	0.00748362694323541
NCAPG	-0.00747917086256862
SSX2B	-0.00747565930445002
PMCH	0.0074724515842707
SCGB1A1	-0.00747165344870999
SLC35C1	-0.00747135537103363
ZNF623	-0.00746942269427807
MED21	0.00746902727789447
RPS16	0.00746785101036387
KCNN3	0.00746367582198767
PNLIPRP2	-0.00746334274662683
CXCR3	-0.00746256804416287
TIMP2	-0.00745950497455733
CPQ	-0.00745937437266294
SOX21	0.00745843260806194
PDIA2	0.0074569808026646
CRABP2	-0.00745398303239987
NHP2L1	0.00745384058708742
NACAD	-0.00745168230208277
OXLD1	0.00745141638932885
SNRNP25	-0.00745089897023629
DESI1	0.00744757330489276
MRPL19	-0.00744653954843999
FLT4	0.00744398485257528
ENOX2	0.00744393142154253
RBMY2AP	-0.00744290564724279
IFI35	-0.00744223721309221
HAPLN1	-0.00744018037418436
SRBD1	0.00743965660134904
TMEM45A	0.00743776024187613
MMP11	-0.0074369654488439
TOR1B	0.00743677392151611
FHIT	-0.00743665407742189
MS4A2	0.00743654725316524
WASL	-0.00743650170352604
DNAJC7	-0.00743615925067909
WFDC2	-0.00743561986363937
PLSCR3	0.00743433213841906
LOC100129924	0.00743229053460899
PRDM11	0.00742871574938489
FCER1G	-0.00742690539883493
CD2	0.0074262095322561
SHC1	-0.00742598204966939
PCNX	0.00742310929113099
SOX4	0.00742216086475159
PHF21A	-0.00742153791309949
FCAR	0.00742040725265001
ZSCAN5A	-0.00741566790308819
MSH4	-0.00741551756387023
CASKIN2	0.00741213659658412
KIAA0556	-0.00741198863067468
GPRC5D	0.00740956378062439
HEATR6	-0.00740879687499765
TMEM194A	0.00740838631042663
SAFB2	0.00740743300521481
NNMT	0.00740712883838822
SLC25A1	-0.007404542503611
SUOX	-0.00740329853791419
SGSH	0.00740186487489776
KCNQ3	0.00739899676685137
APOH	0.00739867229551478
SPC25	0.00739564058627063
OPN1MW	-0.00739445534724693
BRD7P3	0.00738937400126537
IL4	-0.00738802354519295
SRRT	0.00738744657988246
OR2B6	-0.0073859822683548
ACTL8	-0.00738140968268893
DUSP11	-0.00738123688795418
TNNT1	-0.00738110801292603
SFT2D3	0.00738095467617108
CXCR6	0.0073796581905392
KRT17	-0.00737842550927003
COA1	0.00737772687394676
C3orf27	0.00737712455537301
LYL1	-0.00737674549263192
KHDRBS1	0.00737581747376361
CARM1	0.00737298095049226
ABCG5	0.00737297868259012
TRAPPC13	0.00737277445254704
LCE2B	0.00736948593262738
PLSCR2	-0.00736856418076964
RPS6KA3	-0.00736846774973749
TRANK1	0.00736766393838717
DOK4	0.00736763328522531
ALDH3B1	0.00736746172164486
FAM86FP	-0.00736565233248748
CDK7	0.00736319804401044
AXIN1	0.00735839725791267
LMCD1	-0.00735747290646158
TMPRSS2	0.0073573740936138
PIGA	0.00735713857187214
TCTA	-0.00735690384373435
IRGQ	-0.00735664287809969
SRM	0.00735533546929049
IGJ	0.00735342464734171
MAP3K7CL	0.00734931950939623
HCN2	-0.00734676881173163
PSRC1	-0.00734516372389472
BSPRY	-0.00734353308957516
HIST1H3I	-0.00734118134743775
POFUT2	0.00733873260722744
BRIX1	0.0073384175890981
PURG	0.00733466532619972
ARC	0.0073345148514283
POSTN	0.00733343413669381
RAF1	0.00733283938767778
ATF7IP2	0.00733252116611889
LILRA4	0.00733068870680065
NR0B2	0.00732694857219027
CSTF1	0.00732345166702812
C2orf83	0.00732311963097424
RPL15	0.00732222301692565
C21orf59	0.00732150104396268
HMGN2P9	-0.00732134595816326
NGF	0.00731802863519499
TERF2	-0.0073175306874699
GAGE13	0.00731668407288112
INTS1	0.00731374212841113
UQCRC2	-0.0073131077714367
AMH	0.00731234596257738
IQCC	-0.00731164324973046
TCEB1P28	-0.00730943908445269
PXN	0.00730781937456486
AVPR2	0.00730487762277451
NAT1	-0.00730339879293927
INPP5J	0.00730237750350736
TNFSF14	-0.00729994640022773
CCDC71	0.00729991456677964
RSBN1	0.00729780875212036
RTP4	-0.00729776922502681
KLF10	-0.00729620892850689
ALOX15	0.00729119097358838
ASGR1	0.00728720805259832
PLK3	0.00728637222170919
ACADVL	0.0072801236896519
TFPT	-0.00727875644143411
HBA2	-0.00727638773430103
SRRM2	0.0072740416945106
C22orf24	-0.00727364443505382
TTI2	-0.00727199217060181
RAPGEF4	0.00726706953028819
ZMYM6	0.00726343750982154
MEP1B	0.0072627578195855
CST7	0.00725977750323395
MTL5	0.00725518869998859
HCRTR2	0.00725366508820358
PLAG1	-0.00725335859479742
NEMF	-0.00725266387678562
MARCH6	0.00725156423697636
F2	-0.0072511942178072
HPCAL4	0.00725031628355576
ZNF711	-0.0072499036739606
LOC642533	0.00724828726901733
ANKRD36	-0.00724770444506223
NAGLU	0.00724660007122723
PPIF	0.00724644525398301
TMED9	-0.00724587678120141
BLVRB	-0.00724515383270898
DRG2	-0.00724338658943102
CCNO	-0.00723952847531502
PKNOX2	-0.00723874605236911
ART1	0.00723826014765895
TRIM49C	0.0072352330971985
PMS2L2	0.00723464389635069
TDG	-0.00723440993699369
CNTN5	-0.00723408205436498
CCDC132	-0.00723322235739696
GCC1	-0.00722956013836918
PMP2	0.0072290121840815
BIN1	0.00722852820547948
PIN1P1	-0.00722842283000867
ARHGAP22	0.00722450110902164
LIG3	0.0072233036084177
CD22	0.00722276079313893
PALMD	-0.00722019010712425
RBMS3	0.00722017073809765
MORN1	-0.00721892758276502
RRP8	0.00721706071909183
MYO15B	-0.00721675325546186
HTR2B	0.00721549151570179
ARID4B	-0.00721537472339503
MAPK12	-0.00721428487795164
TANK	-0.00721368349916888
NUBP1	0.00721266082670358
LOC102288414	-0.00721254198667449
POLR2J	0.00720803348966814
TMEM106B	0.00720730681999098
ATP5A1	-0.00720723427558808
RPL34	0.0072067673594312
GJA9	0.00720262885006508
ZNF426	-0.00720118718377942
LOXL1	0.00719967635323812
GATA1	-0.00719904140055382
EIF3D	-0.00719887869040919
KAT8	0.00719641039519215
PIGT	0.00719581269711855
OLR1	0.00719416773771631
TMEM14B	0.00719408509331275
WDR61	0.00719134965564436
EBP	0.00719086225900726
SYNJ2	0.00719047916828486
TESC	-0.00718998874568181
DCAF15	0.00718729571508054
WISP3	0.00718630689391515
ATP8B3	0.00718502922710618
C14orf169	0.00718495591210245
FAM69A	-0.00718317618360907
EMR3	0.00718089205307301
CASC3	0.00717946181698218
PMFBP1	0.00717678042415756
GNE	-0.00717535673415315
LATS1	-0.00717524068073226
AP1S2	0.00717453641659766
GLCE	0.00717044877921289
NPHS2	0.00716947344624503
SH2D1A	0.00716653527477191
EPHX2	0.00716509938189011
DEFB126	-0.00716478451196553
LGALS1	-0.00716303297454167
ABCB11	0.00716194670697473
COL1A2	0.00716176540941054
FGF21	0.00716148705197108
SLC25A14	-0.00716066755996519
GPR144	0.00715663570070753
MRPS31	0.0071550848580834
AIFM1	0.00715366678723678
AGO3	0.00715092346366612
ADAM20	-0.00715058012042956
TPBG	0.00714918898615824
RAB3IL1	-0.00714258773458729
UPK3A	0.00714255803254536
SAPCD1	0.00714068968393324
ID2B	-0.0071366618034378
ELK1	0.00713632047041922
IL2RA	-0.00713497595116539
TUSC3	0.0071328111211344
NUPL2	-0.00713270031642147
CHRM2	0.0071307758490598
CEP97	-0.00713071224182513
PFKM	0.00712957225013219
CHRNB2	0.00712884983759583
LEPREL2	0.00712841092844227
MUC3A	-0.0071261882887794
VPS53	-0.0071247658944978
ESRP2	0.0071245680200763
CYP11A1	0.00712155408523834
SNAPC2	-0.00711725728952406
MTMR8	0.00711578870922217
RABGGTB	0.00711544591965473
GCFC2	0.00711279225896
TAF15	0.0071125715092799
FBXO28	0.00711170571251754
C1orf27	0.00711084945379841
TPMT	-0.00710632661651233
MOAP1	0.00710200774360784
PSEN1	-0.00710008207374314
CEBPA-AS1	0.0070997486900586
CLASRP	0.00709667988949613
PRMT7	-0.00709142551726905
FAM153B	0.00709142101453474
RSAD2	-0.00709122049161936
ATP1B4	0.00709062884687204
CHP2	0.00708998453762474
NINJ1	0.0070898445831397
SLC9A3	-0.00708644845503724
PSMB4	0.00708461063855352
ARTN	0.00708451533480288
IRX5	-0.00708328268498446
LRAT	0.00708320313911294
HOXA2	0.00708098953590542
STMN3	0.00708031852771312
PIGK	0.00707955045046613
PRRC2A	-0.00707903764211719
MAPK8IP1	0.00707770054627664
PAQR4	0.00707759374349236
ZBTB11	0.00707692688987258
GPR85	0.00707390978925005
RASAL1	0.00707028928724408
CNOT2	-0.00706996035773611
ZNF442	-0.007069198082228
ESM1	-0.00706909548272536
EPN1	-0.0070677446303208
NR2E1	0.00706734623098776
RUSC1	-0.00706381997350114
SPAG8	-0.00706223306931795
SEH1L	-0.00706124000504972
GSC2	0.00706051170011064
BIN2	0.00705446233004752
MPV17	-0.0070524383198829
NPTN	-0.00705027956206732
MTM1	0.00704946728555277
ZNHIT3	-0.00704871319049394
TDRKH	-0.00704843041282795
AGO1	0.00704817370276008
POLE	-0.00704789653163262
TUBA3D	-0.00704771372441158
S1PR2	0.00704587806746036
SARM1	0.00704546899634764
NDUFS5	0.00704364388246164
SLC17A1	0.00704356352729359
DGKA	0.00704273545772498
HDAC3	0.00704252583795607
IARS	0.00704242047986954
ATP6V0B	-0.00704029912980031
TIAL1	0.00703752190254512
TGM2	0.00703512005498669
PLEKHO1	-0.00703294209050988
IL17RC	-0.00702974642150965
SULT1A1	0.00702953664013032
NFKB2	0.00702907178135549
ATHL1	0.00702838612016218
FAM189B	-0.00702721330704923
EID1	0.00702621902591835
CXCL10	-0.00702603166338598
HRH1	-0.00702558856533312
PRM2	0.00702512456827291
MMP13	0.00702462883625348
UQCRQ	0.00702443503686201
ZNF214	-0.0070210485099556
CLCNKA	0.00701974829162986
CCL4	0.00701911141971483
TRIM39-RPP21	0.00701699874239803
CD52	0.00701488153590899
BAG2	0.00701455399178928
EPS8L2	0.00701381766151972
ZFY	-0.00701295733973242
TMEM43	-0.00701081163472917
MRPL34	0.00700870494163714
SIDT2	0.00700841830413984
TMEM223	0.00700836055259145
SNUPN	-0.00700813078357264
TRPV6	-0.00700676552824792
ANXA9	0.00700322434733641
TSPYL5	-0.00700241107551046
HMGB3P1	0.00700182984374719
RPL3	0.00700169233253164
MEGF8	-0.00699932349069327
GDF5	0.00699700546729068
NCBP2	-0.00699584592912086
GRIK1	0.00699321246196255
EN1	-0.00699174024492637
ANXA2P3	-0.00698851967623967
AMMECR1	-0.0069879075219172
EPS8L3	-0.00698774310877103
RCC1	0.00698651725150542
DAAM2	0.00698581521258328
PSPH	-0.00698521804661904
OXCT2	0.00698334857448302
F12	-0.00698279547153546
IL9R	0.00698138851318938
IPO9	0.00698024994448411
AP3D1	0.00698019337799731
KDSR	0.00697968518930155
DUX4	0.00697944902649577
PDE6H	0.00697617231867732
VTI1B	-0.00697515416220166
ASPA	0.00697489341791923
IL3	0.00696964248050906
EML4	0.00696443852054934
DNAJB14	0.00696311252497731
SCN4A	0.00696266148734275
IDH3A	0.00696039291633034
FKBP6	0.00695853050363054
PYHIN1	0.00695787469676593
ATOH1	0.0069550651822749
IBA57	0.00695409985933651
TNRC6B	0.00695362366992614
PPP1R2P9	-0.00695347472533648
RPGRIP1L	0.00694967599072654
WNT5B	-0.00694908986149606
SAMD14	0.00694746243089262
TOR4A	0.00694649146167757
DUS1L	0.00694525276854666
CCDC68	0.00694454777009704
RAG1	0.00694345360679758
SIX3	-0.00694053047641078
DHX30	0.0069393809441037
NPPA	-0.00693571480124895
GAL3ST1	-0.00693164693695198
CHRNA4	0.0069266549407265
HIST1H1D	0.00692659316979831
ACAA1	0.00692498811043478
ISCU	0.00692483189968995
RAB11FIP3	-0.00692126785442542
GSN-AS1	-0.00691901866782802
KLK2	-0.00691881760319169
ZKSCAN4	-0.00691636823503392
HOXA3	-0.0069153371063901
NEB	0.00691128073862519
AVPI1	0.00690969050751881
CAMSAP1	0.00690873744831478
KRTAP1-3	-0.0069072183754373
TET3	0.00690564762024767
ZNF629	0.0069054106120868
PLCH1	0.00690234188015436
LOC100127886	0.00690104471910828
SNORD102	0.00690055154077573
LTK	0.00689607813441095
GNAT2	-0.00689509791219692
RBM6	0.00689181378267481
MYOZ1	-0.00689169604651093
POM121C	0.0068897705256247
CCL11	-0.00688858863301313
CCT8	-0.00688784970437257
FXYD1	-0.00688736948520132
LZTFL1	-0.00688723101251913
CXCL3	0.00688685102110411
CCDC87	-0.00688575498520132
APOBEC3A	0.00688564492388628
CHAF1B	0.00688564378897081
EMC10	0.00688549906881007
APLP1	0.00688399369749627
TMEM57	-0.00688275890139126
KPTN	-0.00688217622521915
AOX1	0.00688191967844208
STX1A	0.00688034024031428
DUOX1	0.00687963568628642
LIPF	0.00687939059641776
BACH1	-0.00687540393701788
NLRP1	0.00687486610303686
LRFN4	0.00687450619516055
RPL38	0.00687046118914896
POM121L4P	0.00686774666643207
LARP4	0.00686754897905354
HARS	-0.00686398921908846
BABAM1	-0.00686235927140105
ALDH9A1	-0.0068608173497119
CLIC1P1	-0.00686016814051282
KDELR1	0.00685997069307706
IRF2BP1	-0.0068590505882285
COQ7	-0.00685824151640348
KIAA1033	0.00685779505366768
KLF3	-0.00685486436814365
FZD9	-0.00685211264786274
BAG5	0.00685070348170808
CHRNB4	0.00684971244206125
RND2	0.00684538605425862
JAM3	0.00684439889155645
BRAF	-0.00684271707086729
CPSF3L	0.00684090873496328
KRT16	0.00683960954521665
NPDC1	0.00683868309870339
EIF6	0.00683401778784199
GRHPR	-0.0068321222660764
MDM2	-0.00683165136766083
TBCE	-0.00683003957801746
ZNF334	-0.00682303750505674
TCEAL1	0.00681987196908541
ABCA12	0.00681811657752629
CST8	0.00681493485635367
C5orf66	-0.00681386491484054
G0S2	0.00681377425850491
KCND3	0.00681364773356641
ABCA4	-0.00681316989984547
NUDT3	0.0068123810721842
HLA-DQA2	-0.00680526910077515
IL2	0.0068031724537767
BECN1	-0.00679775534689798
LMAN1L	-0.00679755672902032
DAPK3	-0.00679203017001939
APC2	0.00679114605460477
PIGC	0.00678746782228371
OARD1	0.00678556774385466
FFAR2	-0.00678272150514667
EXD3	0.00678221407686484
FOXA1	-0.006781829552294
FAM3C	-0.00678035024485227
LAMA4	0.00677775589838561
HSF1	-0.00677729430196687
SERGEF	0.00677619375204367
KL	0.00676953893275781
ATP6AP2	0.00676897366161848
PRB1	0.00676777533374092
PRO2012	0.00676631971118056
ABLIM3	0.00676513466378803
DCT	0.00676485554166972
TLR8	0.00676431674262878
CASS4	0.0067601080259994
ZWINT	0.00675812949919741
SERPINA1	0.00675777819637082
F2RL3	0.00675685725450094
RAD9A	0.0067523390556235
UGT2B4	0.00675136161972128
TJAP1	0.00674780664522939
ARHGAP25	0.0067455673007745
SF3A2	0.00674551042692203
CIAO1	0.00674431637896346
LAGE3	0.00674278170413418
ADNP2	0.00673631777393787
BGN	0.00673591028345407
GBP1	0.0067348865164097
C19orf54	0.00673466750176256
GPD1L	0.00673383691213566
MMP9	0.00673378899823995
NAIP	-0.00673342062654012
LGALS9	-0.00673312313701512
P2RY4	0.0067299217174615
REM1	-0.00672911022240376
CD55	0.00672675080844106
THG1L	0.00672460515784789
MAGEA8	-0.00672379688379358
RPEL1	0.00672315451093993
MRPL39	0.00672004357524371
CORO7	-0.00671725189179403
ZBED1	0.00671591906976207
PAXBP1	0.00671550316873691
DCAF4	0.00671401060585467
SYBU	0.00671374952515037
HLA-DPA2	0.00671272459183673
SLC25A38	0.00671207092106583
TTBK2	-0.006711680925313
PPIAL4G	-0.00671019108064617
CA9	-0.00670982564899851
SNORD45A	0.00670914870618178
HPCAL1	-0.00670886105773365
DDT	0.00670674316713749
RGS9	0.00670551176372311
DPP3	-0.00670472882856868
RGS3	-0.00670300789723845
SSRP1	0.00670271813526022
ASGR2	0.00670262835044128
CD40LG	0.00669731025532705
PTHLH	0.00669701935199133
ZNF576	0.00669324049414127
NPHP4	0.00669193440882455
UBA2	-0.00669146076780509
CEBPG	0.00668831480022657
MAP4K2	-0.00668232708388263
ADAMTS6	0.00668179418631057
ADAM10	-0.00667834542480707
CIC	0.00667409721399872
SLC22A8	-0.00667158918014481
BRCA1	0.00667102965036811
ZBTB25	0.00666921677247282
APOA4	-0.00666538813294929
OR51E2	-0.00666307395615575
FUBP3	0.00666265663636531
PGF	0.00665927328768203
IFT140	-0.00665714935017671
PMCHL1	0.00665677302930531
KIF20B	0.00665576229701195
COPS6	-0.00665422669282083
AQP5	0.00665376843547323
ZNF512B	0.0066523594832478
CYP4A22	0.00664792642414087
MPHOSPH9	0.00664756399017003
LSM1	-0.00664451327442882
FAM90A1	0.00664243380900228
ENTPD3	0.00664105718203114
ACTL7A	0.00664013047517961
TMEM59L	0.0066394888748576
RPL24	-0.00663899351235154
APTX	-0.00663697899489971
CDK12	0.00663655778633638
BAIAP2	0.00663294170019066
CREB3L1	0.00663279373086898
HIST1H2AK	0.00663119402943567
PPP1R26	0.00663020178495011
PTPN7	0.00662985131724712
IBSP	0.0066283352506602
TIMM22	0.00662817513434502
LOC100507388	0.00662752058231355
LARP7	-0.00662724446769837
DZIP1	0.00662372189916138
COL4A3	0.0066229114644634
TNFRSF1A	0.0066206080623863
DDX3Y	-0.00662026830851527
GYPA	-0.00662011224221031
DVL1	0.00661870588281335
CD68	-0.00661757158850686
GPR97	-0.00661391981189817
ARMCX5	-0.00661280130971727
BCKDHB	0.00661093962937275
DONSON	0.00661024143607994
CLEC4E	0.00661009667493211
CAPN15	0.00660902566661244
YTHDF2	0.00660756954954026
BTF3P11	-0.00660638103073181
RFXAP	-0.0066001085000274
MYOC	0.00659983953489711
BMP1	0.00659938938166291
ARHGAP11A	-0.00659848628555121
TMX2	0.0065913195418236
CBX8	-0.00658535980911302
VPS11	-0.00658063832168921
ARHGEF15	-0.00658009414992143
CACNA1H	0.00658001710517023
PARD6A	0.00657748935425384
SERPINA5	0.00657717556744721
TDGF1	-0.0065738296856133
FILIP1L	-0.00657143804321584
UNC119B	-0.00656941685171564
SPATA6L	0.00656876317885709
TUBA4B	-0.00656632033127709
SCEL	0.00656576568801912
AK1	-0.0065637849060956
COL3A1	0.00655715141385077
DLEU2L	-0.00655505321511796
APBA1	-0.0065532365931066
MDM1	0.00655274347928167
TAF6	0.00655032542818439
DDX4	-0.00654989839882305
NACA	-0.00654054005286608
DDX41	0.00653943902569333
EREG	-0.00653590415536967
OASL	0.00653492327567305
TAF1	-0.00653332139874828
CCL20	0.00653293575979531
SLC2A10	0.00653248279025843
PKN1	0.00653052564016797
VPS13C	0.00653006313373227
ZNF652	0.00652972921614646
DCUN1D1	-0.00652895236844566
PCSK6	-0.00652844607001341
LBP	0.0065281811238593
TBC1D1	-0.00652340216969986
CALCB	0.0065230725960707
PREPL	0.00652258346401496
XPO1	-0.00652047394739539
NUCB1	-0.00651814055574641
UBXN8	0.00651660409499571
USP49	-0.00651514074302113
PGP	0.00651486937555803
FPGT-TNNI3K	-0.0065146023686811
TNFRSF17	0.00651389357126323
FOXL1	0.00651161929469574
SERPINA6	0.00651105636440027
SNCG	0.00651072230489598
NAGA	-0.0065058055300283
PSG1	-0.0065049407546147
LRIF1	-0.00650202840362473
TMEM53	0.00649870291890958
SCAND1	-0.00649459395159778
PKLR	0.00649224484787199
PLD2	-0.00649103137569839
NME8	0.00648909491001388
ZNF330	-0.0064838018372845
AANAT	0.00648222723928035
EFCAB6	0.00648177744022308
WNT5A	0.00647972618503445
GAREM	0.00647945660469971
ANO2	-0.00647707451806286
RSF1	0.00647586307111819
CARD14	-0.00647468942631664
SMPX	0.0064731141632058
ESYT1	-0.0064712804160804
GPR78	-0.00647077744973292
MIR15A	-0.00647035766546303
ERCC1	-0.00646958817579312
FAM153A	0.00646939735795222
YIPF1	0.00646916698467394
IFIT3	0.00646909526642657
TNFRSF13B	-0.00646859249358195
ITK	0.00646773354365392
COMT	0.00646727307145262
MSRB1	-0.00646726226795368
UBA52	-0.00646649326312911
IARS2	0.0064636889223758
MKRN2	0.00645758263339222
CDR2	0.00645544820038522
TEX28	-0.00645231501099588
RGS14	0.00645188132329211
RNF121	0.00645174001877751
CLK3	0.00644633978750537
CHAT	0.00644555063276991
TCP10	0.00644337748702482
ZNF257	-0.00644307382254294
ITGAL	-0.00644053702411198
DUSP8	-0.00644031177424576
C9orf9	-0.00643970540471968
PIWIL1	0.00643752010010024
R3HCC1L	-0.00643667264373318
FKBP2	-0.00643440674584083
MARK2	0.00643117277014185
LYRM1	0.00642978522148532
FCGRT	0.00642906936459005
PEX26	0.0064259573651153
AAR2	-0.00642421946418182
NPY2R	-0.00642284280907184
PARL	0.00641933571774054
FOXH1	-0.00641847356039813
RNH1	-0.00641506370505533
SPRR1B	-0.00641505787244848
EFR3A	0.00641374182337058
IRAK1	0.00641374180233789
GUCA2B	-0.00641244913115164
FER	-0.00641190831013363
VMP1	0.00640954563410241
TBC1D3F	0.00640924719218578
PSMA5	-0.00640879598387154
TM9SF2	0.00640605088296433
MT4	0.00640601527184054
TOR1A	0.00640279903486909
TACR2	0.00640243982986446
ATG3	-0.00640163906309005
ACVR2B	-0.00640077056713533
XYLT1	0.00640053464233428
RPS2	-0.0063989311034641
TULP4	-0.0063987941772474
NRG2	-0.00639758843297107
SIDT1	0.00639552075908088
MAPK14	-0.00639194160893242
PPIB	-0.00639100821492308
COPS5	-0.0063854547285012
APCS	-0.00638534257143312
DLST	-0.00638493601803819
CAPN10	-0.00638326757433229
SYCP2	-0.00638317117779727
EXOC3	0.00638264655488568
MEF2D	-0.00638263531203677
GAS2	-0.00638007987787221
MINPP1	0.00637983405637879
ZNF443	-0.00637839344291275
CD1C	0.0063782725512019
MMD	-0.00637801873627531
AIMP2	-0.00637474590373244
ABCB6	0.00637431956237177
SPN	0.0063721939563215
MYRIP	-0.00637188811424012
ZC3H15	0.00637174607110352
RITA1	0.00637060334358163
LARP4B	0.00636989835706859
LRRC19	0.00636971123128597
PDLIM4	-0.00636676188451108
NKRF	-0.00636421529052585
AGTPBP1	0.00636352810596882
PYCRL	-0.00636299375793443
ACOT1	-0.00635964528064046
DOK2	-0.00635916634949302
P2RY2	-0.00635725698796029
YWHAQ	-0.00635329663616931
GPRC5A	0.00635256741748449
HS3ST2	0.00635183187201822
UHRF1BP1L	-0.00634845777500007
ACSM1	0.00634777559384146
ADAMTS2	0.00634724214305372
RIMS1	0.00634149871417953
HIST3H3	-0.00634001421765792
ASCL3	-0.00633790441199253
RUNDC3B	0.00633704715897591
OPRL1	-0.00633703751554653
SMARCC2	0.00633510300736762
GIMAP6	0.0063341606008619
HSPD1	0.00632968172171617
PLEKHH3	-0.00632853770743656
ACOX2	-0.00632830212686444
MXRA7	-0.00632729615314757
TARP	0.00632702652823538
ATP2A1	0.0063265630553951
PPARG	0.00632548469256118
CEP76	0.0063213809503726
APOL1	0.00631964143738838
PDE7B	0.00631923253915634
PAGE1	-0.00631834571423093
SPX	0.00631815350266926
NDOR1	0.00631769083055628
PTPLAD1	0.00631663789838205
ZNF281	-0.00631634222411148
CCT3	-0.00631524714345766
YPEL1	0.00631253565898258
CX3CL1	0.006309399455356
XPOT	0.00630869488281301
PSORS1C2	0.00630855997381487
CEBPE	-0.00630639721830447
POM121L8P	0.00630462824692986
SLC30A5	-0.00630194191834643
XAGE1B	0.00630085455771273
MAGEA4	0.0062979743460345
LOX	-0.00629785802734149
EBNA1BP2	0.00629666335288082
WNT16	0.00629526916356393
PPARD	0.00629422389451785
SCAMP3	-0.00629204509426558
BCMO1	0.00628807805595975
ICAM2	0.00628788904519479
SLC26A6	0.00628637731776417
MLH3	0.00628635833832135
OS9	-0.00628269143797851
SNORD61	0.0062797209594338
GBAS	0.00627847435713688
HNRNPR	0.00627821992902501
MB	0.00627787709724664
CHD8	0.00627677803977631
EHD4	0.00627468454061864
MAST2	-0.00627369394549358
ISLR	-0.00627183144931278
CLN5	-0.00627140875367591
DLGAP5	-0.00626906759670227
SPTAN1	0.00626905253660938
UBE2D2	-0.00626510448715926
CLIC5	0.00626457116931398
HRASLS2	0.00626456248920346
OR2B2	0.00626452109859682
NDC80	0.00626418585380603
SNORD54	0.00626237527642623
IL3RA	0.00626081577773374
C5orf15	0.00625950451904355
HHLA2	0.00625885721888306
PCDHB17	0.00625642742306291
CCK	0.00625258822580179
HSPA13	0.00625086750271599
CYP2C8	-0.00625063600676061
P2RY14	-0.00624678127361698
GPR31	-0.00624443904363143
TMEM176A	0.00624439170157994
CEP104	-0.00623986715409684
GNAT1	-0.00623759980174802
BTN1A1	0.0062367214659347
FMO1	0.00623631262256406
RMDN3	0.00623576083919304
BIRC7	0.00623570776588322
TAS2R13	0.00623484282316168
E2F3	0.00623411941901965
IFFO1	0.00623283429688509
SH3GL1	-0.00623222125457984
CBR3	0.00622811557348507
PPEF2	0.00622624975547071
GINS2	-0.00622616277500242
SPIN2A	0.0062243504522533
NACC2	0.00622327641361289
GLRA2	0.00622274258442278
PDE4C	0.00622265875779954
GTPBP3	0.00622155536463013
COG5	0.00621870031333384
CCDC69	0.00621674907889542
TFF3	0.00621619938002404
TOR3A	0.00621531131724029
PCSK1N	-0.00621305880572966
HKDC1	-0.00621201457552095
TREML2	0.00621037198886298
GALNT1	0.00620626547630494
MAN2A2	0.00620565431500172
PTPRN	0.00620491214501911
RTEL1	0.00620435412907169
KCNC2	0.00620256764993103
CD244	0.0062018908025996
FZR1	-0.00620004359474221
LINC00312	-0.00619854294797102
UGT2A3	0.00619669924389197
COX7A1	-0.0061964653984171
SAP130	0.00619518440173059
LTB	0.00619478868313651
MAP3K14	0.00619360471702112
VCAM1	-0.00618624580431588
CYP2D7P	0.00618581972592685
LOC100996696	0.00618397039939096
ADH1B	0.00618363626427996
DCBLD2	0.00618345357963307
PABPC3	-0.00618336304441076
DNAJC16	-0.00618111161299802
C21orf33	0.00617620227066381
HSPA4L	0.00617078176553397
CCR2	-0.00616929709420036
GPS1	-0.00616756066544104
PLA2G2D	0.00616250896162917
SFTPC	-0.00616234107244951
SUV39H1	0.00616166154025997
S100A9	-0.00616120774334415
GP2	-0.00615972479986538
DPY30	-0.006158474807217
LRRC37A2	0.00615527997325707
EDA2R	0.00615452306101799
PPP2R5B	-0.00615381855336136
PHF8	-0.00615337629293391
FBXL8	0.00615068219274673
AAK1	0.00614953961986949
APOM	0.00614884439535896
MCTP2	-0.00614880515262675
PDE6C	-0.00614830640852093
RPS17	-0.00614709780656589
EGFL7	0.00614570152218653
DUSP13	-0.0061438385963738
LOC729164	-0.00614327763660841
SPDL1	-0.00614225186207995
MROH9	0.00614186774950527
PC	0.00614172898143025
JRK	0.00614123774160613
BRD7	0.0061404110456653
MEOX2	0.0061387697978964
HIST1H4F	-0.00613821244026933
SLC39A7	0.00613816541013753
SLC25A31	0.00613664867633603
SLC22A6	-0.00613663036828044
HTR1B	0.00613015026130572
PEPD	0.00613007017297373
APOBEC1	-0.00612668200694109
ZDHHC6	-0.00612461049569191
KRT32	0.00612110434147782
VEGFC	0.00611851061914136
C11orf16	0.00611716244540752
ATF6B	0.00611588156800981
WDR77	0.00611563096628411
LUZP4	0.00611484363046555
ARHGAP33	0.00611429027590051
LRRC8E	0.00611183062886781
ZKSCAN7	0.00611101835099655
CKB	-0.00611069659017378
PTPRC	0.00611029125820984
CRYBA1	0.00610948729729664
SLC7A9	0.00610905591646874
SPIN2B	0.00610852699913306
FAM3A	-0.0061074977765684
ZNF696	0.00610732162882773
TNMD	-0.00610301072825002
MOS	-0.006100355940584
ZNF133	0.00609981849271241
SETD1A	0.00609844461843424
MED25	-0.00609808975730812
COMMD4	0.00609496426158701
FAM63A	-0.00609224475083823
SEC11A	0.00609165307840235
NBN	0.00609059389027678
ATRIP	0.00608474730095875
EIF2B3	-0.0060847054910451
CT55	0.00608263244943428
BICC1	0.0060813045832062
C16orf70	0.00608072672997691
SEBOX	-0.00608071173563091
ZNF593	-0.00607990906316813
CTSE	0.00607943068337235
S100PBP	-0.00607845217844839
OR6A2	0.00607738416968187
CYLC1	0.00607717325178876
SEPT2	-0.00607182354476323
DLAT	0.00607157620703926
MRE11A	-0.00607124794995045
UGT1A1	0.00607052546162621
SECISBP2	0.00606991542020356
MTERF1	-0.00606986085204914
EBAG9	0.00606434404640575
POLR2I	-0.0060643100897866
WDR91	0.0060636388292016
NBR2	-0.00606162065438355
GLB1L	-0.00606007064267559
PACRG	0.00605930584511444
ZNF205	-0.00605929042559215
HPN	0.00605822922865662
ZNF235	0.0060569081309377
RUNX2	0.00605672130853923
NMB	0.00605563633695858
ADTRP	0.00605350962856476
LILRB3	0.00605099827120737
GPX1	0.00605058239159464
SLC25A11	-0.00605035049878024
PSMD3	-0.00604508712723194
IQSEC3	0.00604495993771272
CA10	0.00604384721641469
NOC4L	0.00604350786214034
TCP10L	0.00604070774821935
ALDOAP2	-0.00603780739367674
MOSPD3	-0.00603360413581534
DCLRE1B	-0.00603287279060664
RYK	-0.00603254785944156
BTG4	0.00603184632882183
PRKRIR	0.00603073170679297
CLDN15	0.00603002299883677
LOC100288974	-0.00602774824394053
PDZD2	0.0060266133219954
TAB1	0.00602610105236321
CST3	0.00602006743688099
ALX3	-0.00601825541323343
ALDH5A1	-0.00601798709228029
TMEM109	-0.00601766776414512
RPL10A	-0.00601627999533726
GJA4	0.0060094197177715
HSPB2	0.00600890077311126
DNAAF1	0.00600719197433086
DDA1	-0.00600716537407132
ZNF266	-0.00600384907103063
SART3	0.00600214018186428
TSPAN32	-0.00600194318938658
CNPY4	0.00600114934436391
ZNF37A	0.00599716783698599
GIP	0.00599483399579351
ZNF16	-0.00599279083845979
COL5A3	0.00599190019959521
EFCAB2	-0.00599141322226395
ESRRG	0.00598889358871699
SDK2	-0.00598727798745584
MC4R	0.00598694653141186
RPL27	0.005985777305022
HOXD12	-0.00598433528877906
CYBB	0.00598359589668348
DDX19A	-0.00598278151954065
RASA4	0.00598072571481574
EPX	0.00598056704555833
MEF2C	0.00597834115804754
SERBP1	0.00597790879496598
PRPF19	-0.00597730128067345
FTSJ1	-0.00597540601439127
COL9A3	0.00597486283877432
MGP	0.00597184966350588
KRTAP2-3	0.00597134683141084
FBXW7	0.00597069164760878
CAPN5	0.00596611952284659
ATP4B	0.00596445302660473
IL23A	-0.00595953689005739
CDC42EP2	0.00595889570773676
ITM2B	-0.00595794760743353
DENND6B	0.0059572681828924
PDE6D	-0.00595605988740475
CYHR1	-0.00595443061829012
PDGFRL	0.00595364819760414
SHOX2	-0.0059534200404384
STATH	0.00594706808366848
IL25	0.00594399507766743
IFNAR2	0.00594363476948922
CYP2C18	-0.00594359293131248
SNX10	-0.00594327863067594
ESRP1	0.00594307006735187
MAP3K7	0.0059429171930631
CYP1A2	0.00594228814787352
IGKC	-0.00594227704345547
ASRGL1	0.00593764147095305
ICE2	0.00593703343318142
ASCL2	0.0059370296117471
GLT8D1	0.00593673547666736
OGFRL1	-0.00593564662042829
RNF113A	-0.00593421597101479
PSMC5	-0.00593349907087207
TMEM40	0.00593150091965269
DUSP21	0.00593143197490368
HIBCH	0.00593022663962703
C9orf38	0.00592898293777466
AKAP6	-0.00592850083778215
H2AFB1	-0.00592768176269567
SETD8	-0.00592755407441064
ZBTB7A	0.00592724021795558
HSD17B12	0.00592570118210188
TUBA3C	-0.00592471051580625
MAPKAPK3	0.00592253455675995
REL	-0.00592177381605027
PTGER1	-0.00591891581496796
NEUROG3	-0.00591758721766234
SNRPG	0.00591676667623368
ZNF586	0.00591587728625809
PSMF1	-0.00591541996844501
SRF	-0.00590930109412531
HTR3B	0.00590846897863625
GPRC5C	0.00590524521140739
ZNF362	0.00590465811736005
ST3GAL4	0.00590402040758067
GKN1	0.00590077449083031
LIPG	0.00590013218654673
MLLT4-AS1	-0.00589867981805262
FCRL2	0.00589796878545349
HOXA10	-0.00589656319684452
HIST1H2BK	-0.00589543009491362
PDF	0.00589430216970347
RYR3	0.00589414776953907
GCGR	0.00588929159041602
KRT85	0.00588757939791772
IFNA4	-0.00588725103851243
RARS2	-0.00588717907825812
IGFBP1	-0.0058863348045702
ICAM4	0.00588617316845522
CYP27B1	0.00588571119723065
SEPT5	-0.00588476477884125
COX6B1P3	-0.00588300159538899
ZNF276	-0.00588252305871707
OTOF	0.00588178244002382
ST8SIA1	-0.00588033330410083
GNB3	0.00587932524194603
CYC1	0.00587415945977008
LRRC61	-0.00587340496171387
PF4	0.00587304674899314
SELP	-0.00586838398241419
TAB2	0.00586772030159303
SYN1	0.0058645814185736
CCL19	-0.0058631813179357
CCIN	-0.00585612974395078
MRPS2	0.00585552136668828
CD6	-0.00585177775611604
TPTE	-0.00584746386769589
PRORY	0.00584715508930472
TRPV5	-0.00584148209972338
CD207	0.00583072278636589
NDST1	0.00583059713397725
TRPC7	-0.0058302509053436
FHL5	0.00582985390279254
C6orf123	-0.00582442506545971
RABEP2	0.00582326115060003
MST1R	0.00582106364595371
STX18	-0.00582101518512804
OCLM	0.00581951906648253
ASB9	0.00581947903639043
SULT1A2	0.00581853807236326
CASR	0.00581774892945123
MIR8071-1	0.0058169180745398
OR2C1	-0.00581030469733759
MYL2	0.00580709819897093
TAAR3	0.00580635873981781
SSB	-0.00580630393958757
UGT2B17	0.00580517907471071
PEX13	-0.0058026213591576
FGL2	0.00580218753664321
RPS2P45	0.00580188218765215
DCLRE1A	0.00580096609373578
LCN2	0.0057981808418365
INHA	0.00579660235429936
CCDC85C	0.00579421902677127
CTNNBL1	-0.00579420726710973
SLC6A2	-0.00579403622740638
PRSS50	0.00579227735982046
MACROD1	0.00579208010334847
GPR15	0.00579194185277995
DSG2	0.00578859781246883
NKX3-1	0.00578802379138415
SLC4A1	-0.00578719659874601
MRPS30	0.00578497619981597
TNPO1	0.00578465994672313
IFIT5	0.00578310388578941
POU6F2	-0.00578265159588508
UNC13B	-0.00578175154463031
INHBB	0.00578045967842926
SCGB1D2	0.00578004273540031
PI4KA	0.00577855239942676
PMVK	0.00577378946354453
KCNK15	0.00577206467049163
RPSAP58	-0.00577205925997781
CDH5	-0.00577013071821662
RDH5	0.00576910172514659
PA2G4	0.00576566758433774
HSPB3	0.00576558523931466
PSMA2	0.00576394008392556
C21orf2	-0.00576232915710306
KCNJ8	0.00576079299827878
SOX9	0.00576035162424413
FGF6	-0.00575647087648151
AKAP4	0.00575534960996107
VAMP4	0.00575518880940209
NT5C	0.00575422974474966
NDUFB1	-0.00575285399705721
RPL18A	-0.00575143238185347
TPI1	-0.00575092722528097
SNRNP70	-0.00575064024554289
NIPSNAP1	-0.00574988007260505
ALDH3B2	0.00574732923479665
NUDT1	0.00574706771858216
WAS	-0.00574625611721968
HCAR3	0.00574387023026485
ARPP19	-0.00574368556056268
IGF2R	0.00574342485526056
SGPP1	0.0057405468874537
FAM46A	0.00573463007494842
OR2N1P	-0.00573338190006174
ATXN2L	0.00573151783260951
ECM2	0.00573107299409791
GSDMD	0.0057303963590293
TBC1D30	0.0057298032420142
C19orf80	-0.00572459317622991
KLK15	-0.00572310699356082
LGALS3	0.00572219269084303
FRMD8	-0.00572195525067886
RGR	0.00572095589617447
EVPL	-0.0057206514513323
STX17	-0.00572052319360484
CDH15	-0.00572031280787837
EDN3	0.00571793723934307
SLC35E2B	-0.00571761874307485
ZDHHC24	0.00571009525008248
MED22	0.00570954060418881
OR12D3	-0.00570605521015748
LAX1	-0.00569811451516026
FOLH1	0.00569810824556132
KCNH6	0.00569548260680875
GPI	0.0056930729182956
PARN	0.00569149761288939
LPPR1	0.00568537602082121
PTK6	0.00568529677865142
PCCB	0.00568493860105482
MPP2	0.00568449918843332
LOC102724229	0.00568353472259646
SPRY4	0.00567882907939296
ZHX3	-0.00567791650722787
NOTCH4	-0.00567492611368747
TNFSF10	0.00567386000124252
EPO	0.00567263390923927
ING2	-0.00567020303933518
NTSR2	0.00566854801947684
PREB	0.00566550501597676
ACE	0.00566409524534273
RANGAP1	0.0056614929735091
ARAP2	-0.0056608609809149
CENPN	0.00566059427309034
ZNF236	0.00565530212561879
KAZALD1	-0.00564731370408291
MRPL46	-0.00564432419610503
TTC18	-0.00564182335162555
AASDHPPT	0.0056417605651546
CDKN2A	-0.00564170323861052
USP9Y	0.00564118329118788
RPL23AP53	-0.00564062820842749
ANKEF1	-0.00563948481274982
DHX29	-0.00563928288745767
CPS1-IT1	0.00563417153304155
CREB5	0.00563188993906923
NDUFV1	0.00563124029476174
DPY19L1	0.00563088062915216
WNT1	-0.00562948074177064
GRK1	-0.00562869137260584
PCDH9	-0.00562733906513678
SPANXB1	-0.00562564944414325
THSD1	-0.00562487113893141
DUSP12	0.00562395295684575
SATB2	0.00562231780075445
ATP4A	0.00562220422633927
DBN1	0.00562096806687647
RPS19	0.00561876253641554
LGALS4	-0.00561814505671656
FOXC2	-0.00561773599604985
YME1L1	-0.00561520826226969
TIMM23	-0.00561348565631993
GORASP1	-0.00561262448546601
PHOX2A	-0.00560907470692567
TRIM15	0.00560703564415146
FBXL12	-0.00560579242846081
MYCL	-0.00560371640933779
SNORA5B	0.0055998474555569
IGF1	0.00559963839038345
ESRRB	-0.00559812593528818
KCNE1L	-0.00559774277413546
ITPKC	-0.00559666998068965
CCDC130	-0.00559638679488432
MIIP	-0.00559585504607173
C18orf25	-0.00559178074159282
SMIM2	-0.00559072407734082
MEF2B	-0.00558924055931924
AZU1	-0.00558624526063684
CSF2RA	-0.00558412832879817
BCKDHA	0.00558390913399202
KIAA0195	0.00558202081718453
ARHGDIG	-0.00557893006870594
TRAPPC12	0.00557500072365936
IGFALS	0.00557492978865473
KIR3DX1	0.00557449157542356
SPANXC	-0.0055734851777748
GP1BA	0.00557305551098509
BIK	0.00557291374261869
UBXN1	0.00557228545612456
C2orf47	0.00557109713337831
FBP2	0.00556935595919676
GPR27	0.00556813776183464
TMEM242	0.00556787777313328
SLC12A5	0.0055659715354443
C1orf95	0.00556475260486154
METTL4	-0.00556466540208824
SAP30	0.00556437183441551
HAS1	0.00556168702141052
TFF2	0.00556062492812022
TNP1	0.00555855927865696
GHRH	0.00555535244822863
C1orf112	0.00555255141344126
MYO1F	0.0055498349114176
CNOT1	0.00554854996153285
PLXND1	-0.00554561836233071
ZNF208	0.00554157202787401
PDCD5	-0.00553965381433571
NUDT7	0.0055393178295247
S100G	0.00553689084487881
RPN1	0.00553356772229558
FUT5	-0.00553218806046661
DCLK1	0.00552914770769583
RPS20	0.00552249871125077
SNX29P2	0.00552112773801946
MECP2	0.00551952214504595
ZNF85	0.00551942710014651
ZNF263	0.00551703892705026
BIRC5	-0.00551681714609275
FXYD2	0.00551599672947644
FGD1	0.00551291543416693
EMILIN1	0.00551254624516894
FAM50B	-0.00551127270753536
KIAA1109	0.00551002229900445
MYL1	0.00550388287217096
SORBS3	-0.00550180094488941
PMPCB	0.0054992879293539
KCNQ4	0.0054979688709098
GSTT1	-0.00549692798165221
SIRT6	-0.00549604971975557
MST1L	-0.00549321338800994
HOXD10	0.00549249224070917
MAGEL2	-0.00549199328089345
HSP90AB1	-0.00548969858297543
MIA	0.00547977228655287
SPO11	0.00547909426516365
SCAND2P	0.00547819835369138
SLC1A1	-0.00547602167071929
RNASE3	-0.0054741759945564
PIGZ	-0.00547374876701864
QPRT	-0.00547272755371382
DLD	0.00546777577917853
TXNDC9	-0.00546532182003888
SLC1A7	-0.00546502282715083
TSKS	0.0054642815135128
EPN3	0.005463090035786
CDH16	0.00546307916498848
MAFB	-0.00546272799321428
MMP1	0.00545988202020517
CERS4	-0.0054576559345942
MAGOH	-0.00545510761562479
RAP1GAP2	-0.00545298754423748
STYK1	0.0054523967115198
LCN1	-0.00545221094711074
DAPK2	0.00545172010085309
COG7	0.00545167464727965
B3GALT2	0.0054512312410344
CLCA4	0.00545116830931434
MYO9B	0.00544756401560241
HMG20B	-0.00544509097628822
STAG1	-0.00544132059261891
SSH3	-0.00544041037628017
CD79A	0.00543917471679371
GSTM5	-0.00543913463415208
ITPKA	-0.00543840540250183
PNMA2	0.00543433748461876
OR2J2	0.00543385756414213
KLHDC10	-0.00543293435243879
HADH	0.00543112031849473
FN3K	0.00543012231175138
FLJ13224	0.00542938039266892
TSPAN8	-0.00542776835420759
FAM86B1	-0.00542680176656368
GNL1	-0.0054234347269504
ZMIZ2	0.00542251302580057
ZEB2	-0.00542246260360051
HMG20A	-0.00542095742800045
GUCY1A2	-0.00541827645568786
TCF3	0.00541766430043127
TMEM121	-0.00541383191756904
SRSF10	0.00541195324750568
TNK2	-0.00541133916416649
GTF2H4	0.00540995966912432
TRAF2	0.00540646765785297
CUL9	-0.00540248788403176
MAGIX	-0.00540078214151863
DHX34	0.00540041312906707
PEX7	0.00540008100094716
CGB	0.00539887366179192
CNGA3	-0.00539857305209815
ASIC3	0.0053972874542152
IFT81	-0.00539570317833449
SLCO1B3	0.00539162951981075
LHX3	-0.00539131564905934
SULT2B1	-0.00538973121290111
E2F2	-0.00538871053213531
NUBP2	-0.00538840025989268
LRPAP1	0.00538567653566844
ISOC2	0.00538488616047246
DRICH1	0.00538313406733373
RCN1	-0.00538203201827557
TRAF3IP1	-0.00538154947576413
RFC2	0.0053799770222817
NLRX1	-0.00537975878863246
CHORDC1	-0.0053785520156344
SPRR1A	-0.00537175535895497
MAGEC1	0.00537157923972618
IGFBP7	-0.00537081237283328
GNRH1	-0.00536879746893514
COG2	0.00536818673536302
DHRS9	0.00536563679282964
FCGR1B	0.00536508280383309
CXCR1	0.00536071306168993
TMEM183B	-0.0053605790003073
DSN1	0.00535891963731859
LRRC14	0.0053586769716987
TM9SF3	0.00535634544116702
KIAA1549	0.0053523123816109
SMTN	-0.0053495374921158
ADAMTSL2	0.00534431303924073
FABP3P2	0.00534267812833356
UTS2	0.00534007961199514
PTPN22	0.00533154821448452
CD97	0.00532835433917633
PDE2A	0.00532803799502273
MOGAT2	0.00532753218545282
SLC22A7	-0.00532726067403087
MVD	-0.00532383053972974
ZNF224	-0.00532352974361547
CCNE1	0.00532346296326867
ABHD17A	0.00532246934655768
NELFA	-0.00532006525571597
CD70	-0.00531909129429109
ZFR	0.00531869942880399
CRMP1	-0.00531254970742654
PUF60	0.00531156204284967
BCKDK	-0.00530572574057005
GTF2IRD1	0.00530465012901256
LINC01260	0.00530443274676133
PENK	0.00530260629182638
HYOU1	0.00530133140410155
ATAD2	0.00530101977811422
ABL1	0.00530084082288398
ATP6V0C	-0.00529721862858918
GATC	0.00529644024803333
STK11	0.00529550774940316
CRYBB3	-0.00529486623686054
CYP19A1	0.00529414886298695
SLC25A5	0.0052864893000221
SLC35A5	0.00528068255381261
GABRR2	-0.00528060424091539
SPTBN1	0.00527983846195216
RPL31	-0.00527645288618607
VSIG4	0.0052757858491426
FOXD1	-0.00526809530495899
RPS6KB1	0.00526628367568353
DSG3	0.00526572566112509
PLN	0.00526516916245338
PPP6R3	-0.0052643427137446
NOTCH3	0.00526171699490968
CTDP1	0.00526163676131951
KLF4	0.005259797268875
MLANA	0.00525890922131678
HIGD1B	0.00525633674821081
VRK2	-0.0052531769828962
HTN1	0.00525188042805894
SPAG7	-0.00525118292932075
KLRC4	-0.00525005163016533
TCL1A	-0.00524883507730483
WFDC8	-0.00524715012068215
C3orf18	-0.00524535797132169
KIAA1614	0.00524372459443994
LTBP3	-0.00523881097233905
THOC1	0.00523862798653237
MAGEA1	0.00523820286165188
DNASE1	-0.00523249749136513
LILRA5	0.00523177611426014
CHRM5	0.00522668463590473
RAD51D	-0.00522370338981218
SPEF1	0.00522333431312947
PTK2B	0.00522223243146569
AQP9	0.00521938125955757
RPA3	-0.00521910089868377
ACAT1	-0.00521876025072639
ZBED4	0.00521757272353432
CAPRIN2	0.00521533956667137
CLPS	0.00521462934691885
ZBED5	0.00521451524386952
LRRC47	0.0052140162953986
SIX1	0.00521378511208661
ATP1B3	0.0052134975209176
GRIK3	0.00521348951570848
POLR2L	-0.00521328014246521
ZCCHC6	-0.00521205086618328
ARHGEF12	-0.00521129063482659
LAT	0.00521104031414631
TMEM9B	-0.00520860460073114
OTUB1	0.00520829355365299
RPS18	-0.00520774964503172
KALP	0.00520689993918772
THNSL2	0.00520466162297677
GTF2A1	0.00520344496344705
RHD	-0.00520137147385827
LILRB5	0.00519970557912749
CUX2	0.0051990244609547
CALCA	0.00519784584904751
PRDX2	-0.00519741584153645
P2RX2	0.00519735075209619
KRT14	-0.00519218053808547
SCN3B	0.00519020604666736
FUT7	0.00518959311252698
BAAT	0.00518902160392518
GRIA3	0.00518587226199445
NES	-0.00518517627622942
ADAMTSL3	0.00518289794885084
PMP22	-0.00518272061802337
MGA	-0.0051795833039495
MAPKAP1	0.0051712525680407
CRABP1	-0.0051696496737313
ATG2A	-0.00516713905983057
DDX39B	0.00516483271495774
ADH1C	0.00516469539675298
GRM6	-0.00515990681473461
SLC12A3	-0.00515972333349944
NEURL1	-0.00515970718103709
NEUROD1	-0.00515900341361879
TRIM5	0.00515805481441806
GK3P	0.00515720229631024
INE1	0.00515284226226659
NR2F6	-0.00515223718098399
MTMR4	0.00514963659471434
TTLL3	-0.00514469261575778
NXPH3	0.00514446855780535
P2RY6	0.00514425213526172
TNFRSF25	0.00514383168355681
PTGDR2	-0.00513451134502339
TAS2R14	0.00512944622051637
CALML5	0.00512831274361978
XKRY2	0.0051283119938679
F9	-0.00512779521340169
HYAL4	-0.00512685210643119
NEK4	0.00512529796556373
NCR2	-0.00512184696366852
CLEC1B	0.00512003308229549
HOXD3	0.00511915958996464
HS3ST3B1	0.00511781951485766
ZNF783	0.00511741906982036
HAPLN2	-0.00511731735144677
CEACAM8	-0.00511582120225365
FAM193A	-0.00511552861506768
IFNA17	0.0051145757979167
EPAS1	0.0051134418747272
MSC	-0.00510879480390905
TAS2R9	-0.0051087383695853
FAM105A	0.0051082264425271
ZNF26	0.00510808485748715
PRR4	-0.00510517826130894
CHRNB3	0.00510392433708556
SGCG	0.00510369152055979
TNFSF9	0.00510219869151895
CDH17	0.00510173547566259
PTPRU	-0.00510171654975936
MARCH1	0.00510142822681697
SULT2A1	0.00509866801104147
VSX1	0.00509715884040548
SEMA3D	-0.00509495298885895
ATG12	0.00509488567089116
FMO6P	0.00509406661637037
ZG16	0.00509258215084434
PDE6G	-0.00509226310409434
SERPINB4	0.00509191574389126
MVP	0.00509186359036342
KCNIP2	-0.00508972758204433
MEFV	-0.00508958003069258
FMO5	0.00508865963076801
HNRNPL	-0.00508534995672603
NEUROD2	-0.00508534141042348
RDH16	-0.00508372807428082
TMED1	0.00508354954745122
CSHL1	-0.00508345276773355
CXorf21	0.00508186015492613
TP53TG1	-0.0050808193378204
INSL3	0.00507911862998272
DRP2	0.00507869331028496
ITM2C	-0.00507539802255358
FOSL2	0.00507426677140376
POLR3F	-0.00506831623646944
OR5V1	0.00506743998270487
VHL	-0.00506702683771006
PRO2964	0.00506555960650934
PATZ1	0.0050637602761571
PTPMT1	0.0050618947761772
CANX	0.00505995019388312
ZNF646	0.00505285608477895
CLEC4A	0.00505243376586015
ST3GAL1	-0.00504954489007985
TRABD	-0.00504658495087976
HRK	-0.00504614936808303
FBXO16	0.00504051901231103
RNF39	0.00504021031810155
MTNR1B	-0.0050399753924679
MPST	0.00503991976474715
ABCG4	-0.00503894561411808
ZNF606	0.00503136101796458
RWDD1	0.00502707398890082
MEN1	0.00502630059583899
ACIN1	-0.00502620876272963
MATN1	0.0050216937984716
SFTPB	0.00502124894957995
CYP46A1	-0.00502053705639393
GCA	-0.00501891771850545
KDM4C	-0.0050180234952058
CA5BP1	0.00501589984863275
SFTPA2	0.00501568030567651
RPS13	-0.00501371778746447
SMC1A	-0.00501307276054525
TAAR5	-0.00501197161556143
POLR2F	0.00500932574814418
SERPINE1	0.00500917473802272
STOML2	0.00500707687010352
BIN3-IT1	0.00500661456926921
POMC	0.004999777232891
C12orf43	0.00499935111679828
FOXD2	-0.00499857569588453
CD300C	-0.0049972207195258
ZNF675	-0.00499679114476938
GPR65	0.00499602684302058
PROL1	0.00499541737654907
TPPP	0.00499353514023127
CA7	0.00499319416765639
ACOT13	0.00499001357344239
CEACAM4	0.00498943724761774
SERPINB3	0.0049887623906915
CARF	-0.00498760847015958
NUDT18	-0.00498754771544261
NBEAL2	0.00498712774832531
PRDM9	0.00498663918350085
SLC25A6	0.00498452208848449
RBM15B	-0.00498238817325194
DLG2	-0.00498179261527939
MTX1	-0.00498106237650654
HAO1	-0.00497767463649895
RAB5C	-0.00497658642985243
RBMX	-0.00497629793264981
KHSRP	0.00497625280231486
OSBPL7	0.00497501038662364
FOS	-0.00497496094977611
CRHR1	0.0049707020812824
FSTL3	0.0049681482741354
PRM1	-0.00496672219393039
GLRA1	-0.00496584639205608
SLAMF7	0.00496412826930309
CACFD1	0.00496251334935438
LMAN2	0.00496074549758111
PAPPA	0.00496017579643228
CASP8AP2	0.0049595938181406
GGA3	0.00495848422385349
NPY5R	-0.00495831909067212
SKAP2	-0.0049574071581327
CCDC81	-0.0049562326210112
PDAP1	-0.00495561681550766
RHCG	0.00495545471549354
BCL2L13	-0.00495338194576699
FNDC3A	0.00495217710336984
ZNF230	-0.00495147762963917
FAM222B	-0.00495116242986344
SUV420H1	-0.00494870478536222
INO80B	-0.00494860215093142
HSD3B1	-0.00494382798092113
PHKA2	0.00494115300155966
DNMBP	-0.0049378949072335
SNRPA	0.00493707429886778
TRPS1	0.00493309593463329
FAH	0.00492911037852454
AFF3	0.00492817956864689
MR1	0.00492782093270557
MED24	-0.00492695716753287
GGT5	0.00492559596724871
TESPA1	-0.00492213095761598
RBM39	0.00491894165981682
FRRS1L	0.00491773626766815
KCNAB3	0.00491745918262032
ZNF536	0.00491440841149361
FDFT1	0.00491366637027562
HCCS	0.00490819312568596
SDPR	0.00490763656192175
CAT	-0.00490709933445835
S100A2	0.00490659381696938
C17orf70	0.00490638866326055
ETF1	0.00490535094100785
ARHGAP4	-0.00490454593236709
HSD3B2	-0.00489992215974004
CDR2L	-0.00489724289143465
CACNA1S	-0.00489323077057779
ATP5I	-0.00489219482809464
ACVR2A	-0.00489168961711333
OLFM4	-0.00489026603574483
CD27	0.00488639869193483
C1orf68	0.00488580055471977
AKTIP	0.00488276588066153
CHD7	0.00488107988410826
ATP10B	0.00487927267638372
RAPGEF3	0.00487858393270984
SMC3	-0.00487686100344888
C10orf10	0.00487685038825359
REG1B	0.00487576273946835
THEM6	-0.00487204195314497
CILP	0.00487068923951958
IL12RB1	-0.00486967350728895
SRSF5	0.00486648431038146
KRT13	-0.00486368865280787
C9	-0.00485651805766049
WISP2	-0.00485115491973321
NPY6R	0.00484984715934837
BMP15	0.00484875145239981
POM121L10P	-0.00484782179582168
DSPP	-0.00484729661615054
RPS6KA4	-0.00484508710527656
KLHL35	-0.00484341977210085
ZDHHC13	0.00484293641910275
LOC101060747	-0.0048394606658276
SLC35B1	-0.00483780152476488
PLEKHG6	0.00483691767746902
CSPG4P1Y	0.00483659233919089
CORO2B	0.00483483355203319
EIF2S2	-0.00483418924730727
PI3	0.00483116971903361
OR2W1	0.00482924467912003
FGL1	0.00482713138054031
EMD	0.00482638033811337
IL1R2	0.00482533225992665
NUPR1	-0.00482330379587324
DHCR7	0.00482327170301365
STX4	-0.00482170201805763
CYTH4	0.00482075163654771
HK3	0.00481955031921701
CHODL	0.00481863994958188
PTCRA	0.00481844325345285
BCHE	0.00481750711459607
MNT	0.00481579989169109
PPFIA4	-0.00481473313485441
DEF6	-0.00481078958199159
GPR6	-0.00481070361126489
SCUBE2	-0.00481053192746794
PRND	-0.00480953800208858
MED28	0.00480824894265097
ATXN3	-0.00480191810629516
CHST12	-0.00480124840603837
DNAJC17	0.00479740745703231
LYZL6	0.00479734208894593
HOXA5	-0.00479438594806222
C4BPB	0.00479224434777935
MAPK1	0.0047913563375398
NCOR1	0.00479110700661963
TBXA2R	-0.00478997133793441
SEC23IP	-0.004788324663646
RAB4A	-0.00478771457583593
COL10A1	0.00478731331870695
PKD2L1	0.0047859426827359
DSERG1	0.0047856302053728
CCL17	0.00478532560583549
GAPVD1	-0.00478416772063841
C1orf105	0.00478004702104798
C8A	0.00477970511335991
WSCD2	0.00477845023799344
RASSF1	0.00477837170966449
XK	0.00477760297898225
SEPT8	-0.00477546238201559
LOC101927180	-0.00477212873913527
CPLX2	0.00476752645280633
ZFX	0.00475890783395225
HSPB6	-0.00475642050943579
REG1A	-0.00475630462403411
POU2AF1	0.00475568154741643
PARP12	0.00475365127786861
SLC25A23	-0.00474975694692082
CENPE	-0.00474890308262165
SNORA29	0.00474400723149366
FKBP1A	-0.00474255331017458
NFYB	-0.00474155610507831
ZNF20	-0.00474029622543263
RRAD	0.00474012457005206
TMPRSS6	0.00473911860276621
GRAP	-0.00473874467320167
ERN1	-0.00473842467549349
SLC22A11	0.00473775734269917
CES1	-0.00473500190706496
DRD5	0.0047347370319498
MEP1A	-0.0047332098861421
C2	-0.00473095001783784
ATP2B3	-0.0047304111075893
AOC1	0.00472995383479832
ZNF750	0.0047272739501691
KRT20	0.00472327528144399
ERMAP	0.00471986232382841
LRRC48	-0.00471937524238525
IL2RG	0.00471846166542338
SBSPON	0.00471740788067865
BTNL8	0.00471590695443319
DNAI2	-0.00470777441851424
DDX19B	0.00470710247690014
DPF3	-0.00469960373994272
FAM182A	-0.0046970252118043
LILRP2	0.00469695947022778
ERAL1	0.00469559080029736
HAUS5	0.00469553585397662
PLEC	0.00469315122325485
CDRT1	0.00469175164599021
PPP2R1B	-0.00469000332353508
PPP1R9A	0.00468588485801408
C7orf26	0.00468490605239004
CLOCK	-0.00468124268599417
EMX1	0.0046760722177024
OSBP	0.00467386339069159
MKRN3	0.00467278652551119
CGB5	0.00466834408474693
ERLIN1	0.0046681915641795
MMP8	-0.00466631979445757
FAM155B	-0.00466329533863626
MILR1	0.00466240497355918
MTF1	0.00465422870864393
CYP4F12	0.0046540036007646
VIPR1	-0.00465010809250464
ADM2	0.00464851100440559
RNF141	-0.0046463255741548
ZC3H3	-0.0046457719377975
DUSP9	0.00464484197058422
TARS2	-0.00464239531062842
TBX4	-0.00464197849651377
SERPINA4	-0.00463838457147905
PEX10	0.00463775109865782
IGHMBP2	-0.00463271942026445
CRTAM	-0.00463220078472095
ATP6AP1	-0.00462922373961768
IFNA13	0.00462887048923663
DZANK1	-0.00462731540320533
DUX4L1	-0.00462593307784659
PAFAH1B2	-0.00462502366764585
SH3BP2	0.0046226818608914
HNRNPA1	-0.00461897050794441
EVL	-0.00461862335762884
CAPN9	0.00461297749019431
MEOX1	0.00461202847494612
NKX2-8	0.00460993216413033
SST	-0.00460935904324827
LAMA3	0.00460887123172647
NRAP	0.00460847583909735
TBC1D22B	-0.00460492297760987
TAS2R4	0.00460423768458232
DPEP2	0.00460399028423742
SMAD4	0.00460263584877759
WIPF2	0.00460184071206855
FEZF2	0.00460000756944725
HBZ	-0.00459399226983099
SF3B1	-0.00459381050796219
ADGB	0.00459205929613906
PDE1C	-0.00459040518923799
KLHL12	-0.00458952348122429
GFOD2	0.00458931174955431
CTSL	-0.00458192181513722
TAF1D	-0.00457850168720011
ACTC1	0.00457747367202334
ATP2B2	0.00457286121984425
CYB5R4	0.00457182672827688
FAM83E	0.00457072630291659
RLIM	-0.00457035343888536
MAPRE3	-0.00456882586950649
PABPN1	0.00456107724226721
KSR1	0.0045601214902237
TAT	0.00455984551285362
AURKAIP1	0.00455928806133679
RAN	0.00455502310149409
KIAA0087	-0.00455430880503126
DRD2	0.0045540992844728
CARKD	-0.00455397289246867
STT3A	0.00455373838687511
TMED2	0.00455348216836103
NDP	0.00454949185457664
XRCC3	0.00454746959025322
METTL21B	0.00454570025275865
RNF130	-0.00454447441468084
VSTM4	0.00454182964088857
SRP19	0.00453815492095824
MAL	0.00453551653015827
MBD3	-0.00453268132395895
INHBA	0.00453260169003308
DDX3X	0.00452989456136031
EHF	0.00452952554723458
NTSR1	0.00452150505365013
TMEM164	0.00452039781175781
TMEM204	0.00452005122516215
HGC6.3	-0.00451774099097206
PDXDC2P	0.00451715880259517
STAB1	-0.00451652876619683
RNF25	-0.00451624031855694
CTIF	-0.00451511506636588
PGD	0.00451502482805544
NFKB1	-0.00451437882211608
UBTD1	0.0045141918912122
NCAPH2	0.00451349147417871
DOK3	0.00451256397765262
LY86	-0.00451194073640081
ZNF839	-0.00450630463583611
ITM2A	0.00450361536410405
CDC16	-0.00450086793599847
FAM186A	0.00450000678123661
NOD2	0.00449965396888756
ARPIN	0.00449955921410453
MMP23B	-0.00449730252254543
LST1	0.00449647474514824
FAIM3	0.00449473587339265
RRM1	0.00449436684774056
HOXB2	0.00449323721916764
TRAPPC2	0.00449134579544706
ZNF718	0.00449066400147392
CSH2	0.00448893367834205
UQCR10	-0.00448666716230196
CLCA3P	0.00448459856801866
CACYBP	0.00448326815483039
IGSF6	-0.00448181130873554
GRIK4	0.00448142548988558
FAM63B	0.0044789961173455
IRS2	-0.00447885264406443
KRT81	0.00447772031870219
GFI1	-0.00447709800107946
TAS2R8	0.00447498426315054
OMP	-0.00447238395169259
TOPBP1	-0.00447202489092433
HPR	0.00447183546337248
TUBA8	0.00446879275584119
C1orf56	-0.00446811520846507
BDH2	-0.00446669167950306
TRIM28	-0.00446314278551087
DPT	0.00446181316655531
NAP1L2	-0.00446072915260098
SPAG4	-0.0044600112983465
EIF2AK2	0.00445884033914446
SCARF1	-0.00445877023107175
MYL5	-0.0044578575402145
GOLGA7	-0.00445663152234233
A4GALT	-0.00445572511498073
MT1M	0.00445569048763795
KRT5	0.00445281342076735
GPATCH1	-0.00445239831839753
PAX3	-0.00445073153569234
KRTAP5-9	-0.00444783024974453
DDX27	0.00444757084529012
GPR4	-0.00444340351739413
LRCH4	-0.00444337661089437
ATPIF1	-0.00444062625154665
POGZ	-0.00443940399653105
RHBDL1	0.00443556883990099
CTSG	0.00443460039275034
KRT9	0.00443415656676994
CTAG2	-0.00443408088375725
OSR2	0.00443299402450921
CINP	-0.00442634254354666
BTF3P13	-0.00442570449005991
USPL1	0.00442461681155074
MGC4294	0.00442320430631696
SCN10A	-0.00442282071770754
KAT6A	-0.00442196459382997
EVI2B	0.00442101064307386
TNFRSF4	0.00442005151233042
GZMK	0.00441781025284629
TFAP4	0.00441460500795265
NDST4	0.00441432512509893
TCL6	-0.00441375022800033
IRF5	0.00441097068870045
GP6	-0.004409765705687
ARPP21	0.00439080142756344
TEFM	-0.00438814362340933
RHOBTB1	-0.00438542770495605
CDCA8	-0.00438482303159253
SLC5A1	0.00438346972385211
AQP8	0.00438133776936248
PSENEN	0.00437993264870356
ARR3	0.00437912702268746
ITGA10	0.00437900587775263
CTTN	-0.00437667748416043
HCG9	-0.00437579955704481
ADAM18	0.00437453187059412
HOXB1	0.0043744877135762
NCR3	0.00437227840016265
TNFAIP8L2-SCNM1	-0.00437057480651314
CDK9	-0.00436790939489017
SIPA1L1	0.0043679040508353
ALLC	0.00436374737159219
SCARA3	0.00436299445188093
LSM12	0.00436212525926136
C4orf29	0.00436201863086816
RAB40B	-0.0043576598378605
HLF	0.00435730347563654
RIN1	0.0043569994033523
PDCD2	-0.00435472115695433
CHRNA10	0.00435341064450757
EEA1	0.00435340370326596
AGO2	0.00435223575790142
CCNL1	-0.00435126035751953
CD86	-0.00434961427419928
APOB	0.00434575350022936
PHACTR4	0.00434372142513329
CLK1	-0.00434346372280081
KRT31	-0.00434314440079639
KERA	0.00434253194541286
RXFP3	0.00434045166316139
ALPP	0.00433804837198737
CSNK1G2	0.00433750950612575
PSMB2	0.0043345284926002
CRNN	0.00433420860212891
PSG9	0.0043329153958162
ING3	-0.00433167678159942
FTCD	0.00433158373475527
TAS2R1	-0.00433104330684704
FAM107A	-0.00433065919070443
WNT8B	-0.00432688801401374
HMHA1	0.00432558112312795
GHSR	0.00432498713246972
TXNDC15	-0.00432271404292735
PRAME	0.00432083593368482
GALR3	-0.00432015690220872
CD84	-0.00431958155830748
UTF1	0.00431893530810707
DMBT1	0.00431663392154204
OR2H1	-0.00431405455340391
GADD45G	-0.00431386960745693
KIAA1045	0.00431360382336386
KIF18B	0.00430940755656172
MAGEC3	-0.00430920151514569
ADPGK	-0.00430867917691561
BUD31	-0.00430415099879181
PRMT5	-0.00430409526047475
RANBP2	0.00430222025901204
PAX1	0.00430029485723257
CD96	0.00429939399130567
TUBAL3	-0.00429913172379808
STK24	0.00429878857868649
CPN1	-0.00429773159430433
PPP2R3B	0.00429710003655326
IL36RN	0.00429325257286674
BOLA1	-0.00429140422872239
MRFAP1L1	0.00428769239013997
HEXB	0.00428753631481117
ENG	0.00428577116575445
CHAD	-0.00428472149193062
ASIP	0.00428090264986726
MEIS2	0.00427673666208802
CXorf56	0.00427631447125445
RAB40C	-0.00427627113299257
PLLP	-0.00427576012195289
GLTSCR2	-0.00427017342226219
SURF1	-0.00426979885722543
HPGDS	-0.00426825471913723
HOXB13	0.00426796682933288
FIG4	0.00426379656646313
CCL24	-0.00426164897269868
REN	0.00425808151962501
STX2	-0.00425579974504701
TBC1D17	0.00425441318978044
MAP6D1	-0.00425330945784685
SSR1	-0.00425091861229057
ECE1	-0.0042492432062207
PSMC6	-0.00424893584265068
CYP2W1	0.00424824791865325
ZBTB14	0.00424811060297488
ZNF287	0.00424810504944673
ZNF408	-0.00424640735162239
PLIN1	0.00424625462148086
SLC22A18	-0.00424599874804587
CYP2A7P1	-0.00424187780631579
FAP	0.0042409573248074
PRELP	-0.00424069386742248
SLC28A2	0.00424065580053967
FAM215A	-0.00423735738395445
PTGES	0.00423699073780158
IRF1	0.00423490231076334
CDK5R2	-0.00423482910594554
DND1	0.00422663577255332
TMEM254	0.00422655297644328
HNRNPD	-0.00422352600458881
OVOL1	0.0042131238931679
DNPH1	0.00421075780589114
ZDHHC17	0.00421058641784205
ARHGEF40	0.00420720319215475
CLCF1	-0.00420363472770418
ROM1	0.00420101913921507
TNFRSF9	0.00420045026429739
SLC22A14	-0.00419567384857099
PES1	0.00419394225687645
LY6G6F	0.00419213180347409
ZNF529	0.00419113458186518
WDR45B	0.00418914190017585
CERS6	-0.00418258331200267
GRPEL1	0.00418113366302898
LOC100130872	-0.00417881668332879
ADARB2	0.00417854770246388
TBC1D22A	-0.00417785840835188
KRIT1	0.00417405957202566
TNP2	0.0041738590405832
TESK1	-0.00417372974595118
SLC17A2	0.00417356812348058
KCNK2	0.00417283229333061
ARF6	-0.00417245936952177
NCF4	0.00417214324472801
CENPA	-0.00417197549794723
CTAGE15	0.00416849071515195
KCNJ16	0.0041582064541704
TPP2	-0.0041573129737936
CMC4	0.00415371411772943
JPH2	0.00415366990729623
CRYGC	-0.00415138456566479
MYLPF	-0.00414668729052667
KLK5	0.00414648207690294
IER5	0.0041463977745093
ADAM8	0.00414303666678167
NOX1	-0.00414147270528439
TYW1	0.00413500187881497
TAPBPL	0.0041332214521511
ACKR1	-0.00413242519051685
ACAN	0.00413180498435091
CYP17A1	0.00413090567650733
TRMT13	0.00413021650509531
TNPO3	0.00412846192815324
IFIT2	-0.00412682502567035
EVA1B	-0.0041218033630212
NOVA2	0.00411704475882513
RLBP1	-0.00411687657737466
THBD	-0.00411668756981408
TM2D1	-0.00411629069144752
S100A5	0.00411587687635783
CLIC3	-0.0041148317372857
RHCE	0.00411340030361887
CORIN	-0.00411090122312378
ENDOG	-0.00410872276601411
CPN2	-0.00410751762937235
FAM13B	0.00410477292943953
FGF9	-0.00410371646518781
DRD4	0.00410320430685664
ZNF134	0.00410276369880351
TAS2R10	-0.00410065112244939
TRAF3IP2	0.0041004885522613
SOX12	0.00409770565666451
MYCLP1	0.00409656360633966
KCMF1	0.00409585722223267
B4GALT2	-0.00409546521575843
CBX3	0.00409413541478875
RHBG	0.00409233912110211
GTPBP6	0.00409069453112968
DFNA5	-0.00408974161054478
HPS1	0.0040879341931
UBASH3A	0.00408142244989801
HMGA1	0.0040783792170748
MGLL	-0.00407775385106511
RPL36AL	0.00407726415891547
EDN2	0.00407714709072857
SFRP4	-0.00407631984717612
PCNXL4	-0.00407539757652537
TMEM187	0.00407517851905876
TBX6	-0.0040731153001929
GNPDA1	-0.00407222286883642
SHBG	0.00407163106651258
EFCC1	0.00407092803359912
SMARCD1	0.0040690331790035
APBB1IP	0.00406639544595175
PCGF3	0.00406534975067987
DAPP1	0.00406371278376765
CAND1	-0.00406305323498098
HIST1H3D	-0.00406276905671821
ARID3B	0.00406245297485151
TLX2	-0.00406164040236062
RPL4	0.00405068834589629
THEMIS2	0.00404828471637236
HNRNPCL1	0.00404727929563967
RET	0.00404410250431587
FGF4	-0.0040419369839432
FBXW2	0.00404086330864081
DEFA4	-0.00403846083557006
IFNA2	0.00403820899217215
ZNF280B	0.00403632696136151
SIM2	0.00402919760966625
DENND3	-0.00402750992813993
SETX	-0.00402672327039125
RELA	-0.00402353387184708
CRTC1	-0.00401681938071506
POM121L2	0.00401669700295958
LRRC15	0.00401050519062071
KIR3DS1	0.00400977414015323
MPO	0.0040088233683933
ABCA7	0.00400710237810847
CD3D	0.00400679960621648
IL15RA	0.00400541990240963
TM9SF1	-0.0040042029925441
IMPG1	-0.0040032798496007
PGLYRP4	-0.00400313716390763
B3GNT1	-0.0040006209056792
PTCH2	0.00399885656832297
TNS4	-0.00399582073973689
CDS2	-0.00399310771826646
KRT37	0.00399307642014212
CPTP	0.00399133507456879
PDPK1	-0.00398693635960706
RASIP1	0.00398682558526151
MCM9	0.00398506713558511
S1PR1	0.00398491392674005
USP10	-0.00398084529966871
TCEB1	0.00397600833766608
GNA15	-0.0039745494086347
ZNF253	0.00397270183906244
GIGYF2	-0.00396969903496492
TREX2	-0.00396948959339831
LRP6	0.00396909463172305
UQCRHL	0.00396831212327776
CRYGA	0.00396814606913845
LRMP	0.00396579176277635
C1QTNF1	-0.0039652966460993
PHF1	-0.00396267596320773
CD7	0.00396214885451376
MAGEC2	0.00396171793507444
APOL5	0.00395963151710947
RPL37	0.00395921325439836
KIAA0020	0.00395899068483612
MAN1B1	-0.00395543108753103
CXXC1	-0.00395123771377063
BCCIP	-0.00395053194309676
SAC3D1	-0.00393989704222765
AVPR1B	-0.00393780308996456
OR11A1	0.00393535996019317
HYPM	0.00393383719443439
PIH1D1	0.00393037946024828
GNRH2	0.00392980873943198
DTX4	0.00392954339751409
PDGFB	-0.00392817212001913
CNTN2	-0.00392793497469781
SHH	0.00392620266898164
HOXB6	-0.00392441989972259
PARK2	0.00392438595583379
CA3	0.00391896707152598
OR1E3	-0.00391599687963233
REG3A	0.00391537857938839
UBQLN3	-0.00391369123942819
PPP1R14D	0.00391143491780802
TSFM	0.00390850605346198
MAP3K6	0.00390629967925594
PADI3	0.00390565185814323
TCEB3	0.00390559435669758
INSL4	-0.00390278625397215
SMG7	0.00389979875250504
ANKRD2	0.00389978980839731
ZXDA	-0.00389893929047735
SLC6A14	-0.00389823001062723
SQRDL	-0.00389813869567631
OPN3	-0.00389751403695899
F13B	0.00389638225769338
EDAR	0.00389477487728485
PRSS53	0.00389327555800817
ETV2	0.00389247887387358
VASH1	0.00389204428323054
CLUHP3	0.00389103668403465
IL1RN	-0.00389039807137379
CCDC70	0.00389038428226528
APBA3	0.00388980358054613
GRAMD1C	0.00388813356519618
CYP51A1	0.0038855020755656
ANGPTL7	0.00388154278389038
AHSG	0.00388134240799191
PROP1	0.00388016216194147
ABCA8	0.0038788292191984
RALGAPA1	0.00387833433819016
PKP3	-0.00387520594291262
CLEC4M	-0.00387438981884361
LTBP2	-0.00387153786691302
LINC00216	-0.0038706196337602
PRSS22	0.0038693587767504
CEMP1	0.00386784213925128
AP2S1	0.00386613389174749
SEC14L3	-0.00386364770209512
CYP4B1	0.00386254090911028
RAB27B	0.00386182158869384
ABCC2	0.00386029949450192
SPICE1	-0.00385963460363902
DNAI1	0.00385955818855391
SDF2L1	0.00385894370342853
MMRN1	0.00385786270208943
SNRPF	-0.00385593295961267
NUDT13	0.00384725385077921
IFI44L	-0.00384631635882141
NIPSNAP3B	-0.00384600246753353
RPS23	0.00384381698929705
CRYGB	-0.00384241660914413
UTP14A	-0.00384240600588859
EPS15L1	0.00384087596203173
SLURP1	0.00384057102760994
GNRHR	0.00384056206334518
CRYBB1	0.00384023321104102
RELB	-0.0038400452288312
NFIC	-0.00383772408320058
HAUS3	-0.00383559292140264
RPS15	0.00383477170167045
CACNA1I	0.00383076105795544
SENP6	0.00382642695376364
TRIM8	0.00382566799709292
EXTL1	0.00382484770746834
CASC1	0.00382130845162334
TRAF3IP3	-0.00382066497807591
CA4	0.00381329732039178
TNIP3	-0.00381250214636421
HOXC5	-0.00380975475520996
MAN1C1	0.00380947039185293
KIAA0930	0.00380720604637778
TMEM50A	0.00380612270306331
NEO1	0.00380213020859067
DLK2	0.00380203070050703
E4F1	0.00380057681415078
CBLN1	0.0037987388698982
MSL2	-0.00379851933855487
CPNE6	0.00379836411240375
HINT1	-0.00379559253661832
COQ4	0.00379087871158245
GPR116	-0.00378914209314524
GABBR2	-0.00378611739870856
MAP9	0.00378596300719015
OR10C1	0.00378490913828477
BEAN1	0.0037827054347484
ATG9A	-0.00378269823843098
UCN	0.00378236245088025
DNASE1L3	-0.00378219105918608
ADCK4	0.00378073457672241
IRF8	0.00377551790099514
CD93	-0.00377327717828261
PDE1A	-0.00377303080189171
NCK1	-0.00376942990082955
YARS	-0.00376527913962399
SHCBP1	0.00376481979495168
KCNJ10	0.0037624733632254
PP14571	0.0037593309732441
RCN2	0.00375836359566058
SLC13A1	0.00375709687084336
LEP	0.00375320821491383
CYP21A2	-0.00374996380591815
SIRPB1	0.00374940111395636
KIR2DS1	0.00374380002437406
APEH	0.00374240640818799
CCL13	0.0037408657143564
PEX16	0.00373688142921049
FAM120A	-0.00373538997726984
FPR3	0.00372884427901355
ABCA1	-0.00372565397811235
DTX2	0.00372246451609403
POP1	0.00371652309851673
SF3B5	-0.0037139881465921
IKZF3	-0.00370696770679178
NDUFS8	-0.00370617383930258
CALR	-0.0037060273063866
POU3F2	-0.00370375700530617
BCL2L2	-0.00370337068210275
POLR2A	-0.0037008316368694
BMP2K	-0.00370073587281547
IL21R	0.00369961477289422
PARP4	0.00369570540485915
IZUMO4	-0.00369540487120646
MTERF3	-0.0036952958317779
ETV7	0.00369329353693822
MAU2	0.0036924913477075
COL7A1	0.00369248855082886
CCL25	0.00369171409663554
XYLB	0.00369025135463694
SELE	0.00368983823904359
SNAP25	0.00368839551627189
PDZK1IP1	0.0036876253433259
C19orf73	0.00368675985823827
SSTR4	0.00368397223222908
NYX	0.00368355052574132
FAM53B	-0.00368084162700759
EP300	-0.00368020818059086
LIMD2	-0.00367790205204513
GIF	-0.00367565284847307
CRY2	0.00367462952388231
LALBA	-0.00367056699805659
EIF3E	-0.00366814896519937
HERPUD1	-0.0036676429866977
CATSPER2P1	0.00366735004871877
GAS1	0.00366615749658221
MYF6	0.00366606640221131
POLR2D	0.00366158321970352
ACLY	-0.00366057418600151
STAG3L3	0.00366052984380185
GPR132	0.00365988204171642
EXOSC1	0.003659622083092
DLX4	0.00365661905722695
THOC2	-0.00365492878540575
C1QL1	0.00365445749475705
MAP3K10	0.00365406264036645
POU3F4	0.00365361952295209
DBR1	-0.00365352301645199
SNRNP40	0.00365255400955568
HMHB1	-0.00365140807207053
AFP	-0.00365108516252875
PDK4	-0.00364914590249283
CTAGE5	-0.00364865581387091
PARPBP	-0.00364855508950117
CLEC11A	0.00364309651934506
CFI	0.0036426546389772
MT3	-0.00364259727558811
GPR20	-0.00364190637772611
C9orf3	-0.00363478277935556
GFER	0.00363159777970933
C8orf33	-0.00363081513837442
LOC51145	0.00363015381871857
TP63	0.00362768916166376
TBPL1	0.00362556962886827
KLF3-AS1	-0.00362477480274463
ABI3BP	-0.0036239406545255
TRMT2B	-0.00362287790026117
PGM5	-0.00362231020949029
LMAN1	0.00362023348865713
ZWILCH	0.00361829838836326
B3GALNT1	-0.00361687668680817
MYO1A	0.00361604590814292
CNTD2	-0.00361462816067697
NCDN	-0.00361451170813029
SUCO	-0.00361271955247418
PLXNA1	0.00361202074743038
GZMA	-0.00361119346651761
PACSIN3	-0.00361092161863591
CHCHD7	0.00360847281494562
IL7R	-0.00360783939234623
BLK	-0.00359632609460032
IFI44	0.00359603885775519
ZNF74	-0.00359578053812476
SLC8A2	0.00359079656991204
WNT7A	-0.00359053535267016
CCDC40	0.00359036454652877
TXK	0.00358820774311148
LAP3	0.00358661343635295
MMRN2	0.00358649847647224
TPRA1	0.00358456909152497
CYP7B1	-0.00358310795153476
C11orf80	0.00358254611110499
PROZ	-0.0035802295813256
C4B	-0.00357710338325989
TPSD1	0.00357415846457694
AGAP2	0.00356693317268642
ASCC1	0.00356530695200582
GAPDH	-0.00356452955329399
MC1R	-0.00356205907527909
SSX1	-0.00355462032829919
ZBTB7B	0.00355430519361812
CELA2B	0.00355419439926147
ATP5D	-0.00355273185459518
ORMDL2	-0.00355081317604737
PMS2P1	-0.00354668041344825
RASSF9	0.00354471613192818
SAG	-0.0035444961266124
KANSL3	0.00354421897610954
LLPH	0.00354139977317489
WDR19	0.00353891887458101
OR7A5	0.0035388214019348
DYNC1LI2	0.00353849059645035
PITX3	-0.00353556680245552
CRISP3	-0.00353403033197937
ZBTB48	0.00353383117867246
HDHD1	-0.00353271282081654
CHI3L2	0.00353214427469726
BAZ1B	0.00352488937036976
KCTD7	-0.00352208963626699
PAOX	0.00352090363665912
S100A3	0.0035125879803176
ALDH1L1	0.00351231913110558
PRPF39	0.00350978368093324
MRPS18B	0.00350710095895389
SH2D3C	0.0035066610228916
C18orf8	0.00350541193902149
SCAMP1	0.00350491158878497
CYP3A5	0.00350086319412841
DKKL1	0.00349867982675231
C11orf68	-0.00349764768393412
STRN4	0.00349658887051925
A1CF	0.00349372694668554
ABCC6	0.00348824025482922
FSTL4	0.00348741538512645
KIR2DL5A	0.00348699244517423
TRIM48	-0.00348548021372984
SDHD	0.00348477860158744
LIN7C	-0.00348362733324135
MICAL1	-0.00348361466933512
MEGF6	-0.00348342474824374
NOS3	0.00348232076613351
RBMY2TP	-0.00348059181556756
VDR	0.00347870832813753
PSMB10	-0.00347062261883444
KCNJ15	0.00346807516750782
GSTT2	0.00346569133292668
ZNF335	0.00346299926971634
NDUFA7	-0.00346256400450695
PLAA	-0.00346256381372269
ZBTB22	-0.00346221634752114
BTF3	-0.00346153936012782
ELAVL3	0.00346035198171525
GLYAT	-0.00345733898820085
ZMYND11	-0.00345622354384308
CCDC57	0.00345415630115538
CEP170B	-0.0034536548106206
PIK3R2	-0.00345160018258982
MC2R	0.00344931522442033
SBF1	0.00344861657430546
NHEJ1	-0.00344703093323621
PDIA3	0.00344685429291581
TTC22	0.00344610625790013
KCNV2	-0.00344604832084308
SIGLEC9	0.00343973130984155
CGA	0.00343591056773826
EPS15P1	-0.00342948596094721
SPTA1	0.00342789643439084
ACTA2	0.00342688072959225
CDK11A	0.00342221483883175
SNRPD3	-0.00342085826282257
WHAMMP3	0.00342077171646099
YY1AP1	-0.00341887306858648
MORC4	0.00341837641624611
MAGEB3	-0.0034153032783928
STAP2	0.00341325759106504
HOXA9	0.00341212468472968
RPL22	0.00341201834452526
CCL8	0.00341150785254697
MSR1	-0.0034106178711475
FECH	-0.0034089734229791
NUP50	0.00340601379363446
SYNC	-0.00340344674305705
SETD2	0.00340219080961085
TNS1	0.00340169502654807
GPR88	-0.00340129463799965
ELL	-0.00340091411933648
CASP9	-0.00340013009446769
CALY	-0.00339694994567795
DCUN1D4	0.0033962891781685
B3GALT4	0.00339466833650201
MFF	-0.00338760774086305
ELMO3	0.00338595300243709
UTY	-0.00338584266677963
CNNM1	-0.00338388691692414
RBBP6	0.00338388203287608
DSG1	0.00338357977316715
SRSF11	-0.00338140329195923
INPP5F	0.00337988270680633
KLK12	-0.0033750353327506
KLK1	0.00337314748428295
NEU1	-0.00337072276850804
PPEF1	-0.00336354707927302
MAGEA10	-0.00336267069793802
SRP9	-0.00336219036855846
IL1RL2	0.00336166304974695
NTRK2	0.00335602665953837
NR2E3	0.00335578326818159
SFRP5	0.00334912763804246
ZNF227	-0.00334858039266714
POLI	0.00334779821929671
ABCG2	0.00334688913323467
LINS	0.00334676882489077
PODNL1	-0.00334598497908166
LOC100130331	-0.00334539605024812
OLIG2	-0.00334438761632723
CAMTA2	-0.00334338994164839
DSC2	-0.00334315708865887
APOC3	0.00334111894947182
CD5	0.00333934715699732
ZBTB32	0.00333565439488305
TSPO2	0.00333535632225068
ICOS	0.00333420362077694
OAZ3	0.00333391620059465
CCL21	0.00333292746325082
GHRHR	0.00333242178846841
LYRM9	0.00332936396933459
OLAH	0.00332903595363471
PHKG1	0.00332608253078992
NOL4	0.00332430387662546
UQCR11	0.0033203699876404
A4GNT	-0.00331915843505398
ERVK3-2	0.00331497489348206
PCDH8	0.00331086961779574
TSSK2	-0.00330746472921647
GRIP1	0.00330038417249856
GLTSCR1	0.00329676423378561
MBL2	-0.00329141415343193
PIK3C2G	-0.00329113925808246
DNAH6	0.00328995873777014
DNASE2B	0.00328770583831511
PPP1R3A	0.00328583455975736
FCGR2A	0.00328368341283735
SLC26A1	-0.00328329187942033
CHERP	0.00327821396723122
NOL3	-0.0032724907121949
ISYNA1	0.0032715227333077
STAG3L4	-0.0032706332399737
GUCA2A	-0.00327062432806829
HSPA5	0.00326778259652767
CD1E	0.00326566563493477
SHROOM2	0.00326494620521522
RUNX3	-0.0032614966691643
MAPK11	0.00326103766730511
TRIM10	-0.00326070888507391
CCL18	-0.00325787623109642
KCNB2	-0.00325742593390757
REPIN1	0.00325145403506847
TMPRSS11D	0.0032509473920505
SLC14A2	-0.00324939233162873
CDX2	0.00324885780871442
KCNG2	-0.00324777268214173
CD164	0.00324703815951219
DHRS7	-0.00324554405308544
CSAG3	-0.0032446458315048
RECQL5	0.00324360133760074
ANP32A-IT1	0.00324344375472772
C22orf31	-0.00324235084266603
TBX5	0.00324099209841557
POLD2	-0.00323697755949653
CES3	0.00323359554936558
FKBPL	0.00323099679716274
FAM131A	0.00322943625025461
MAP1A	-0.00322913831593548
OR1A2	-0.00322605166013164
FGR	0.00322424942257694
ZNF669	0.00322233822604589
CEACAM21	0.00321799493819718
PTTG2	0.00321349364886832
GPR153	-0.00320969162601457
WIZ	-0.00320917216064364
RFX5	0.00320615332859671
COQ9	0.00320397861083964
CDK4	0.00320191767920495
SEMA6B	-0.00320071725747189
ACR	0.00320066986605163
WRAP53	0.00319832552536789
NMD3	-0.00319457254273581
ABCC3	0.00319328324800542
MEG3	0.00318710455532793
SH2D2A	0.00318646154979793
ERG	0.00318633631556911
HNRNPF	0.00318613116890232
OR1E2	-0.00318471520779157
NLGN4Y	0.00318429180659633
DENND1C	0.0031841742380575
GNLY	-0.00318377785193605
RAD51	-0.00318368757078896
HOXC6	-0.00318285024668457
FBXO46	0.00318212325177091
NPPC	0.00317929797743828
FBXO24	0.00317900223597324
SNX29	-0.00317884674763802
IFNB1	-0.00317608144173929
LRP5	-0.00317217624072714
SHOX	-0.00316854019233464
BRD4	-0.00316392238712984
PPP2CA	-0.00316335836801618
RSL24D1	0.00316310291724545
RAB9BP1	0.00316209966215838
MRPL24	0.00315935610648473
OBP2B	0.00315777667207594
GRINA	0.00315680564237731
SPTLC3	-0.0031511958988021
DTWD1	0.00315055740962752
MPPED1	0.00315025734854911
PLEKHA6	-0.0031495036435421
DDIT4	0.00314650104603814
AACS	0.003146195857695
HYI	0.00314591557931181
ZNF821	-0.00313722513265308
CLTC-IT1	0.00313509040021563
TSSK1B	0.00313413360472293
T	-0.00313406968908178
CCT6A	0.00313323114890831
ASB4	0.0031283853934464
GAR1	-0.00312557837254928
ITIH3	-0.00312361601891467
OR1E1	0.00312150000674838
CCAR2	0.00312092146422602
PLA2G2F	0.00311998094144335
RANBP3	0.00311942150620783
DHX57	-0.00311914373088295
BAP1	-0.00311592153336948
DCAF8	0.00311398814563487
PI4K2A	0.00311371366657194
GPR107	-0.00311237111502934
HNRNPA2B1	0.00311231198132041
ST18	0.00311217688920445
UMOD	-0.00311188871172403
ASPSCR1	-0.00311096787589644
BAI1	-0.00311027568071691
SLC5A7	0.00310892950625462
CPA1	0.00310430051889841
MTHFR	-0.00310261547813431
HIST2H2AA4	-0.00309898867164781
HSFX2	-0.00309622773806677
GFAP	-0.00309597734711606
CSNK1A1	0.0030950211873955
TRAPPC2L	-0.00309410414537231
CGB1	0.00309363383094806
CDH22	-0.00309274579426825
CATSPERB	-0.00309177843050343
MRPL35	0.00308961557459291
NKX2-5	0.00308386371757064
SPP2	0.0030778735511222
SLC7A7	0.00307653008150231
BBS4	0.00307491465723082
ITGB6	-0.00307322246874617
IL4I1	-0.00307186041975271
MGAT2	-0.00306778137352354
SLIT1	0.0030668730951725
FOXN1	-0.00306583895261836
SLC22A13	0.00306510235718997
ERLIN2	0.00306460076183997
FCER2	-0.00306395522318642
LY6D	0.00306214239978655
LRRK1	-0.00306148674786992
CEL	-0.0030585732084008
ADRB1	0.00305660880492217
SLC6A4	-0.00305635540787855
TWISTNB	0.00305167441089792
CDHR2	-0.00304960832149728
MAGEA12	-0.00304916806557394
PCYT2	0.00304779231582038
SYNJ2BP	0.00304710230860935
OGFOD2	-0.00304318166455039
GUCY2D	-0.0030429152644787
ELAVL4	-0.00303991914618726
ADAM12	-0.00303788796567712
CRLF2	-0.00303626687624099
C11orf21	0.0030356706856598
C4orf19	-0.00303260980931815
ZXDB	-0.00302996113593305
LINC00474	0.00302989470689288
INPP4B	0.00302954864390868
EGR2	0.00302090065175129
PTGDS	-0.00301873347122666
C20orf195	-0.0030182579199428
PLAC8	-0.00301144290323752
SLC28A1	0.00301067344163616
SREBF2	-0.00300987270958938
GAMT	-0.00300365166587236
IL10	0.00300292756790158
ADAMTS13	-0.00299990287003318
ZP3	0.00299938615890242
GRN	0.00299734536688242
TFCP2L1	0.00299714957301431
SCT	-0.00299677187683225
SYNPO2L	0.00299509966779555
USP19	-0.00299175042408903
ZDHHC3	0.00298720901610885
COLEC10	0.00298291173378713
TGM4	0.00298217071925607
TWF2	0.00298063799747569
EIF1B	-0.00298027148143421
BCAP31	-0.00297995487625701
SLC26A3	0.00297977497639725
OR1D5	0.00297566720167557
TCFL5	-0.00297329639679948
BANF1	0.00297308252110767
RGS19	0.00296342010395917
EPYC	0.00296338757685051
CRYBA4	0.00295973890273797
NFKBIB	0.00295308320389132
PDE4DIP	-0.00295085645240779
TSC2	-0.00294866939861318
SLC11A2	0.00294863872563253
LY6G6D	-0.00294775926503629
SLC48A1	0.00294743609185758
ENOPH1	0.00294261422637171
C8orf17	0.00293726795149309
CYB561	-0.00293627814764332
KLK10	0.00293610456879432
AMDHD2	0.00293357706976741
PIK3CG	0.00293352024025419
LY6H	-0.00293136069154337
NAALADL1	0.00292954177779407
SLC25A10	-0.002928206477969
GPR135	-0.00292518182152503
PSMG1	0.00292331704697883
EPS8L1	0.00292144971268097
AHCYL1	0.00291388963688329
KCNA5	-0.00290997486808237
SIGLEC6	0.00290834759857295
ADRA1B	-0.00290544938627643
TSNAXIP1	-0.00290258110002571
CIDEB	-0.00290183163834954
DNASE1L2	-0.00290073140772753
CUL4A	0.00289792966451731
SPTB	0.00289651171872089
ST7L	0.00289641544642159
TKTL1	0.00289617856001932
DGKG	0.00289603926443735
CDK3	-0.00289539249414936
C5AR1	-0.0028920902476323
NPRL3	-0.00289096370557699
MRPS22	-0.00288711027148756
PRF1	0.00288337668779298
FZD1	-0.00288326664089576
CCNC	0.0028805095910682
MTMR9	-0.00287839374593756
LMOD1	0.00287784425808952
CLDN14	-0.00287582990165145
BZRAP1	0.00287503264923273
BMP8A	0.00287043068965639
PART1	-0.00286965483897838
GMPS	0.00286727332306287
STMN4	0.00286632123301265
APRT	-0.0028625623065504
CCL22	-0.00286120101292405
CCL14	-0.00285966408502434
FAM45A	0.00285786324445914
LILRA1	0.00285785984480267
MADCAM1	0.00285733696681176
ZC3H14	0.00285569650520697
FOLR3	0.00285255311443634
ECD	0.00285197721052092
AUH	0.00285120880909851
HGH1	0.00285088389812379
DUSP7	0.00284747774036685
ARL5A	-0.00284725272254259
RDH8	-0.00284518348038291
JUNB	0.0028449342613612
PRICKLE3	-0.00284378092264687
AMELY	-0.0028435388320427
PTPN20B	-0.00284259412573215
IRX4	0.00284083553986972
VDAC1	0.00283967964849562
NRL	0.0028387683651826
DKK2	0.00283457264848672
TMEM176B	0.00283456528485281
PRKAA1	0.00283252479339112
QRICH1	-0.00283199419529835
SERPINA2	-0.00282744826042941
KCNK13	0.0028236046412033
GPR89A	0.00282297394314752
LPAL2	0.00282268382226003
BCL2A1	-0.00282090898410546
MYH8	0.0028205908578471
GATA2	0.00282031876389024
PON3	0.00282000804868766
XPO4	0.00281648399874377
XPO7	0.00281437564575059
CERS2	0.00281351957929451
SERPINA10	0.00281253197048446
PDIA6	0.0028103533070975
ADAMTS3	0.0028059373429397
SGSM3	-0.00280293879000867
SPCS2	0.00280293384531881
GNG7	-0.00280245265869876
CYP4F3	0.00279894474164125
CEMIP	0.00279489650958195
PRL	-0.00278907372072053
TTK	0.00278760764325532
DECR2	0.00278515733677123
CASP4	0.00278502526660662
LRRFIP2	0.00278367150550343
TAL1	0.00278248055924034
TMPRSS15	-0.00278235398692923
CLEC1A	0.00278122968360235
WDR73	0.00278117114855153
LGALSL	0.00278068731160179
GZMB	0.00278048562791433
N4BP2L2	0.00277971653951819
MAML1	0.00277968810679972
GLMN	0.00277922380890014
NEUROG2	0.00277765172503184
GMIP	-0.00277529719764997
KRT36	0.00277257784678102
FCER1A	-0.00276903189137879
BRPF1	-0.00276289357948257
NFE2	0.00276237671131806
RCOR1	0.00275886681016905
CACNG2	0.00275662445345287
CYP11B2	0.00275349075924748
ZNF706	-0.00275345327132556
OR1D2	-0.00275316006379083
FAHD2A	-0.00275314238717413
ORC4	-0.00274915102568246
NINJ2	0.00274858639782685
HAMP	0.00274487964344545
ECRP	-0.00274295005128162
RSPH6A	0.00274104335933833
CHIA	0.00274058196153606
C10orf95	0.00273920596548651
MAGI2	-0.00273810311692095
PRPF31	0.00273721129467384
SRPK3	-0.00273432421486951
GSG1	-0.00273227444667717
MRC1	0.00273168667718026
KCNJ12	-0.00273075204742133
CH25H	-0.00272991024494115
GTF3C5	-0.00272637509080859
EBF2	-0.00272364701221757
RAB9A	-0.0027214192297129
ALAS2	-0.00271913851119734
PDZD3	0.00271779637932658
SLC11A1	-0.00271115149623348
OR2J3	0.00271061753426087
ZNF518A	-0.00270653629696976
PRH2	0.00270566499209306
RSG1	0.002704367675274
CD209	-0.00270386078736755
NAB2	0.00269989667988952
C5AR2	-0.00269917789932711
CGRRF1	-0.00269846517455098
HTT	-0.00269488302492271
TBCD	-0.0026924933524864
MTMR3	-0.00268837871907557
CRX	0.00268443158834389
MYL3	-0.00268380991502907
CD34	0.00268251973779566
GNS	-0.0026820482795432
SBNO2	0.00268150545060555
AGTR1	0.00268074241662426
ZIC4	-0.00267973608058096
SLC13A2	0.00267444779228143
DNTT	0.00267320852360688
TPSAB1	-0.00266894775469266
C1orf35	0.00266868320430998
ZGPAT	-0.00266073687857198
PPY2	0.00265694674301818
SRD5A2	0.0026557657948696
ZNF668	0.00265551576506286
TBX10	-0.00265225677468179
PCCA	0.00265121622605181
CSNK1G3	0.00264909003352892
LINC00328	0.00264765118715289
MRPS18C	-0.002646920593389
SNRPD2	0.00264604197523391
PRRX2	0.00264426138361215
TNIP2	-0.00264158165148555
HADHA	-0.00264151820732372
SEC61A2	0.00264135363388853
TLR6	-0.00263937452428284
CTF1	-0.00263322776038153
TXNL4A	0.00263223784286762
SOS1	-0.00263035985198757
SYDE1	0.0026289934801472
KANK3	0.00262700119038244
CDKAL1	0.00262521137154109
SLC3A1	0.00262464013345732
LIMS2	-0.00262282253972073
ALG12	0.00262012583231936
UBE2D3	-0.00261973651689077
HPX	0.00261842609193546
ADAP1	0.00261338528560504
LOC101060363	-0.00261325795310821
ORAI2	0.00261310512511965
RBCK1	0.00261216377058736
C19orf24	-0.00261201034307267
LMX1B	-0.00261175679639034
KRT12	-0.00261085354545654
LRRC75B	-0.0026080463062193
RAPGEF1	0.00260686928058253
APOBEC2	0.00260483532477765
CCS	-0.00260171963103265
SNORA40	0.00259993269957331
DFNB31	0.00259925205076392
IFNG	0.00259637905095173
ADAM7	0.00259631221409506
KIR3DL3	0.00259369085141024
UQCC1	0.00259323387741245
WNT4	0.00259122414403196
SNORD45C	0.00258836385126286
TRPM6	0.00258829846149747
AMELX	0.0025878558246823
YBX1	0.00258739002896284
RN7SKP150	0.00258681415440805
PADI2	0.002583920623829
DUTP1	0.002583105240877
RARRES1	0.00258106950863253
SH2D4A	-0.00258020549770894
TMEM262	-0.00257961054884286
MISP	-0.00257853206992162
CLIC2	-0.00257713145192498
AQP1	0.00257434620509285
TNFAIP3	0.00257316563757749
CSN3	-0.00256919890808929
BAX	-0.00256432656286219
SNRPD1	0.00256427193604987
TYR	0.00256403636798514
ACKR4	-0.00256342540696946
GRAP2	-0.00256280692690768
TBX1	-0.00255804737512166
RPS29	0.00255497315684667
PLEKHS1	-0.00255464043313001
HOXA1	0.00255432143473232
HOXB8	0.00255421820800026
KRT38	0.0025507138823104
BNIP1	0.00254789610988861
ZDHHC11	0.0025478303604078
FLJ22184	0.00254417422087249
RBL2	-0.00254262389453801
ACRV1	-0.00254152054868978
ARSF	0.00254144628548887
SLC6A5	0.00253549972203164
ARL14	0.00253475153908961
GJB3	-0.00253274416715127
SYNGR4	0.00252695027713382
TRAM2	-0.00252688244538365
MC3R	-0.00252622399658501
APBA2	-0.00252621423584545
CD3G	0.00252480343525045
GABRG3	0.00252310651805739
PDX1	0.00252291250000651
LOC79999	0.00252270410128306
PYCR1	-0.00251779462223833
TCF15	0.00251753555113322
TFB1M	-0.0025172583630363
SH3BP1	-0.00251662861676074
ELSPBP1	0.00251605130479174
CTAGE1	0.00251570379746685
ESR1	0.00251545076449535
CELP	0.00251526167435705
PDE4A	-0.00251292707581443
RNF6	-0.00251220652597077
DCPS	0.00251193413177796
THRAP3	0.00251092655555646
GP9	0.00250965055823766
SFXN3	0.00250830407612994
AVPR1A	0.00250747742445755
RRNAD1	0.00250191396669363
CCDC102B	0.00249758536897801
TRMT61B	-0.00249717963024364
OR2H2	0.00249706828546338
DGCR6L	-0.00249447444755216
DBH	0.00249205225147971
UPF3A	-0.00249135368321286
IL32	-0.00249051948300568
MIF	-0.00248849391310728
KLF13	0.00248838073423168
SOX11	0.00248585662931036
MARK4	0.00248550648918936
RLN2	-0.00248302179697529
GOLIM4	0.00248053411448766
SNRK	-0.00247978404716665
GALK1	-0.00247805302306878
EVI2A	0.00247650783178228
PPP6R1	-0.00247426082219958
CTDNEP1	0.00247398963418345
APOBR	-0.0024725792966295
BATF	0.00246769224319314
LMF2	0.00246589662394727
SIRPG	0.00246484254033885
IGFBP5	0.00245951822552929
GPR124	-0.00245760317033631
PSMD12	0.00245698027460373
TUBB4A	0.00245678130449306
TRAPPC6A	-0.00245658680032495
TLR5	-0.00244858796166504
KLRB1	0.0024481527616881
BTBD1	0.00244809937758735
SGK2	0.00244773510683194
GAD2	0.00244105000521924
LYPLA2	0.00243874790135361
MON1B	0.00243187744887917
ZNF384	-0.00243177483800909
MS4A5	0.00242794053720983
TCN1	0.00242440916877287
ASB6	0.00242379883043347
ZNF667	-0.00242357480891539
UBD	-0.00242199988399226
PTGIR	-0.00242131135091367
AHNAK2	-0.00241965156145717
AKR7A2	-0.00241421909956909
GABRR1	0.0024122506605503
GLRX5	-0.00241192881123906
AKT3	-0.00241109515511271
TRPC4	-0.00241004132187241
HGFAC	-0.00240941062480756
RFNG	-0.00240625907113835
GRK4	0.00240591040419256
BAG1	0.00240587337009566
HIST1H2BE	-0.00240467532817549
DGKI	0.00240387239027114
FIBP	-0.00239911164310109
SEMA3C	0.00239853710946147
ZNF446	-0.0023984332122772
C19orf60	0.00239761085844762
MYO7B	0.00239382028276422
MBD2	0.00239117098214989
ICT1	-0.00239032900934989
S100P	-0.00238698880594759
RPL19	0.002383144224695
MICALL2	0.00238251810697438
CYTH3	0.00238176870228388
SNORD42A	-0.0023806483651805
THEG	-0.00237987177529872
GNB2L1	-0.0023797932719925
SCUBE3	-0.002373514316767
GUCY1B2	0.00237284076357932
DENND2D	-0.00237218801395589
BAIAP2L2	-0.0023711471452101
HSD17B1	0.00236946165876819
PRO2949	0.00236865334511328
RTN2	0.00236834625741219
IL6	-0.00236492758212884
C10orf12	0.00236477109999336
HAVCR1	0.00236447284533801
NPHS1	0.00236442287073773
SPDEF	0.00236432475662948
CHST5	0.00236346147037999
DDX5	0.00236218776937779
STON1	0.00236215590789014
CRHR2	0.00236145073829966
C1GALT1C1	-0.00235788554844803
AIM2	0.00235679812631547
GLRA3	-0.00235120817554703
THOC6	0.00235099082840178
GDF2	-0.00234484489413659
ZC3H4	0.00234426624047254
FOLR2	-0.00234266487807655
KCNQ1	0.00233971635986953
FMO4	-0.00233719351319754
CLIP3	-0.00233193829449855
HSPB7	0.00233158935265476
CBWD1	-0.00233111959812634
PIGF	0.00233004605382263
RTDR1	-0.00232881500676287
TIAM1	0.00232856340037548
FANCG	0.00232817766483996
EYA4	-0.00232682755738824
VPS9D1	0.00232130908802475
IFNA8	0.00231679850454617
CPB1	0.00231504600192787
DNAJC24	-0.00231335108338871
GRM7	0.00231307081499909
DPY19L2P2	0.00231299706229117
DPP8	0.00231066308439158
SHANK1	0.00231001750529653
TGM5	-0.00230874351730101
ERAP2	-0.002307000345354
DGKZ	0.00230635422175359
OPA3	-0.00230587705489886
TFF1	0.00230112845917075
NSFL1C	0.00229603136927079
FRMD1	0.00229547568592266
SET	0.00229456439372068
SLC25A42	0.0022922494783876
ZNF423	-0.00229116968583061
SOAT2	-0.00228918134979128
ZNF625-ZNF20	0.00228723216544404
EPB41L4A-AS2	-0.00228335699136082
CTSS	-0.00228335328461812
IL24	-0.0022805771185395
ZNF248	-0.00228038574220387
THPO	-0.00227956099432954
ZNF473	0.00227797217068835
FGD2	-0.0022758868155921
ATP5O	-0.00227429583251923
MPHOSPH8	-0.00227409158198067
ZNF557	0.00227309665057343
TRHR	-0.00227046696285939
PIGV	0.00227017793224405
SLC22A18AS	0.00226853521712537
PAK4	-0.00226785832472785
MUC6	0.0022670300541272
TOMM34	-0.00226553613585252
OGG1	0.00226500845403019
CLDN5	-0.00226392893577216
GBX2	0.00225880912219973
IL5RA	0.00225713537997836
C2CD2L	-0.00225661216171624
AAMP	-0.00225642432610965
MYOM1	-0.00225598909031196
RERGL	0.00225265829068917
ANKZF1	-0.00224964868980037
BBC3	-0.00224883589304124
MEPE	-0.00224284597257123
ATF1	-0.00224222033779885
CRYBG3	0.00224173793020346
CCDC85B	0.00224030817070696
CRKL	-0.00223891711392242
CLEC3B	-0.00223817579675018
NPRL2	-0.0022377668481466
PER2	-0.00223579584699046
PRLH	0.00223411547125647
MAGEA2	-0.00223350273214726
MUC2	-0.00223199326421832
VGLL4	-0.00223061227776658
ABHD11	-0.00222953175371582
OSBP2	0.00222738970964822
SLC45A2	-0.00222105887364423
IQGAP1	-0.00222036792104599
SULT1B1	0.00221977272658461
CBL	-0.00221951330027659
VPS8	-0.00221865116099062
SGCD	0.00221598345317538
SECTM1	0.00221081810944922
CSF1R	0.00220811565307513
PRAMEF2	0.00220764271152694
MMP19	0.00220628388334029
IRF4	-0.0022052664648476
OPA1	0.00220450914108659
PRPH	-0.00220059118904802
SLC23A3	-0.00219777564958599
AKR7A3	-0.00219592126917979
HOXC8	-0.00219310800397937
SPHK2	-0.00219254521353912
C1RL	0.00218628454162315
SCML1	-0.00217747231511729
ZNF778	-0.00217668640775524
ENDOU	-0.0021748574670649
TBC1D29	-0.00217430039594836
ARFRP1	-0.00217164038320249
AKR1C1	0.0021691128254976
ZSCAN32	-0.00216420754807299
DDX28	0.0021595464222842
GCK	-0.00215872182886876
FAM205B	-0.00215861082091803
GAK	-0.00215679225590582
GPR110	-0.00215585325705055
NDUFAF5	-0.00215247331956906
OMG	0.00214807084067972
TNK1	-0.00214534664192767
SVIL	0.00214531171157252
C17orf75	-0.00214099053741739
KLF9	0.00214098263480279
PRDM4	0.00214080681562886
SEPHS2	-0.00213771312246845
POU3F1	0.00213171471228419
INSRR	-0.00213118504245411
DYRK1A	-0.00213020825810822
LOC93432	0.00213012651500925
TM6SF1	0.00212774711094306
AKR1C4	-0.00212676672662872
IER3IP1	0.00212570162089043
FCGR2B	0.00212534820213864
SIRT4	-0.00212507925662627
SLC10A1	0.00212385758577891
VGF	0.0021216504683418
PEG3	-0.00211714030711214
RNPS1	-0.0021147858915987
RNF123	-0.00211360098120484
TDO2	0.00211060531752994
PDE12	-0.00211003032634496
CD72	-0.00210892190434067
NFIX	0.00210705126333127
RAB11FIP2	0.00210447087074034
PIP	-0.00210399668434457
PFKFB1	0.00209850663629412
CALML3	-0.00209730581576379
GPR25	-0.00209427181759585
A2M	0.00209400912582169
ZNF747	-0.00209147033724785
PAPPA2	-0.00208892116337648
EFHC1	-0.00208654394192905
GPR75	0.00208567404924685
ARG1	-0.00208420362451394
POLR3D	-0.00208230462960393
ZNF814	-0.00208094539663641
SLC17A4	-0.00207815353489855
ART4	0.00207725539935725
YRDC	-0.00207350190043535
SNX19	0.0020685504794037
LGALS7B	0.0020680207092115
GCOM1	-0.00206422894553784
MLST8	0.00206332059499221
EFHD1	-0.00206202597943927
ERH	0.00206141567524636
KDM8	-0.00205859069148155
TBX2	-0.00205663728908833
HSD17B2	0.00205471861427746
FCN3	0.00205351285350963
ESRRA	0.00205328020815168
CABP2	0.00205302302733328
TTLL1	-0.0020507602510705
MRPL11	-0.00204637013324965
ANXA10	0.00204388473494083
SOX10	-0.00204143753035866
BLNK	0.00203922410255292
PINLYP	0.00203668756330792
NRD1	-0.00203645908299869
YTHDC2	-0.00203113808657879
RAX	-0.00202965751419717
MIP	-0.00202965225398671
ZFHX3	0.00202945099804833
RPL13A	0.00202873630796283
ITGB3BP	0.00202830946651765
CFH	0.00202781043540971
PTGS2	0.00202673899311428
STAP1	-0.00202601120093889
NXPE4	-0.00202265278344328
RCVRN	0.00201618517126898
MBOAT7	-0.00201116165042848
EMID1	0.00200874454628251
ALDH3A1	0.00200812406325057
TMBIM6	0.00200396556672319
GPR171	0.00200294084548968
VWA7	-0.00200206993125756
CSF2RB	0.00200112757281438
SLC22A4	0.00199666873049895
NR4A1	0.001995765729421
CHRNE	-0.00199566171657754
RHPN1-AS1	-0.00199124980177283
IDS	0.00198701284643936
CD58	-0.0019860792395004
PDLIM2	-0.00198488945441762
HS3ST1	0.00197496331158151
PHYH	-0.00197229329032399
LEF1	-0.00197178762983337
NAT8B	-0.00197178525290729
REXO2	0.0019717788533027
ADAM3A	0.00197020862870159
SCGB2A2	0.00196819851534434
MS4A1	0.00196725961842868
C2orf68	-0.0019665787254834
SELPLG	-0.0019599938722439
FXYD3	-0.00195784280554832
NPR2	-0.00195729896116037
IFI27	0.00195482110953394
GPR126	-0.00195380235357349
CTSF	0.00195002707118813
FCGR1A	-0.00194987603328884
LYPLA1	0.00194946896487035
LGSN	0.00194779457385637
UGT2B28	0.00194758974892216
FA2H	0.00194332917883636
CACNG4	0.00194044474343471
WHSC1	0.0019387293233601
PLEK	-0.00193622757172338
SRPK2	0.00193582969535798
FICD	0.00193501604322114
ZBTB7C	-0.00193285676252264
FYB	-0.00192374697531028
FIGF	-0.00192335166894658
G6PC	0.00192238071184514
MAGEA3	0.00192232306024017
EML1	0.00192195203437754
GJD2	0.00191828642033193
TICAM1	-0.00191711069751247
RANBP10	0.00191666887555133
IFNA5	-0.00191637619748063
DXO	-0.00191392447537099
PSTPIP1	-0.00191246955467346
ACSBG2	-0.00191121879953884
PSG6	-0.00190877519957738
AVL9	0.0019013082033086
SUGP1	0.00190029278224459
FOXE3	-0.00189729907867634
MMP7	-0.00189643677318381
NDUFB7	0.00189384841311946
LARP6	-0.00189141725137713
SSX3	0.00188822825603363
RASSF7	-0.00188640024356468
ZC2HC1C	0.00188266531614805
ELANE	0.00188235057993363
B4GALNT1	-0.00188138704228786
RPS28	-0.00188076755087509
TOB2	-0.00188000225918148
SLC2A5	0.00187920489524565
MROH7	0.00187888665909526
KAT5	-0.00187835522099229
CIITA	0.0018760404803611
STEAP4	-0.00187568474336033
HSF4	-0.00187484646837156
BMP10	-0.00187333666550047
STAG3	0.00187004085141036
DLEC1	0.0018685325808438
SCO2	-0.00186826489108595
NEUROG1	-0.0018663092771499
OSGEP	-0.00186161496174828
CCR9	-0.00185969045959198
RIOK2	0.00185789255823508
ALOX5AP	-0.00185785317846007
EFNA1	-0.00185764664825747
ROBO4	0.00185465329170256
GRIN2C	0.00185463454337954
CNGB1	-0.00185065022674437
JPH3	0.00184866456275404
INHBC	-0.00184638569023414
MSX1	-0.00183948270845818
NXF3	0.00183876279993416
ZBP1	0.00183348579998843
RAD52	0.00183064235106083
THAP7	-0.00183046600572223
TSC22D2	-0.00182901859240428
TOP2A	0.00182537884752994
MARK3	0.00182462867906324
MPZ	0.00182227656992611
MIS18A	0.00182222625098139
MAGEA9B	-0.00181849092115591
AHI1	0.00181790536440174
RPAP1	0.00181654350053782
ELP3	-0.00181530252405802
CABIN1	-0.00181311839969739
DDN	-0.00181071829604711
MAPK13	0.00180882425327484
HRSP12	-0.00180632271574631
ZNF354A	-0.00180615472651518
JAG2	-0.00180598929135808
FOSL1	0.00180544972635731
TRNAU1AP	-0.00180411544226827
OR10H2	-0.00180289245476512
DEFA6	-0.001802667763674
FGB	-0.00180261280848825
CLNS1A	-0.00180174655531424
LIMCH1	-0.00180082254997722
MLLT1	0.00179740632275897
ZFR2	-0.00179710566815431
SCGB2A1	-0.00179446593347609
PILRA	-0.00179295347020016
KLHL11	0.00178790800024491
CLCN1	0.00178536856382376
CKAP4	0.00178459422931854
HOXC11	0.00178073070853143
SRPX2	0.00177948964002358
NR3C2	0.00177903655313427
RPL23A	0.00177864250912596
KRT2	-0.0017764870502081
OGT	0.00177569147794173
LILRB1	-0.00177484747784827
CDSN	0.00177362601288157
SSTR3	0.00177312682865549
LTC4S	0.0017686233143975
LMO4	0.00176717305007419
MAP4K5	-0.00176564471356975
EYA3	-0.00176502479731395
C1QA	0.00176066565905493
BCL2L10	-0.00175683040590745
MATN4	0.00174704394494963
DOHH	0.00174543923604703
GATAD2A	0.00173872672900723
NOP10	-0.00173838967682083
ANXA8	0.00173836356801826
IL16	0.00173763597050013
KCTD17	-0.00173749890786118
MON2	-0.00173675288527966
ZNF282	0.00173671639006384
RBM12	0.00173131786376287
ELF4	0.00173062630262832
CDHR5	0.00173025408361234
SLC12A6	-0.00172397722596912
MITF	-0.00172161262733567
S100B	-0.00172002790562589
NPFFR1	0.00170759111388491
FAM53C	0.00170328904363123
DDX49	0.00170070988904724
SF1	0.00169911250586269
PAGR1	0.00169859018057127
CIDEA	-0.00169696040400937
FOXO4	-0.00169685472479332
ZNF324	0.00169404357020651
PPIEL	0.00169078264502205
KCNJ9	-0.00168441564516682
TAF5	0.00168370289204439
VPS51	0.00168306639165174
EXOC2	0.00168162252241028
TYMP	0.00167900876242382
ARNTL2	-0.00167584477126154
CAPN3	0.00167538995439554
ITIH4	-0.00167534496697955
PRRX1	0.00167455888604977
FAM76A	-0.0016743290558704
ACSL5	0.00167180876906172
TGFB1I1	-0.00166979372868027
NEK1	-0.00166968322108149
PLAC4	-0.00166815793369558
SMPD2	-0.00166721163304052
SLC4A5	0.00166717932959031
PITX1	0.00166655549065993
SIX2	0.00166581082402956
ADCY10	0.00166526752771055
PIGR	-0.00166296371082166
SOX1	0.00165862008589925
BLVRA	-0.00165811314027795
RPL30	-0.00165685650275411
LRRC31	-0.00165269680486714
ZNF506	-0.00165144422452736
BFSP2	0.00164954023605906
RETN	-0.00164899436426842
AMPD1	-0.00164749034729864
LHX6	0.00164680475289732
HOXD13	-0.00164652142182097
CSDC2	-0.001645924852674
CHRNG	-0.00164488841371317
CFHR2	0.00164456512011544
CDC20	-0.00163722509470828
IL10RA	0.00163560824908851
CCDC106	0.00163202916608354
CIDEC	0.00163151184966453
DPM3	0.0016249271281579
USP29	0.00162380782531414
TAF1B	0.00162169616141973
ZNF250	0.00162137778538268
GBX1	-0.00162008601524015
REV3L	0.00161931248794996
PSME3	0.00161532622573668
TNNI2	0.00161328092362284
CCNK	0.00161280168213707
FSTL1	-0.00161087258827195
EPRS	0.0016088891915298
SLC2A2	-0.00160788564640334
UAP1L1	0.00160428827424713
ASB1	-0.00160362947312884
MZF1	-0.00160301182924818
DPYS	0.00160104475779797
TLX1	-0.00159905457316536
CTSK	0.00159882790268561
DIS3	-0.00159672541581577
CCR6	-0.00159511675448268
ANGPT4	0.00159491472037302
MYBPC3	0.00159406685776361
FGF1	-0.00159334117259811
CPT2	-0.00158724367661149
GANAB	-0.0015857271238695
TRIP11	0.00158395293594002
GBA3	-0.00158076368783783
LSM7	-0.0015774042516251
NDUFA13	0.00157600795037654
HOXB7	-0.00157563356169409
KHDC1L	0.00157359507847813
LPAR2	-0.00157348943278338
STRA13	-0.0015676565190416
GPR68	0.00156717459405085
SERPINF2	0.00156661872781149
SPACA1	0.00156565429523267
NR1H3	-0.00156531655478696
SCN2B	-0.00156513120817469
LGALS2	-0.00156284201817715
CPA3	0.0015612944330229
EFCAB1	0.00156041349435703
EEF2	0.00155884322436924
CRP	0.0015586241129522
TXNRD3NB	-0.00155325834460105
LRP12	-0.0015529579575626
NXF2B	-0.00155111306968059
PPP1R1A	0.00155036289403368
HNRNPCL2	-0.00154996142163427
TCHH	0.00154796087914656
NCOA2	-0.00154286614173319
ROBO3	-0.00154284695382054
KRT23	0.00154248171541446
FAM134A	-0.0015413764404719
TH	-0.00154074345137773
R3HCC1	0.00154030000846106
WDR26	0.00153739289592049
MYH1	0.00153249422172776
PTPRH	-0.0015292791102973
PECAM1	0.00152790859929713
TIMM17A	0.00152586538945396
C9orf16	0.00152550281212469
ASNA1	-0.00152461470641945
RALGPS2	-0.00152114172105116
CD247	0.00152064620379665
CCR3	0.00151746063325482
SETD3	-0.00151684125728268
EXOC5	-0.00151611374489009
RPS27	0.00151419302770426
ATXN3L	-0.00151068457011857
CLCNKB	0.00150765896276681
SHCBP1L	0.00149351595054137
PPP2R2D	0.00148995047881421
ERC1	-0.00148854216269744
TRAF4	-0.00148536477981881
ZNF729	0.00147973882864249
HNRNPA0	-0.00147804135853322
DGUOK	-0.00147485221310462
TM4SF4	-0.00147436563869719
ZBTB18	-0.00146996860067311
CSF1	0.00146731051614397
PAGE4	-0.00145989242795383
KIAA0125	0.00145970310201015
ZNF419	0.00145968016918536
HP	0.00145751649375885
KRTAP2-4	0.00145698127704393
VIP	0.00145642870570394
GZMM	-0.00145326398248564
MAGEB1	0.00145023019622478
BACE2	-0.00144942817292307
TGM3	0.00144890828474755
GPALPP1	0.00144816041021378
SLC25A28	-0.00144483373611746
HSD17B3	0.00144467033941887
UCKL1	0.00144432421493203
RAMP3	0.00144405345503268
TFEC	0.00143667919697599
NEIL3	0.0014361936578804
CITED1	-0.00143572713884948
ZBTB16	-0.00143561322981995
KRT15	0.00143451210143515
FRMPD4	0.001431879940964
CNR2	-0.00142773511943208
KCNH4	0.00142721090962798
HIRIP3	0.00142683823177728
C1orf186	-0.0014261416004961
ORM1	0.0014257723617368
SEMA4G	-0.00142466153296983
ENOSF1	-0.00142360563187839
ALPI	0.00142302100889987
SMPD3	-0.0014203270951023
GRIN2B	-0.00141772811730389
GLP2R	0.00141705202907977
DOC2B	-0.00141084808511118
MKNK1	-0.00140981152386615
CARD9	0.00140943809938855
ZNF556	0.00140845010338836
TPSG1	0.00140839464294665
ULBP1	0.00140807737577861
SNRPE	0.0014009413569342
ZNF471	-0.00139805398345826
ANXA13	0.00139785289458834
C16orf71	0.00139365414820593
CSDE1	-0.00139191541027612
KCNA4	-0.00139175131898078
NUDT11	0.00139094177248428
CCRL2	0.00139073820859997
PRKACB	-0.00139021747388523
RAMP1	-0.00138788995457717
PDHA2	-0.00138376726278157
MRPL15	0.00138202824647097
MYT1L	0.00138151446154389
ALKBH4	0.00138008384102039
RPE	0.00137964154961278
SHARPIN	-0.00137806145595837
MTUS2	-0.00137534040052862
ERVH-6	0.0013739722600941
AGXT	0.00137275667658756
BANP	-0.00137243454540124
CLCA1	0.00137094898849804
CUEDC1	0.00137038774085886
FSCN3	0.00136759910203312
CARD10	-0.0013657734089082
ZNF280A	0.00136301324433949
BTNL3	0.00135877285454638
COL17A1	0.00135621400602039
SOX14	0.00135505249261648
CD37	-0.00135411028835933
GP5	-0.0013540401556259
CFD	-0.00134920685014745
TPT1P8	-0.00134737595034483
PRR34	0.00134643414716037
ATXN2	0.00134403871918309
SF3A1	-0.00134297586147712
USP8	-0.00133911511128522
SLIT3	0.00133566331590808
MED9	-0.00133318540607709
FOXD4L1	-0.00132634209355095
POLR3B	0.00132533309648253
ZKSCAN8	0.00132407835844597
CASP1	-0.00132091125380222
WDR83OS	0.00131468321370469
AKAP3	-0.00131312781000251
CMTR1	0.00131191841998315
IFNA16	-0.00131001843159161
ELF3	0.00130942006149481
TM2D3	-0.00130889010932185
TSC22D3	0.00130793555832535
PLOD3	-0.00130621220349102
SCRIB	0.0013053569640825
EIF2D	0.00130178200611092
ANKMY1	-0.0013016381338799
SMR3A	0.001301340081093
PDIA4	-0.00129748954982898
EIF1AY	-0.00129674678323713
RPS9	0.00129642640348633
PRRG2	0.00129604382194735
C12orf10	0.00129591197410442
ADIRF	0.00129581364712872
GRIA2	0.00129548217739761
RAB11FIP5	-0.00129155971657095
HPCA	0.00129109534005557
HCFC1	0.00128954214792872
MFSD1	-0.00128798222117472
DNAJC12	0.00128674833454631
REG1P	-0.00128481892519671
ZNF562	0.00128397355462688
KIF17	-0.00128329001015652
PID1	0.00128278032351578
PGA3	-0.00128229609749956
SOSTDC1	-0.00128173565885657
PLVAP	0.00128099524415849
EHBP1L1	-0.00128094419087925
INSL5	0.001280024828874
CACTIN	0.00127942865640471
TK2	0.00127789364762268
CDC123	-0.00127639845691407
SLC22A5	0.0012732961338923
TRIM31	-0.00127282273573346
PVRL2	-0.00127117442756305
UCHL5	-0.00126948218796656
TRPC1	0.00126610884685907
PLA2G2E	0.00126417050807881
TCF21	0.0012626277548585
ICAM5	0.00126223206511278
SLC52A1	-0.00126209406828609
SGSM2	0.0012620816084504
FCN1	0.00125764186769344
RPL3L	0.00125573146840114
PPP5C	-0.00125420305547084
GFI1B	-0.00125361992113184
TNNT3	-0.00125337683037547
ARMC9	0.00125103297420708
ADAM21	-0.00124611670378759
CSF3R	0.00124494424928679
GPD1	-0.001244147891604
WBSCR16	0.00123966504227826
GRIP2	0.00123868638127571
DNMT3L	-0.00123787527242068
FAU	-0.00123754921975214
SLAMF8	0.0012373292016712
CDX1	-0.00123707562160069
TMEM38B	-0.00123424672453461
RPH3AL	-0.00123361371234727
GOLGA8DP	-0.00123323200986973
CYP24A1	-0.00123176143419654
OPLAH	0.00123000837170338
AIPL1	-0.0012285675265859
ZNF672	-0.0012271850625297
ASIC4	-0.00122676556083705
SLAMF1	-0.00122662846111062
RPS4Y1	0.00122626869132893
HECA	0.00122590028804686
MYOZ3	0.00122489468179885
PLA2G15	0.00122219272805596
SERPING1	-0.00121616564836358
TRAK1	0.00121582440208605
FBXO9	0.00121478570478053
TRIP6	-0.00121297536651146
SCNN1B	0.00121142124223621
TBP	0.00121059577928993
PLXNB3	-0.00120658453786531
FCHSD2	-0.00120635876732436
CAPRIN1	-0.00120511886602833
WRAP73	0.00120473964467311
FOXL2	-0.00120431628728697
HTR4	0.00120381762709383
TAF4	0.00119640853812613
IGKV1OR2-108	-0.00119415768400218
KRT33B	-0.00119323687739044
MAP3K19	0.00119225569215118
FOSB	0.00119185729917479
KLRC4-KLRK1	0.00119142257191071
CD33	0.0011862851070883
CRTAC1	-0.0011861112424956
LZTR1	-0.00118588084208006
PLCB1	0.00118420611404906
GALE	-0.0011807318650099
ITGB7	-0.001179871467621
PDE8A	0.00117794902521701
NAT8	-0.00117787501373331
OLA1	0.00117714455197999
GALR2	0.00117668434126107
MAB21L2	0.00117651489123802
SEP15	-0.00117432655228226
PPARA	0.00117369045954806
SMURF1	-0.00117359474332687
MYOT	-0.00117117495479026
GZMH	0.00116832805019731
NDUFA4L2	0.0011672764013166
TF	-0.00116602216004448
GRWD1	0.00116563901944278
CSTA	0.00116043395893056
DCN	0.00115977987126225
MYH10	0.00115596883586814
AICDA	-0.00115197588173559
CHD4	0.00115019988727927
MS4A3	0.00114866973110786
CCNA1	-0.00114779825300481
TFEB	-0.00114507914371555
AVEN	0.00114173614185014
LRCH3	0.00114127864766002
NBEAL1	0.00113990219853661
TTTY2	0.00113867489320899
C16orf3	-0.00113835086412821
LHX5	-0.00113756901835347
DRD3	0.00113726504685557
RECQL	0.0011340439026922
FLJ11292	0.00112728512408251
ZNF580	0.00112622200642182
MDFIC	0.00112520919447445
GP1BB	-0.00111996620956837
TM4SF5	-0.00111841659014295
NOL7	-0.00111515692660187
POU2F2	0.00111475082091124
LGALS13	0.00111220354521963
STAB2	0.00111128525554308
CLDN22	0.00110952913046997
FGF3	-0.0011070121336955
KIF25	0.00110473983958056
BRF1	-0.00110440316812835
CHST3	-0.00109845939835579
CEBPD	-0.001097193173774
IL36A	0.00109543112958838
RNF185-AS1	0.00109403702902659
RPAP3	-0.00109034472367071
IRF7	0.00108735626169899
TOMM70A	0.00108346209502588
HOXD9	-0.00108201291603412
CST5	-0.00108200055701976
HRH4	-0.00108048265535616
RUVBL2	0.00107557800343772
RAB36	-0.00107544481563297
CEACAM7	0.00107388568316145
ODAM	0.00107146760289248
INSM1	-0.00106756352816937
LDB1	0.00106694058682464
FBXO31	-0.00106684357917396
CYTH1	0.00106602235225212
SLC9A3R2	0.00106528993618461
CEACAM5	0.00106526312279722
KRT4	-0.00106075004985255
FMNL1	0.00105638988810444
CTRB2	0.00105090597399042
ACO2	0.00104985563574307
FZD10	0.00104852363193255
RPAP2	0.00104217820459863
VNN3	0.00104109330622734
ABCD2	0.00104007442893454
MLN	-0.00103807425318641
ALX4	0.00103671901109725
HOXA6	-0.00103009493942786
ROPN1B	-0.00102627964919865
POU4F2	-0.00102622199620989
C6orf15	-0.00102444634517873
NOC2L	0.00102189758092137
HYPK	0.00102132008066024
RAD21L1	0.00102064300165577
SEL1L2	0.00101431616144235
ITGB4	0.00101194466069306
SMIM14	0.00101098823987716
ACADS	0.00101082580016792
ARHGAP15	0.00100829275532599
PKD1	-0.00100545420032126
NPAS3	-0.00100242062441707
USP6	0.00100162649856024
NRF1	0.00100060459278572
CCNT2	0.00100014532169386
CLSPN	-0.000996979400090284
CHD5	0.00099615991606361
MASP2	-0.000992696240369298
IL12B	0.000992178932965921
HIVEP3	0.000989569736957161
ADCYAP1	0.000986407191905994
TMEM160	-0.000985772696549605
FCGR3A	-0.000982907912014798
SH3GLB2	-0.000982178341265165
SPAM1	0.000978323939079172
GJC2	-0.000978303306242858
VNN2	-0.000977973506367284
HMX1	0.000977421622079626
UBTF	0.000977086360233172
CYP26B1	0.000976219007201211
GSE1	0.00097309947778757
KDM4D	0.000970309694205064
CD8A	0.00096986287629802
RSRP1	0.000965458573479391
FAM110D	0.00096462088919727
TXLNGY	0.00096148664617909
SLC24A1	0.000958892736468524
HTN3	0.000956929677309544
HABP2	-0.000956077758682243
INCENP	-0.000954677958890313
KRT10	-0.000953206137903964
NXT1	0.000951986738157061
CPA2	0.000950854793628513
ACD	-0.000950704321253776
LINC00483	-0.000948042789162733
SLC30A9	-0.000942163500157544
MAG	-0.000941605483116171
MAN2B2	0.000940704329348912
PHOX2B	-0.000940610194765224
OR1G1	-0.000937146387868186
DMRT1	-0.000937029745394421
TACO1	0.00093430942713198
HMP19	0.000933735429237155
KIAA1751	0.000931000582388701
HTR6	-0.000930811541222794
CWH43	-0.000930610342708684
RTN4	-0.00093028038742051
ZNRF4	0.00093008313787155
CCDC177	0.000929984227388642
IRGC	0.000929703947620934
FGF5	-0.000928205153773703
BSN	0.000927005464897286
PKP1	-0.000925746889543625
KREMEN2	0.000925604619110335
FARS2	0.00092504621741741
NOV	-0.000916719670234575
NONO	0.000915341294126171
VAMP2	0.000914775872148292
EGR4	-0.000914077759575262
RIN3	0.000912075932043945
KLK14	-0.000910242360207603
GUSBP3	0.000903653449803166
POPDC3	-0.000902369658479841
FSCN2	0.000897768962711932
DAP3	0.000897127484860236
GCG	0.000896026278363194
CXCL11	0.000895532376696273
NRGN	0.000893292609559527
FMO2	0.000887750537592347
HABP4	0.000887691336253037
PROX1	-0.000885092908758859
ZCCHC2	0.000883767655557073
MAGEA10-MAGEA5	-0.000882352316994632
GGT3P	0.000879786854698163
ASB12	0.00087394312421491
C7	-0.000869095455677955
RNLS	0.000866292130354124
KCNA10	0.000865870388794114
CNGB3	0.000865668938620355
CD3E	-0.00086122377061553
PTPLA	0.000860097097918196
SLC10A2	-0.000859388099556744
MYOD1	0.000857055101894772
PIP5K1C	0.000855994135607569
LILRB2	0.000854619664170384
CRLF1	0.000854603389437177
KIAA1731	-0.000852921013451802
RBPJL	-0.000843092525593141
NCF1	-0.000842375187677838
TMEM127	0.000842126038129826
ACTN4	0.000840727817405601
SDS	0.000837285075174236
FBXO40	0.000835812415613131
GFRA4	0.000834144178395011
RNASEH2A	-0.000829712128816224
MUC13	-0.000828105484478854
ATP8B4	0.000826580718017236
MAFK	-0.000826101239965188
C11orf95	-0.000825774421598938
HSPBP1	0.000823154244204783
AMN	-0.000823033431965146
LOC254896	0.00081701641534592
ITIH2	-0.000815573991592649
CLEC2D	0.000812871729413713
MAZ	-0.000811753517664595
PIKFYVE	-0.000811680004078694
CYLC2	0.000807629032308229
HBB	0.000806318388717196
WNT10B	0.00080087399937788
CXorf36	-0.000800598301683811
MYOG	-0.00080036716435127
SSX5	0.00079944272340329
ALDH1A2	-0.000795293879618181
TAAR2	0.000792863076965232
GPR32	-0.000792421878989551
TNNC2	0.000791229384421552
ALG9	-0.000791115459553374
PRCP	0.000789726413184684
SKI	0.000787278441277814
CALU	0.000783129680606551
PRKAB1	0.000782598230406982
CYP4A11	-0.000782051477737015
GAB1	-0.000781132496169065
PHLDA3	0.000780709220126914
RNF144A	0.000779920807306214
LPPR2	-0.000777254793318304
FKBP1B	-0.000776123373615325
C17orf85	0.000776100873676859
MYOM2	0.000775925338694291
LRP2BP	-0.000771194359111911
TUSC2	0.000764802822141724
KRT24	0.000764270454055203
OBSL1	0.000762318089675322
PRRG3	0.00076102253640797
TMEM212	-0.000758409016062526
SPANXA1	-0.000755693586170379
LINC00652	0.000750164698871416
MMP28	0.000749162021232442
ABCA5	-0.000746764032075015
HR	0.000746719472474467
SNED1	0.000745310639841039
FGA	-0.000739636330969424
NDUFS7	0.000739217043408515
LMO7	0.00073857151234159
COL8A1	-0.000736341433120503
BCAT2	-0.000736275059713696
VAX2	0.000733365442608562
KLK11	-0.000729049671665674
TMF1	-0.000728031947517212
KRT33A	-0.000727992882092766
ZMYM5	0.00072723815510754
HECTD4	0.000725785081793545
ITGB2	0.000725530978712285
C16orf95	-0.000723477714794532
ABO	-0.000722304781144781
IGLL3P	0.000721396927309616
FOXF2	-0.000718066313214129
LCP2	-0.000717775729694526
TSPAN3	-0.000717659488035219
PGR	-0.000712467226305466
FAM189A1	0.000709866534863947
FH	-0.000705130071515442
SMPDL3A	-0.000701262858465792
KRT84	0.000699457800068394
ALS2CL	-0.000697223629726907
NDUFS2	0.000694958371224482
EWSR1	0.000694074224422609
NEUROD4	0.000691977236714632
STAG2	-0.000689269971388919
C20orf24	-0.00068623613654616
ZFYVE21	-0.000681597356183097
UBOX5	-0.000679913357357878
PACS2	0.000679180293484869
MFN1	-0.000676960312148325
ATP7A	0.000675606283454563
HAND2	0.000671166363030689
SPI1	-0.000667776208415834
CDK5R1	0.000667045803896651
ANKRD55	-0.000663159206868724
GNAI2	-0.000660790364725325
LOC440792	-0.00066011527891184
RBBP9	0.00065921235600919
NCKIPSD	0.000657661127991889
SRGN	-0.000654211005112828
HSD3BP1	0.000652674483592457
WDR37	-0.000649785677171443
PLCL1	0.000648489765059014
NR1D2	0.000647376579525157
ERGIC2	-0.000646717691217251
CPT1B	0.000643859787817426
SPTBN5	0.00064086227689805
ARNTL	-0.000640794594926372
NPTXR	0.000635251128928969
RIPK4	-0.000632136803599762
ATM	0.000629671033320222
USH1C	0.000628156310386446
OCEL1	0.00062499398546867
CYB561D2	-0.00062043475953888
CBX4	0.000620045878037725
PKN2	0.000612988159607299
LAMB3	-0.000612480585351977
KMT2D	0.00061087973037414
FEN1	0.000609356600309731
KLHDC8A	-0.000608707763829936
GABRD	-0.0006063175219232
H6PD	-0.000604502897119753
AHDC1	-0.000599621735688925
RBM14-RBM4	0.000599020634046829
NDUFS6	-0.000598218656961567
DCSTAMP	-0.00059698383387918
HIST4H4	0.000596384615069593
MS4A6A	0.000593174732660752
MPRIP	-0.000592599768430067
AP5S1	-0.000591216754562064
ASIC2	-0.00059090705076873
MYH7	-0.000590748011823209
FPR1	-0.000590552423782438
DCHS1	0.000587603045832627
KLK3	0.000587546996408337
FEV	0.000587345627828802
DBNDD1	0.00058703461492061
ADRB3	0.000586380442032245
IMMT	-0.000585739438958446
CCDC101	0.000584541701909257
FOXE1	-0.000583896455461754
ACTL7B	0.000583157042899151
PSG2	0.000580691598627719
ADRA1A	-0.000574933374221211
IL5	0.000572401142704324
ABCA11P	-0.000571352032849107
SRRD	0.000565606021103735
RGS10	-0.000563943746218491
ITGA8	-0.000561808273995395
RPL14	-0.000561425409410933
CMA1	-0.000561048505656249
VCY	-0.000553349718491188
LAMB4	-0.000553275585538699
OTOR	-0.000550685961955287
HTR5A	-0.000549779900601592
NPAP1	-0.000549447763398925
ANKRD26	0.000549356095552071
FOXG1	0.000547422590899164
CTAGE9	0.000545937673201877
ORM2	0.000545263489004671
PRY2	-0.000544046164128334
PHC2	-0.000543713979471914
KCNA2	0.000543590039269645
RGSL1	0.000539809270750329
SAMD9	-0.000539267317996337
FAM86C1	-0.000538426229952298
VAC14	-0.00053575318689058
MTFR1	-0.00053372159829043
ZNF780B	-0.000527854591915504
DZIP3	0.000526535011343776
CRYAA	0.000526167060404803
GJA8	0.000524042826120631
IL17A	-0.000522399583331193
C1orf106	-0.000521827454514212
POPDC2	0.000521602762469646
C1orf54	0.000520543544722486
UTP3	-0.00051619848971965
ELP5	0.000515767666924432
PHLDA2	0.000513235575102955
GJA3	-0.000510309707575959
RNF38	0.000505042173016722
MTMR1	-0.0005034192870625
SLC2A6	-0.000502665715893581
CYP4F2	-0.000500830413772568
TAF1A	-0.000500619843654666
INA	0.000499378244214467
EIF4G3	0.000498546709026714
ADRA2C	0.000497890295579736
LDB3	0.000496334179063703
CBFA2T3	0.000494606526055924
VTN	0.000492963725869291
HEPH	0.000492875968461675
OGFOD3	-0.000492333752305909
PGLYRP1	-0.00048622274691531
SLC17A3	-0.000486201540474422
TP53	0.00048479222542096
B4GALT7	-0.000484103089056419
CPLX3	0.000481510667552618
SPC24	-0.000481391609706768
GPR52	0.000481183572267176
MKNK2	0.000479448318840974
OR12D2	0.000478014622751338
NUP54	-0.000470270387332211
ZNF22	-0.000468914804804859
IFNGR1	0.000465488586998555
ARHGAP6	0.000464506439807142
CAV3	-0.000462523568009288
HOXC10	-0.000459368913891235
MBD5	-0.000456210451561849
HAUS7	0.000454491774333603
WNT11	0.000453817783143136
CROT	-0.000453142645842918
IL18RAP	-0.000451556870115584
DPM2	-0.000441543414468753
HEXA	-0.000441316916557861
TMEM251	0.000439355272458133
OGFOD1	-0.000439127458548481
PSG3	0.000438474110009513
TEN1-CDK3	0.0004340265683183
MRPL3	0.000432617217422119
XPNPEP2	-0.00043233417216326
DLG4	-0.000432171460441441
CD14	0.000430379829622668
LMO1	-0.000428180305493153
COX6A2	0.000427260168946355
CHIT1	0.00042679291088828
PPL	0.000426753170367647
CDC37P1	0.000425078564606296
ZBED2	0.000423583703713515
UCP1	-0.000421990156085916
ACVRL1	-0.00041872039580107
OR1A1	0.000417603681419845
NPY	0.00041705705288987
SLC4A3	-0.000411723651315468
HCFC1R1	-0.000410785928807944
MYBPC1	-0.000408462528033182
IFT27	0.000404463196829137
TSPAN9	0.000402305278547288
TFAP2A	0.000390515226032423
WRNIP1	0.000389546434860074
FLG	0.000389064618412178
LAMB1	-0.000386770710962398
TGM1	-0.000384681372085831
NTRK1	0.000384475548890322
KLHL26	0.000384372472751905
VCPKMT	0.000383820207074958
CLCA2	-0.000377749727546061
PRDM10	0.000377694808223549
PIDD1	-0.000374431111454707
SP140L	0.000372685208899084
PCDHB6	0.00036792447905829
HPD	0.000367354413832264
CAMK1G	-0.000367062524228197
LRRTM2	-0.000365902977298201
IKBKB	-0.000362412047679362
CACNG1	-0.000361525066290415
THAP3	-0.000359732582732971
HIST1H2AL	0.000358900982332242
LTA	0.000352256357117827
PAEP	0.000351729001700041
KIF1C	0.000351511763500213
XCL2	0.000350391949564712
S100A12	-0.000345565310728551
DIAPH2-AS1	-0.000344491375881378
DCLK2	-0.000343477454245721
ZDHHC8P1	0.000343212722171294
LOC101927770	-0.000341111339393197
SIRT3	-0.000340446249526166
CISH	0.0003393842519507
HOXA7	0.000339112719305828
SAA3P	0.000338053648288743
FNDC8	-0.000334797249621693
GPR35	-0.000332248058659723
SERPINB5	-0.000332181601015505
TMX4	-0.00033173850042985
SEMA4C	0.000330552968808847
C2orf54	-0.000329930394617016
S1PR4	0.000328955837243515
IKBKG	-0.000327452630057796
PDE6B	-0.000325646788109249
HIST1H3C	-0.000315813474650865
C1QB	0.000315149807764602
CHEK1	0.000314731309352553
C6orf25	-0.000313419857142205
RIPPLY3	0.000313388789649785
LTF	-0.000313148084945425
GH2	0.000312329786715982
AGA	0.000311621073466544
NAT6	-0.000306182219953585
TNS3	-0.000301211113940804
MYH11	-0.000299952493949303
DMWD	0.000298890134390479
EN2	0.000294926784821054
TSSC4	0.000292604338065332
HNRNPDL	0.000290883343311971
RPS17P5	0.000287580389784775
HEY1	-0.00028738703275471
OPTN	-0.000283458880049552
GPX5	0.00028183265670592
KBTBD4	-0.000280554739977458
CPEB1	0.000279914350132904
ZNF787	0.000279906830767452
ADK	0.000277082125235204
EMX2	-0.000277031284096011
COLEC11	-0.000273543024146782
PRPH2	0.000271229714615731
CACNG3	0.000269055898927642
FFAR3	-0.000267155324480848
SMA4	0.000265748580443948
TREM2	-0.000264056708056934
C1orf159	-0.000261157673827974
TMPRSS4	-0.000261069360535556
PLXDC1	0.000255091942288603
C9orf53	-0.000252715239347869
HIF1AN	-0.000248762119906338
F7	-0.000245195004009269
AQP2	0.000242477990569629
CA1	0.00024219294329787
ESPN	-0.000242008496953648
NR5A1	0.000239698803462682
ACYP1	0.000239091164762469
GC	0.000238812114423911
PYGO1	-0.000238485313196356
HIC1	-0.00023587047850589
ANO3	-0.000235042401815844
XAF1	0.000234316769584251
TCP11	0.000231388470396258
GPT	-0.000230162057155488
CA8	0.000230157790843372
G3BP1	0.000227722927021604
LINC00921	0.000227496167479282
DSCR4	-0.000227183388864813
HES2	0.00022505686870477
SEC14L2	0.0002248408638345
ARPC1B	0.000224800970173812
DROSHA	-0.000223806027610252
BBOX1	-0.000222854144137906
BFSP1	0.000221157777493701
RUVBL1	0.000219531369801144
FLI1	-0.000219379059919557
BDH1	0.000216336285706305
CTSW	-0.000213717582822963
C6	0.000212913238735508
NIPAL2	0.000211815039207389
EMR1	0.00021112021128733
GOT1	0.000206921340751627
PIEZO2	0.000203273421347206
CCL23	-0.00019975459448019
ATP1B1	0.000195372584819203
THAP9	-0.000195013373359509
P2RX1	0.000189106060140942
C1orf216	0.000185897962004903
ZC3H13	-0.000182682162964598
BTC	0.000182085431872474
FOXF1	0.000179671514825918
C19orf57	0.000179481769259302
CETP	-0.000179092635568876
ATP6V1B1	0.000177454504509007
IL22RA1	0.00017743807253114
FHOD1	0.000176980308410627
IL19	-0.000175896038046328
SRRM1	-0.000175544874218934
SEMA3B	-0.000174367972844523
GUCA1B	-0.000173704294540011
HAND2-AS1	0.000167182580083838
SOX30	0.000165903712273311
LECT2	-0.000165441892365894
MTG1	0.000163958412199823
RAB40AL	0.000163187636879179
GDF10	0.000159499122708846
LOC57399	-0.000156658405306521
ZNF345	0.000154022102393357
TNFSF13	-0.000153227955149162
MFI2	0.00015180933361488
ALK	-0.000147967128728853
RAP1GAP	-0.000147704100076111
UBE2E3	0.000144997665577569
CAMK2B	-0.000144927828768795
TFAP2B	0.000143363466083266
ARAP1	-0.000143044273916373
SIGLEC1	0.000142885494367107
RNF186	-0.000135212730298919
MZB1	-0.000133346566567378
TTLL5	-0.000129779081470669
GNG13	0.000129664236976995
AADAC	-0.000124660483059501
GPR37L1	-0.000123756980239251
OAS3	-0.000118643479737216
MCFD2P1	-0.000115132877714086
PUM2	-0.00011442659664306
EIF4EBP1	-0.000113198023492163
TASP1	-0.000105413564725121
CSN1S1	0.00010462078316344
KIN	-0.000103999306343291
TCEB1P3	-0.000102956216025812
AGPAT2	0.000102518066298536
PLEKHA8P1	-0.000101711381061398
CCDC94	-9.77568481958679e-05
SLCO2B1	9.73392710412216e-05
TP53I3	-9.70405079009144e-05
SLC16A4	9.32418023596565e-05
TRPC3	-8.83035879317677e-05
HOXB3	-8.63921509830571e-05
IL21	8.63890513761683e-05
OGFR	-8.50173823000942e-05
NR2F1	-8.44476787608301e-05
CYP4F8	-8.26441266263465e-05
ZNF254	-8.19538108744392e-05
FGF18	7.69529923220933e-05
LSM14B	-7.67567399185514e-05
LDHAL6B	-7.57561776140305e-05
ANKRD53	7.57169608035676e-05
PDZD7	7.49466607942428e-05
KRBOX4	-7.41585070474786e-05
ST3GAL6	-7.33811958569269e-05
STK19	-7.27972065164526e-05
CASZ1	-7.27639283398413e-05
LOC220077	7.20591975332686e-05
KISS1	-7.18351072838355e-05
CEBPA	6.91072668411826e-05
MAFF	-6.72447256619748e-05
NUP107	-6.71309582750403e-05
ZNF7	6.67734139996524e-05
OXT	6.54350457974546e-05
KRT34	-6.49929952480845e-05
ASCL1	-6.49003836064046e-05
DLX2	6.42503829562609e-05
CLGN	6.42415385798905e-05
DGCR11	6.39677440929443e-05
FOXP3	-6.35643449743839e-05
FAM111A	6.35014277616436e-05
EPHA7	6.21259291145461e-05
RTF1	-6.16362977440212e-05
CLMN	5.96978928686573e-05
BEGAIN	-5.9140848796514e-05
TMED10	5.90438805889525e-05
ZNF665	5.84817933429972e-05
POU6F1	5.63776989897567e-05
SAMD4B	-5.60654550425521e-05
KCTD9	5.5731185249667e-05
TYROBP	-5.45115025524629e-05
UBE2E1	5.16239095308208e-05
WNT6	-5.00225680441559e-05
H2AFJ	-4.61985509611887e-05
ARHGEF5	-4.59913342835336e-05
NEDD8	-3.95750682798729e-05
HIF3A	-3.90243702652447e-05
MECR	3.88808517574011e-05
AQP6	3.78626041961314e-05
GREM1	-3.64499042026133e-05
SNAPC1	-2.67663774752612e-05
SP100	-2.67235438557223e-05
TUBB7P	1.98673629835571e-05
ARID5A	1.72717096308533e-05
RALYL	1.63754969259356e-05
CYP11B1	1.27004828118989e-05
FETUB	8.94336756343978e-06
FBXO17	8.53837608096938e-06
ARHGDIB	-7.99148432527166e-06
WWC3	-7.14790600948493e-06
MINK1	-6.42246226887462e-06
FAM27C	6.07997809295602e-06
CDH6	-5.54911951757207e-06
PLGLB1	-5.30533585710707e-06
GCNT3	-2.64617519391868e-06
