symbol	loading
AT3G55920	-0.041023148861676
AT5G10140	-0.0392687795166117
AT5G14110	-0.0352646306248939
AT1G77960	-0.0300310446353935
AT3G55910	-0.0294618304255633
AT1G49570	-0.0275650206486662
AT1G14250	-0.0275457076424939
AT1G05397	-0.0270479146285743
AT2G03020	-0.0266050349491533
AT3G06355	-0.0265891949970216
AT1G30920	-0.0253921491790461
AT1G13448	-0.0243147125814283
AT1G73610	-0.0235192902401402
AT3G09922	-0.0234923416017177
AT4G38700	-0.0234504629944247
AT5G58310	-0.0232203736699238
AT5G35940	-0.0224596676178167
AT5G07640	-0.0223989401507275
AT1G18990	-0.0221467046439602
AT3G54580	-0.0216041234357147
AT3G03776	-0.0215406154584883
AT2G45660	0.0215141848669325
AT3G19430	-0.0213207182089461
AT4G12490	-0.0212433180410131
AT2G24980	-0.0208065696890732
AT3G54590	-0.0206852357857612
AT3G55900	-0.0206471774378932
AT1G48530	-0.0203671047667119
AT1G77120	-0.0202445653683562
AT4G28520	-0.0201445749156236
AT1G72860	-0.020119670388998
AT5G48490	-0.0200205611453663
AT2G01860	-0.0199934457933354
AT5G19890	-0.0198680001948113
AT3G44990	-0.0196861863465718
AT3G21720	-0.0196648354936655
AT3G15440	-0.0196413582013788
AT2G23590	-0.0195168647410327
AT1G11070	-0.0194277300284207
AT2G43920	-0.0191261457349403
AT4G12480	-0.0189846899129884
AT1G75290	-0.0189418685654813
AT4G27160	-0.0188302764576625
AT1G43800	-0.0186551530906454
AT2G05510	-0.0186498958391208
AT2G26010	-0.0186495003906813
AT2G06995	-0.0186349542262706
AT5G06640	-0.0185621178843585
AT5G65080	-0.0185102878421127
AT3G05950	-0.0185035135620738
AT4G13575	-0.0183387399846669
AT5G46440	-0.0182040886774143
AT2G47750	-0.0181986644389962
AT1G53490	-0.0180572048016128
AT4G33720	-0.0179167362486128
AT5G06630	-0.0177161574226742
AT1G12100	-0.0176479930831703
AT5G43570	-0.0175993095173421
AT4G08410	-0.0175805504906608
AT3G53370	-0.0174040584522878
AT5G64120	-0.0173096341794682
AT1G03820	-0.0173019113740676
AT4G01630	-0.0172852440157035
AT5G67400	-0.0172446954299374
AT5G14650	-0.0171461676175391
AT5G24160	-0.01714399051803
AT3G51180	-0.0170842278743501
AT2G14580	-0.0170583831089731
AT4G22505	-0.0169214383397184
AT4G31940	-0.0168575673197455
AT1G15160	-0.0168146036897216
AT3G09405	-0.016784166212914
AT5G35926	-0.0167384085835968
AT4G29990	-0.0166601173168522
AT3G62680	-0.0165425454879601
AT1G71330	-0.0165227083334532
AT4G08400	-0.0165185946894956
AT2G14247	-0.0164794230014437
AT2G32990	-0.0164714038230058
AT1G56600	-0.0164209967117434
AT1G24996	-0.0163820761121565
AT4G16540	-0.0163506399174173
AT2G21850	-0.0163370743547666
AT3G23550	-0.0162125557999192
AT2G45930	-0.0161749077493291
AT5G20640	-0.0161613113530142
AT1G23720	-0.0161398590118953
AT4G13390	-0.0161323499233845
AT5G25130	-0.0161163627608347
AT4G35720	-0.0161128277913913
AT3G28550	-0.0160679716794326
AT3G11080	-0.0160623651033527
AT1G52990	-0.0160394000036033
AT1G52000	-0.0159906952169856
AT4G13860	-0.0159410778354304
AT2G30790	-0.0159286714184237
AT3G29639	-0.015912307310385
AT1G21210	-0.0158993746383087
AT2G18680	-0.0158840401438744
AT4G15953	-0.0158484552415599
AT3G47360	-0.0158417945326394
AT2G38390	-0.0158102896345804
AT2G06002	-0.0158088000913077
AT5G35190	-0.0158030007319675
AT2G39700	-0.0157927172040334
AT2G03090	-0.0157192976632923
AT3G11010	-0.0156757127715918
AT4G33070	-0.0156474060124387
AT1G08090	-0.0156400672034162
AT4G38300	-0.0155816405270219
AT4G15710	-0.0155685204363934
AT1G67150	-0.0155518629484638
AT5G64110	-0.0155513284868525
AT1G16400	-0.0155265517313388
AT2G41240	-0.0154561956863228
AT2G33790	-0.0154532288216735
AT1G18880	-0.0154270800335839
AT4G27030	-0.0154044827430167
AT5G65690	-0.0152857402883977
AT5G43590	-0.0152087338614613
AT3G60140	-0.0151987766233078
AT2G34790	-0.0151908790775308
AT1G12040	-0.0151899317565712
AT4G30570	-0.0151309244486455
AT5G59660	-0.015114991606038
AT5G40180	-0.0150879464315593
AT2G21260	-0.0150729116135901
AT4G00910	-0.0150439397243517
AT5G44980	-0.0150410763502466
AT1G47395	-0.0150188968090749
AT1G54970	-0.014918282963214
AT5G44120	-0.0149156760791491
AT1G13609	-0.0149050861736549
AT1G13650	-0.0149022218613639
AT3G47580	-0.0148067151952325
AT3G02885	-0.0147890184036314
AT1G72840	-0.0147839060708258
AT5G48430	-0.0147815935531206
AT4G23680	-0.0147492211139424
AT4G21090	-0.0147464458312071
AT1G56660	-0.0147347582620597
AT4G30140	-0.0147185321833495
AT3G50440	-0.0146615934027001
AT2G47180	-0.0146426169403482
AT3G26350	-0.0146338808633079
AT4G24780	-0.0146265753221723
AT1G05035	0.0146196588682727
AT1G76780	-0.0145687723932039
AT1G63080	-0.0145201797983801
AT2G02120	-0.014492427702642
AT4G22485	-0.0144437594867686
AT5G06190	-0.0144372280233458
AT5G33390	0.0143976728092547
AT3G14210	-0.0143926128599947
AT4G01700	-0.0143719288276614
AT4G25790	-0.0143635932854127
AT4G22755	-0.0143495257068374
AT4G16960	-0.0143183661038985
AT5G13990	-0.0143057467411162
AT1G01580	-0.014278521708741
AT1G64390	-0.0142754413238947
AT4G12470	-0.0142748875802583
AT4G28850	-0.0142720544381759
AT4G21480	-0.0142491491559612
AT1G72760	-0.0142457585942114
AT1G30870	-0.014224914565355
AT4G40090	-0.0142239324552221
AT3G13680	-0.0142084513782021
AT4G18940	-0.0142074437376425
AT1G43160	-0.0141574086389376
AT5G54370	-0.014122030727396
AT1G17560	-0.0141153389795065
AT4G03440	-0.014098844645071
AT2G19550	-0.0140818851054242
AT4G16260	-0.0140587094182039
AT4G03490	-0.0140494265696034
AT5G01820	-0.0140467803365665
AT5G39330	-0.0140399881126411
AT2G18780	-0.0140387163018608
AT3G16350	-0.0140368164145699
AT5G48780	-0.0140298671774772
AT5G07570	-0.0140214753664949
AT1G62770	-0.0139881758352006
AT3G02870	-0.0139753461361353
AT5G09600	-0.0139703638142592
AT4G13572	-0.0139630980473775
AT4G26010	-0.0139455607828717
AT1G73120	-0.013944946321774
AT4G33560	-0.0139427404622966
AT2G22610	-0.0139398144849975
AT5G66460	-0.0139306247981887
AT5G13770	-0.0139230767745989
AT1G66100	-0.0139166659436688
AT4G15480	-0.0139104236842555
AT4G28040	-0.0139099967785529
AT1G22140	-0.0138889423469893
AT3G44900	-0.0138861746998305
AT5G19110	-0.01388507015863
AT3G28270	-0.0138812149711756
AT1G12855	-0.0138717090168459
AT1G05650	-0.0138620141931516
AT3G01060	-0.0138399455135953
AT2G16890	-0.0137970023744551
AT2G45360	-0.0137821166750427
AT5G23990	-0.013773576972409
AT1G62440	-0.0137555379712009
AT5G24420	-0.0137346174386644
AT1G78780	-0.0137148419899239
AT4G13577	-0.0136878125542495
AT1G77765	-0.0136686264336524
AT4G14020	-0.0136549688624556
AT2G05440	-0.0136353392939361
AT1G44446	-0.013633942276003
AT2G01610	-0.013617979448462
AT1G67940	-0.013596348603184
AT1G31320	-0.0135818144713393
AT4G18440	-0.0135671823920552
AT1G61290	-0.0135645721723463
AT5G03350	-0.0135364445156828
AT3G59140	-0.0135225617961267
AT3G25190	-0.0134986123128489
AT3G59480	-0.013494309499364
AT5G66830	-0.0134382839766134
AT1G12010	-0.0134130220043185
AT1G51840	-0.0134070682291798
AT1G21310	-0.0134014652170459
AT1G32950	-0.013395128699517
AT4G31850	-0.0133778465454431
AT4G38230	-0.0133663593607959
AT3G28917	-0.0133646213052774
AT3G27940	0.0133566473607519
AT1G33440	-0.0133457868410617
AT1G76930	-0.0133118697018918
AT4G32990	-0.0132809021838909
AT4G19680	-0.013273513892666
AT5G42510	-0.0132592754856083
AT3G12220	-0.0132558213003066
AT1G15170	-0.013250265173929
AT4G36700	-0.0132460244590622
AT3G22640	-0.0132354144901121
AT3G58990	-0.0132288123987609
AT1G72870	-0.013217157182469
AT4G28250	-0.0132157267300288
AT1G28400	-0.013213345294099
AT2G32550	-0.0132120113512881
AT1G12560	-0.0132075635288802
AT5G05400	-0.0131860369712704
AT4G08570	-0.0131770900997638
AT5G27100	-0.013174012458309
AT2G27550	-0.013174009909446
AT3G13672	-0.0131610902385116
AT4G23200	-0.0131465275087329
AT1G15125	-0.013143736056643
AT3G04000	-0.0131431331218398
AT3G45130	-0.0131418073065198
AT5G38940	-0.0131141088957916
AT3G02150	-0.0131115480073078
AT3G56980	-0.0130974438187879
AT3G02020	-0.0130807140366431
AT3G23430	-0.0130752730756124
AT4G01390	-0.0130623279884279
AT5G35480	-0.0130420168870033
AT3G22210	-0.0130354922800227
AT4G25820	-0.0130328107191977
AT2G38870	-0.0130296282748442
AT4G01970	-0.0130059032902786
AT1G69530	-0.0130050832200297
AT4G08620	-0.0129981504075782
AT2G39510	-0.0129785607896726
AT5G44400	-0.012969041509542
AT2G41780	-0.0129656911249305
AT2G34610	-0.0129646666357735
AT4G07995	-0.0129446482635387
AT4G15393	-0.0129428492562536
AT3G14680	-0.0129312269809048
AT5G17630	-0.0129227997792531
AT5G42600	0.0129215652702913
AT4G02270	-0.0129199896062722
AT3G50010	-0.0129168444640676
AT3G17640	-0.0128857205273726
AT1G20400	0.012856254212603
AT4G17100	-0.0128557466932986
AT4G29550	-0.0128528996312372
AT5G15010	-0.0128467734917154
AT5G15890	-0.0128422270684309
AT3G22740	-0.0128406233085294
AT5G14330	-0.0128336339543674
AT5G55930	-0.0128171600165852
AT3G48320	-0.0128152592292496
AT3G49960	-0.012809339764803
AT1G67110	-0.0127914053818812
AT4G13770	-0.0127845113088334
AT1G05310	-0.0127302180449045
AT2G41800	-0.0127172321360749
AT2G42850	-0.0127138609827656
AT1G33840	-0.0126745387916258
AT5G20820	-0.0126506637785202
AT1G58290	-0.0126488296137907
AT3G61820	-0.0126190577497854
AT4G27400	-0.0126058589152496
AT1G75280	-0.012599150103023
AT4G19810	-0.0125933750200212
AT3G27250	-0.0125920926207161
AT2G37130	-0.0125793832067517
AT3G48520	-0.0125414615756072
AT2G18450	-0.0125411986702963
AT3G49860	-0.0125407945322568
AT3G21670	-0.0125345868939308
AT3G23180	-0.0125261152459714
AT3G17225	-0.0125177747479856
AT4G18630	-0.0125131803202999
AT5G57625	-0.0125091820915934
AT3G01930	-0.0125086834943379
AT3G19480	-0.0125035720491686
AT1G07902	-0.0124916187976086
AT5G15960	-0.0124888027311157
AT3G46370	-0.0124691849744576
AT5G14200	-0.0124649552561814
AT3G44730	-0.0124626797907208
AT1G76690	-0.0124549286209673
AT4G22080	-0.0124506630374894
AT4G37160	-0.0124473935752973
AT1G69710	-0.0124466426738041
AT1G10380	-0.0124411710681722
AT5G08030	-0.0124388624417784
AT3G15370	-0.0124311014339745
AT5G49070	-0.0124279745978878
AT5G02940	-0.0124262682796019
AT4G25220	-0.0124242176209569
AT3G16520	-0.012413582333206
AT3G54260	-0.0123960457639879
AT5G48800	-0.0123921919537395
AT1G64780	-0.0123909660244002
AT2G24681	-0.0123872838899347
AT5G42530	-0.0123806956706721
AT4G20362	-0.0123761987548037
AT5G13930	-0.0123677014342869
AT1G12030	-0.0123619096374994
AT1G54890	-0.012358153013459
AT3G43190	-0.0123541453473124
AT3G59830	-0.0123538580090023
AT4G13300	-0.0123462668522388
AT1G43605	-0.0123374890643472
AT1G68880	-0.0123344077210546
AT2G16005	-0.0123285229798866
AT1G76410	-0.012323579844681
AT3G14280	-0.0123211789872022
AT3G21560	-0.0123194390451028
AT3G24880	-0.0122968345621589
AT2G20815	-0.0122683296012292
AT5G49680	-0.0122640426782971
AT5G64570	-0.0122638365664194
AT5G60780	-0.0122614275931257
AT1G61400	-0.0122599001859098
AT1G33700	-0.0122577066426424
AT1G50520	-0.0122446919889003
AT5G04960	-0.0122254821800043
AT1G59720	-0.0122172027474494
AT3G25760	-0.0122161180478379
AT3G49120	-0.0122139961743851
AT5G10130	-0.0122122365546903
AT3G50970	-0.0122107202386587
AT3G30775	-0.0122036315893567
AT3G14940	-0.0121964294733233
AT5G21050	-0.0121933123326901
AT4G21680	-0.012188398293827
AT5G22090	-0.0121840877450178
AT5G59220	-0.012177113344378
AT4G34131	-0.0121769296919258
AT2G43880	-0.0121722976432684
AT3G12820	-0.0121661698859547
AT1G14960	-0.0121557025356104
AT2G11035	-0.0121538429027947
AT5G35490	-0.0121340868935635
AT5G19570	-0.0121156350060153
AT3G48870	-0.0121093246614717
AT1G60470	-0.0121087641887494
AT2G37770	-0.0121021594227078
AT2G43410	-0.0120917567680719
AT3G54600	-0.0120861746062128
AT1G34060	-0.0120838666045435
AT3G49060	-0.0120768201613534
AT4G33010	-0.0120686823327405
AT1G22710	-0.0120674859464172
AT4G00680	-0.0120671677935799
AT1G60110	-0.0120502969576157
AT1G64660	-0.0120474470992336
AT1G64900	-0.0120446306865781
AT3G45140	-0.0120395566914083
AT1G44790	-0.0120291690253805
AT5G19790	-0.0120283165283426
AT3G10710	-0.01202532576496
AT5G13520	-0.0120237235705742
AT5G43350	-0.0120071124926239
AT1G07710	-0.0120026873757824
AT5G04970	-0.0119915567170071
AT3G27170	-0.0119901058796746
AT1G02770	-0.0119774030097799
AT5G08640	-0.011974196956259
AT1G26250	-0.0119737561053652
AT3G14690	-0.0119704471059251
AT5G58840	-0.0119692515252739
AT3G55200	-0.0119661199962945
AT3G02550	-0.0119660825419212
AT3G25290	-0.0119627608130222
AT2G16740	-0.0119608013802564
AT1G33770	-0.0119590094322491
AT5G16160	-0.0119412794409639
AT1G71880	-0.0119342636617696
AT3G18280	-0.0119313665806168
AT2G23630	-0.0119280783516207
AT3G26460	-0.0119237974146756
AT5G03545	-0.0119225766850581
AT3G53980	-0.0119077451199938
AT5G17890	-0.0119054940229449
AT2G22560	-0.0119007682405896
AT4G15960	-0.0118971186851282
AT3G04720	-0.0118913157839099
AT5G26270	-0.0118912011440115
AT5G58070	-0.0118827327045818
AT2G29620	-0.0118818018490514
AT1G09560	-0.0118799066094975
AT5G27650	-0.0118737376869098
AT2G34490	-0.0118648527985987
AT3G15780	-0.011862106177427
AT1G48930	-0.0118619087012885
AT4G00250	-0.0118616051932264
AT5G54690	-0.0118584773816579
AT5G44420	-0.0118559656033324
AT4G16957	-0.0118551984720277
AT5G04150	-0.0118531545293298
AT1G10270	-0.0118475347405836
AT5G10625	-0.0118473021861255
AT1G35260	-0.0118439675395666
AT2G11270	-0.0118338792690538
AT5G53895	-0.0118325626331558
AT2G42720	-0.011832380718866
AT3G60280	-0.0118322694305155
AT4G13710	-0.0118253680962152
AT1G78290	-0.0118239645678496
AT1G79780	-0.0117966793650249
AT2G20520	-0.0117958289771308
AT1G62510	-0.011795628815501
AT4G35090	-0.011783997813826
AT2G18470	-0.0117798918630426
AT5G40390	-0.0117745232089768
AT5G02270	-0.0117679339815242
AT4G15390	-0.0117628992108495
AT3G25010	-0.0117628626536611
AT1G10610	-0.0117509452396138
AT5G61550	-0.0117505676424879
AT1G09750	-0.0117496043175232
AT3G15550	-0.0117306329322979
AT4G12500	-0.0117173653052081
AT4G27595	-0.0117157034679761
AT1G09240	-0.0117100921992289
AT5G03390	-0.0117056285024018
AT5G47590	-0.0117035732145252
AT3G18970	-0.0116981889489528
AT4G19690	-0.0116977346847256
AT5G17390	-0.0116945288177449
AT1G07167	-0.0116910894355728
AT5G58650	-0.0116891579839721
AT1G52330	-0.01168744378505
AT4G15560	-0.0116825816006529
AT3G28750	-0.0116824307755509
AT5G50200	-0.011681363503442
AT5G24770	-0.0116810425481654
AT5G05580	-0.0116804182832836
AT1G35720	-0.0116801958812075
AT1G58400	-0.0116670808599574
AT4G37150	-0.0116527445161374
AT3G11660	-0.0116448464590315
AT1G61860	-0.0116444820378034
AT1G11540	-0.011635623814713
AT5G53320	-0.0116247343097173
AT2G37970	-0.011615181483362
AT1G60680	-0.01161292875573
AT1G55580	-0.0116013554825603
AT5G57350	-0.0115994634598168
AT4G21170	-0.0115813106667881
AT3G57520	-0.0115743745599921
AT1G14890	-0.0115673475355318
AT4G22517	-0.0115654568885371
AT5G43745	-0.011562487775463
AT4G32480	-0.0115587785181355
AT5G44190	-0.011557902981593
AT5G03260	-0.0115564323647578
AT5G42310	-0.0115502394887793
AT5G02260	-0.0115491893737562
AT5G16900	-0.0115484138236037
AT2G28780	-0.0115465358811415
AT2G41870	-0.0115428788194623
AT1G50310	-0.011542336254643
AT4G39320	-0.0115418781028771
AT5G11430	-0.0115407048282468
AT3G53480	-0.0115346312837199
AT5G45115	-0.0115249846966575
AT1G68585	-0.0115206751773694
AT3G60840	-0.011519972276693
AT4G23290	-0.0115165447973872
AT1G10810	-0.0115149265995748
AT3G03780	-0.0115129557607956
AT5G25810	-0.0115124485980933
AT1G72360	-0.0115055704178702
AT1G69280	-0.011492128998801
AT2G33260	-0.0114907907883784
AT3G14170	-0.0114863385104909
AT1G10070	-0.0114756861044281
AT1G61080	-0.0114667852515333
AT5G59720	-0.0114660655925643
AT3G18450	-0.0114651394428976
AT1G07180	-0.0114502535543724
AT2G43530	-0.0114497892676658
AT5G61290	-0.0114440511226507
AT1G62560	-0.0114423916909669
AT3G16000	-0.0114398658080002
AT3G24100	-0.0114347457703823
AT1G73220	-0.0114329471047805
AT4G13570	-0.0114183954950249
AT1G01010	-0.0114176815621646
AT3G18960	-0.0114159625240869
AT1G11592	-0.0114159441267197
AT1G21540	-0.0114146784830675
AT5G05500	-0.0114104789769068
AT5G17820	-0.0114059257362573
AT3G24870	-0.0114003242356033
AT1G32450	-0.0113995814609156
AT5G67370	-0.0113964120158389
AT5G64840	-0.0113960337097166
AT1G30840	-0.0113932970473906
AT5G05160	-0.0113928401489227
AT1G07260	-0.0113910471772856
AT1G15040	-0.011385335486133
AT4G02710	-0.0113694820462742
AT1G68500	-0.0113688513834155
AT3G08860	-0.0113629184311301
AT3G47295	-0.0113504174197359
AT3G25730	-0.0113454364606011
AT2G24580	-0.0113364274369691
AT3G06035	-0.0113364003781068
AT1G64860	-0.0113337452982117
AT2G46680	-0.0113330329854047
AT5G51690	-0.011326468593508
AT1G12800	-0.0113219985488184
AT4G15160	-0.0113209271066702
AT4G32210	-0.0113192368922655
AT1G78060	-0.0113167130008011
AT2G32340	-0.0113118847445519
AT5G51060	-0.0113105394170479
AT3G50270	-0.0113069881754775
AT4G37410	-0.0112954323643331
AT5G07030	-0.0112947928568897
AT1G14210	-0.011291536664405
AT4G21670	-0.0112903287073703
AT5G58130	-0.0112874697833579
AT3G27400	-0.0112839058956121
AT4G11650	-0.0112818197985276
AT1G23205	-0.0112796197590655
AT5G43230	-0.0112771411432327
AT1G05400	-0.0112727146997126
AT1G67070	-0.0112726890677797
AT4G06746	-0.0112713816629637
AT5G46040	-0.011264235181057
AT3G19050	-0.0112585934644236
AT4G04610	-0.0112571320616139
AT1G03620	-0.0112502710720729
AT1G17220	-0.0112360037513375
AT1G09090	-0.0112304823515008
AT5G56080	-0.0112275225781781
AT3G48690	-0.0112268658684673
AT5G19040	-0.0112259449700284
AT5G20830	-0.0112251106951528
AT2G24820	-0.0112235657852729
AT3G21510	-0.0112234058957773
AT4G02110	-0.0112133925342985
AT3G28220	-0.0112104962064132
AT1G73040	-0.0112100466616451
AT5G65850	-0.0112087887529174
AT4G27710	-0.0112085044702258
AT5G43180	-0.0112082865802352
AT1G80760	-0.0111872565101258
AT3G62040	-0.0111864843839234
AT1G62750	-0.0111809040863911
AT1G50060	-0.0111786721938394
AT1G03760	-0.0111769405093834
AT2G45750	-0.0111712651615832
AT5G12110	-0.0111691588153785
AT4G15500	-0.0111680147154086
AT3G09190	-0.0111649066316356
AT1G06670	-0.0111621463767042
AT3G15720	-0.0111619523375448
AT4G36515	-0.0111601999673314
AT5G47740	-0.0111583117323262
AT3G44120	-0.011156055399816
AT5G57530	-0.0111500876852714
AT1G64405	-0.011147642278995
AT3G07120	-0.0111414818945552
AT3G18530	-0.0111386778218044
AT3G28740	-0.011138411391122
AT2G02100	-0.0111363071410016
AT1G47400	-0.0111320370392505
AT4G38530	-0.0111316537033675
AT1G16000	-0.0111301725509571
AT3G12955	-0.011125194318559
AT2G42690	-0.0111245943276797
AT3G56970	-0.0111197935158754
AT1G62980	-0.0111148770768113
AT5G52250	-0.011108106070492
AT5G26260	-0.011104942394823
AT4G16370	-0.0111049311647591
AT5G13630	-0.0111048148983002
AT5G66440	-0.011097177717833
AT4G09950	-0.0110945870525703
AT1G11580	-0.0110917346581417
AT5G13760	-0.0110917213548506
AT1G12160	-0.0110833908039483
AT5G40450	-0.0110783946206116
AT3G18890	-0.0110769715640128
AT3G09580	-0.0110753269566386
AT2G26080	-0.0110735992461297
AT3G07900	-0.0110644958679535
AT2G19110	-0.0110602471163867
AT3G61560	-0.0110590182799439
AT4G23600	-0.0110578073613317
AT5G49160	-0.0110525441997394
AT2G43100	-0.0110513263527575
AT4G38410	-0.0110478447778537
AT5G01040	-0.0110476871920754
AT1G71040	-0.0110476687206012
AT3G24300	-0.0110466700797087
AT4G10750	-0.0110454478704046
AT5G64240	-0.0110307770074311
AT5G38565	-0.0110228319362346
AT4G12640	-0.0110127654349394
AT1G32375	-0.0110007545972441
AT1G07740	-0.0109951440333201
AT1G25530	-0.0109927360271425
AT2G38080	-0.0109888465063614
AT3G24480	-0.0109872658673365
AT1G69310	-0.0109865695095097
AT3G27690	-0.010982477721685
AT5G34940	-0.0109823734866033
AT2G46240	-0.0109820780399936
AT4G19230	-0.0109804607033195
AT1G54820	-0.0109781313262212
AT5G48060	-0.0109773636006987
AT1G16410	-0.0109696394685151
AT2G01660	-0.0109635073657503
AT1G77540	-0.010959323779162
AT3G14060	-0.0109567547518399
AT1G74070	-0.0109553357714105
AT4G34220	-0.0109468066798846
AT3G22800	-0.0109449574252725
AT3G10360	-0.0109442857097744
AT3G47770	-0.0109312623968456
AT1G06090	-0.0109265822743307
AT2G38380	-0.0109253993014656
AT5G22740	-0.0109232718072486
AT3G13960	-0.0109218662388082
AT1G06570	-0.0109189411189241
AT1G65610	-0.0109177622703112
AT3G45060	-0.0109162951862994
AT3G15790	-0.0109068594235888
AT2G36570	-0.010905916868173
AT3G16920	-0.0109014313123515
AT1G19220	-0.0109009293669496
AT3G13065	-0.010896799208797
AT4G30250	-0.0108931524032792
AT4G35550	-0.0108906078640255
AT1G62300	-0.0108852567245388
AT4G32860	-0.0108844588288344
AT5G64940	-0.0108823940583094
AT1G08620	-0.0108784866150302
AT3G52090	-0.0108775701824669
AT1G10480	-0.0108708520219437
AT2G47550	-0.0108668714196413
AT4G26640	-0.0108635660727104
AT4G04460	-0.0108574742415136
AT1G67710	-0.0108557994909741
AT4G00750	-0.0108541569649308
AT3G02190	-0.0108529985022292
AT2G31400	-0.0108520127318
AT4G39950	-0.0108516388142592
AT2G37980	-0.0108494123217575
AT1G28290	-0.0108493502227518
AT3G60730	-0.0108462946641212
AT3G20110	-0.0108462587396592
AT3G18390	-0.0108456106344308
AT1G61950	-0.0108450655214946
AT1G04445	0.0108419971440425
AT1G59850	-0.0108377684420069
AT4G38495	-0.0108374917972958
AT4G35810	-0.0108362691534852
AT5G45260	-0.0108356202550232
AT1G06520	-0.0108341120413149
AT2G47840	-0.0108319042347906
AT2G46535	-0.010824580829874
AT3G06690	-0.0108214436233763
AT3G26570	-0.010819370245352
AT2G33460	-0.0108192982214776
AT1G16350	-0.0108187838354942
AT3G01550	-0.0108181897849717
AT5G19100	-0.0108181057566496
AT2G31081	-0.0108128415839294
AT4G21180	-0.0108126053627921
AT1G73580	-0.0108112496257376
AT5G59670	-0.0108097916349606
AT3G22830	-0.010807138404397
AT2G25680	-0.0108042029073743
AT5G02830	-0.0108030633461173
AT3G20710	-0.0108006712186878
AT2G33770	-0.0107956185315785
AT1G70460	-0.0107942764500648
AT3G46900	-0.0107918442814707
AT2G25320	-0.0107910767119822
AT2G14160	0.0107904312249497
AT3G62460	-0.0107893741254317
AT1G78820	-0.0107886363388312
AT1G21400	-0.0107878806369208
AT1G08540	-0.0107854655922835
AT1G19710	-0.0107822655885801
AT1G74710	-0.0107787515379267
AT1G12200	-0.0107691223868495
AT4G22490	-0.0107643465045228
AT1G06420	-0.0107641952354135
AT5G09590	-0.010763445498305
AT2G26020	-0.0107625856902447
AT5G67600	-0.0107625330732418
AT4G36670	-0.010761989124107
AT2G21560	-0.0107600835812722
AT1G15260	-0.0107574632610244
AT4G25090	-0.0107566546106776
AT3G19390	-0.01075507622115
AT1G71080	-0.0107522161177473
AT5G04950	-0.0107515332745661
AT1G15330	-0.010750054800202
AT5G24710	-0.0107457072177362
AT1G31770	-0.0107419367229628
AT3G09220	-0.0107359449346933
AT5G46580	-0.0107294365149985
AT2G29500	-0.0107278791177803
AT4G21780	-0.0107249259793463
AT1G30760	-0.0107245337431844
AT5G57980	-0.0107230881955976
AT1G07360	-0.0107195649549737
AT1G02730	-0.0107184459203231
AT1G49870	-0.0107148447157717
AT1G56430	-0.0107129129558029
AT5G04230	-0.0107122457797607
AT5G05480	-0.0107091187971436
AT4G14690	-0.0107051319659547
AT1G62660	-0.010704216631777
AT1G44030	-0.0106999469556192
AT4G38260	-0.0106948282315594
AT3G53620	-0.0106926220349425
AT1G13790	-0.0106924789662227
AT3G03305	-0.0106911422085392
AT5G56240	-0.0106869507190442
AT5G10580	-0.0106861584118449
AT1G77380	-0.0106847762192795
AT2G36880	-0.0106823786863303
AT5G57540	-0.0106786221423753
AT1G18100	-0.0106773376794625
AT1G45145	-0.0106772637682005
AT5G53060	-0.0106735843120055
AT2G29510	-0.0106689132324981
AT3G44300	-0.0106645358791437
AT2G25810	-0.0106635953484589
AT2G40400	-0.0106635851805916
AT3G47780	-0.0106632272928577
AT4G06534	-0.0106627825196579
AT5G44785	-0.0106594942314134
AT4G20210	0.0106571345455248
AT1G24575	-0.0106569870641027
AT5G19730	-0.0106523951749483
AT1G78580	-0.0106519100058049
AT1G26450	-0.0106502523829524
AT2G23560	-0.0106494065539951
AT1G79470	-0.0106467075234652
AT5G45830	-0.0106464851311201
AT1G18250	-0.010645020837616
AT3G09240	-0.0106441631045641
AT2G47650	-0.0106409397948536
AT3G22961	-0.0106399767045661
AT1G71140	-0.0106375572920172
AT2G43150	-0.0106300829047292
AT2G12462	-0.0106282617994812
AT1G23130	-0.0106255467939851
AT1G63440	-0.0106254645537318
AT4G17940	-0.0106213473127491
AT3G14900	-0.0106193626186693
AT5G04895	-0.0106173023901354
AT2G21840	-0.0106172237537382
AT1G17100	-0.0106120562930298
AT3G23810	-0.0106096184205787
AT3G26230	-0.0106084868205854
AT2G02130	-0.0106047658571931
AT5G18560	-0.0106001032765521
AT2G25450	-0.0105956109610775
AT2G19960	-0.0105953881174413
AT1G29560	-0.0105931732878106
AT3G16990	-0.0105920949068341
AT5G16930	-0.0105776948537753
AT1G76960	-0.0105774052378504
AT1G53790	-0.0105759329410755
AT5G07690	-0.0105758511953651
AT4G31730	-0.0105743290427755
AT5G21280	-0.0105706989044739
AT4G24280	-0.0105706846429992
AT3G01680	-0.0105674441102262
AT5G49660	-0.0105668073090756
AT1G52410	-0.0105645136963684
AT5G06570	-0.010561029010965
AT5G38640	-0.0105609348073959
AT4G25470	0.0105597546939745
AT1G09700	-0.010556601655077
AT4G08770	-0.0105555520549997
AT5G20070	-0.0105548706737717
AT3G63200	-0.0105517506694585
AT3G01180	-0.0105491260717972
AT2G36690	-0.0105477782176703
AT5G67210	-0.0105472602849541
AT5G02120	-0.0105443821134515
AT5G26860	-0.0105423501489959
AT1G50270	-0.0105399411636424
AT5G05680	-0.0105396472730746
AT5G55740	-0.0105392415467655
AT5G44790	-0.0105390865965518
AT5G17540	-0.0105388514152458
AT5G47810	-0.0105386376545662
AT1G78520	-0.0105361422908684
AT5G47220	-0.0105356414227349
AT1G68470	-0.0105312799591951
AT1G43850	-0.010530537396691
AT3G03990	-0.0105304857987292
AT1G79360	-0.0105303836060116
AT3G55390	-0.0105272847374674
AT1G63360	-0.01052722226628
AT5G53370	-0.0105219490843252
AT5G60520	-0.0105201703482595
AT5G01600	-0.0105183324032172
AT1G75040	-0.0105163135372878
AT5G50240	-0.0105131227473686
AT1G50732	-0.0105075393305401
AT5G66840	-0.0105049897749971
AT2G40970	-0.0105032730512845
AT5G58320	-0.0105005997788692
AT3G48310	-0.0104982730706788
AT1G54575	-0.0104964411480945
AT1G20140	-0.0104944771559216
AT1G05730	-0.0104922789340957
AT2G04040	-0.0104922669693268
AT4G16807	-0.0104888474917036
AT4G37380	-0.0104844461257646
AT3G04320	-0.0104829465085127
AT2G15980	-0.0104822188310969
AT5G63180	-0.0104801441578901
AT4G14590	-0.010478652668241
AT5G26320	-0.0104747497294417
AT1G68740	-0.010474496122294
AT3G45440	-0.0104719958676621
AT5G07240	-0.0104718925149593
AT4G10550	-0.0104683157989467
AT2G29260	-0.0104655511769982
AT5G36120	-0.0104635646668371
AT5G64080	-0.0104616121160201
AT1G01453	-0.0104614967473402
AT3G63210	-0.0104556953426017
AT1G78310	-0.0104556217549185
AT3G60490	-0.010455101568559
AT2G44340	-0.0104545471684747
AT3G20640	-0.0104510635095106
AT5G03090	-0.0104502374952331
AT1G78830	-0.0104491977798433
AT2G21330	-0.0104485055954089
AT5G49270	-0.0104469404602799
AT4G15765	-0.0104463816072065
AT1G19570	-0.0104450263834582
AT4G28080	-0.0104443992069681
AT3G44050	-0.0104414411969937
AT2G28240	-0.0104382323545584
AT1G64930	-0.0104381967350729
AT4G01030	-0.0104377580545568
AT1G76430	-0.0104367679747324
AT3G24210	-0.010431217867777
AT1G03780	-0.0104294740983808
AT1G35830	-0.0104249470811867
AT1G27530	-0.0104233219938428
AT2G48020	-0.0104199845123117
AT5G41870	-0.0104190216009373
AT1G20620	-0.0104184379253322
AT3G09070	-0.0104179523088331
AT1G71010	-0.0104149526737373
AT1G22990	-0.0104125677546043
AT5G62310	-0.0104105749698193
AT5G53450	-0.0104097054236308
AT5G25520	-0.0104081262490391
AT1G04770	-0.010406547527406
AT1G19610	-0.0104059990664714
AT4G26660	-0.0104058622511884
AT1G58370	-0.0104042745982704
AT2G33450	-0.0104039010208525
AT4G25580	-0.0104036237413032
AT5G59080	-0.0104007494661818
AT1G49470	-0.0103994336512657
AT5G05600	-0.0103993744794411
AT2G38010	-0.0103966332210858
AT5G40960	-0.010394068601575
AT3G03980	-0.010386359931892
AT5G23950	-0.0103819904717446
AT4G05320	-0.0103811003549642
AT4G09630	-0.0103802458027017
AT2G36200	-0.0103791238331479
AT2G16660	-0.0103783522587444
AT5G55640	-0.0103769138778293
AT1G73750	-0.0103753861798127
AT3G32940	-0.0103748816468735
AT4G26770	-0.0103745951730156
AT2G29650	-0.0103739993987592
AT2G18196	-0.0103705833089018
AT4G11630	-0.010366945026161
AT2G37280	-0.0103648497352614
AT3G21295	-0.0103637230758608
AT3G14350	-0.0103615156475313
AT5G42980	-0.0103614730524844
AT3G24670	-0.0103565265604617
AT2G40480	-0.0103523440727453
AT5G46400	-0.0103520645980963
AT2G20870	-0.0103502516869663
AT1G09415	-0.0103489799776186
AT3G12500	-0.0103485201568905
AT2G40150	-0.010347651153006
AT2G41950	-0.0103475471798269
AT1G76952	-0.0103470090291976
AT1G22550	-0.0103466813864942
AT5G05340	-0.0103462542164233
AT1G74210	-0.0103461510420613
AT5G12120	-0.0103433320953935
AT4G14760	-0.0103425135069945
AT1G06250	-0.0103404087173387
AT1G69510	-0.0103396176250237
AT2G22680	-0.0103366434597393
AT4G19180	-0.0103365511065577
AT1G48580	-0.0103267362159435
AT3G03220	-0.0103245607181169
AT4G18170	-0.0103241193378331
AT2G22795	-0.0103233471921076
AT3G57020	-0.0103207803527791
AT1G44800	-0.0103205995731664
AT1G80340	-0.0103203754216428
AT1G52030	-0.0103187802344218
AT1G20160	-0.0103175176841682
AT1G75780	-0.0103170763088057
AT1G33680	-0.0103147839182044
AT3G52900	-0.0103136446142577
AT5G63600	-0.0103120520374946
AT4G35800	-0.010311985308233
AT2G44370	-0.0103108512163943
AT2G25640	-0.0103100356670437
AT1G19230	-0.0103077576828514
AT1G15290	-0.0103076418730862
AT5G46280	-0.010304359485323
AT5G60530	-0.0103035122430699
AT3G01370	-0.0103034532556828
AT3G47340	-0.0103025482432769
AT3G56590	-0.0103017796246594
AT5G65360	-0.0102981919364458
AT5G12100	-0.0102949559546942
AT3G59050	-0.0102936880198534
AT1G19150	-0.0102931964779797
AT1G64570	-0.0102905564443317
AT2G17820	-0.0102902768334904
AT3G61380	-0.0102897900281727
AT2G24762	-0.0102879980220777
AT4G03430	-0.0102867563560925
AT5G14880	-0.0102859402870196
AT5G20790	-0.0102807018407599
AT4G24430	-0.0102768650122025
AT1G01070	-0.0102762996190525
AT3G44713	-0.0102749635271812
AT3G01560	-0.0102733153872714
AT1G66725	-0.0102720682364073
AT1G47250	-0.0102714767900863
AT2G25240	-0.0102700392453725
AT3G48180	-0.0102632287574656
AT4G14770	-0.0102630293818664
AT3G51540	-0.010260774363114
AT1G78750	-0.0102583015486061
AT5G14450	-0.0102555838625834
AT1G75150	-0.0102538708433438
AT3G50350	-0.0102534909128368
AT5G59320	-0.0102532427799683
AT2G42220	-0.0102526752513677
AT4G14090	-0.0102504026030588
AT1G55080	-0.0102493516245203
AT1G22400	-0.0102456986000484
AT5G63300	-0.0102433082703731
AT4G31210	-0.0102430643957921
AT5G23020	-0.0102401201511544
AT5G45095	-0.0102397944038674
AT5G49690	-0.0102388835124699
AT2G36910	-0.0102350217631971
AT1G15950	-0.0102349984837271
AT3G62950	-0.0102345672383139
AT5G52540	-0.0102344698254745
AT2G37870	-0.0102317695425417
AT1G17260	-0.0102311394873631
AT3G16460	-0.0102297469467111
AT3G52430	-0.0102225896883114
AT4G06744	-0.0102214795841746
AT1G62020	-0.0102188327506317
AT5G42020	-0.0102177926006895
AT3G32980	-0.0102169695390477
AT1G02180	-0.0102137698340691
AT2G39220	-0.0102124543040599
AT1G77330	-0.010212183639111
AT3G52860	-0.0102111271704016
AT5G54130	-0.010210390253538
AT3G07770	-0.0102103862771507
AT1G71870	-0.0102067449705389
AT5G03555	-0.0102055235416604
AT5G64280	-0.0102054492561409
AT4G11080	-0.0102042306922111
AT5G58010	-0.010203749314646
AT5G05990	-0.0102006916301988
AT5G61420	-0.0102004254483703
AT1G21810	-0.0101941966979246
AT5G11560	-0.0101937530548127
AT5G55520	-0.0101924467162422
AT5G42880	-0.010192199524033
AT2G32240	-0.0101918065281183
AT1G67740	-0.0101909874858417
AT5G48980	-0.0101907779440107
AT1G28610	-0.0101872079251242
AT2G44660	-0.010186786824791
AT3G11670	-0.0101867081794436
AT2G15820	-0.0101866705277686
AT3G25013	-0.0101865866732301
AT1G63350	-0.0101855767466616
AT5G23010	-0.0101847348075551
AT5G17160	-0.010184450262416
AT1G14730	-0.0101844110871498
AT2G37460	-0.0101833478228063
AT4G36180	-0.0101822140681003
AT2G42200	-0.0101811174229204
AT2G18230	-0.0101805080833278
AT4G30810	-0.0101788849756532
AT4G13560	-0.0101757539694284
AT5G54160	-0.0101730970789159
AT1G12740	-0.0101725370274046
AT3G15070	-0.0101685452290095
AT2G37820	-0.0101671367286221
AT1G13080	-0.0101654027717535
AT3G17420	-0.0101649539740458
AT1G60095	-0.0101631269350018
AT5G50890	-0.0101627862500039
AT5G38430	-0.0101626835208648
AT2G39800	-0.0101612561523462
AT4G18780	-0.010159677727061
AT5G60970	-0.0101590232161709
AT1G24300	-0.01015839009504
AT4G29060	-0.0101580035300154
AT3G25770	-0.0101569168679716
AT3G02065	-0.0101561324166084
AT4G30980	-0.0101553441934709
AT5G64290	-0.0101543379215407
AT5G23980	-0.0101510028534345
AT4G30110	-0.0101491694579864
AT3G07520	-0.0101471036865673
AT5G54920	-0.0101445627807644
AT1G04090	-0.0101441826436597
AT3G11590	-0.0101409102667988
AT5G07870	-0.0101403087369581
AT4G20320	-0.0101339914376051
AT2G23610	-0.0101338498720013
AT2G47390	-0.0101338307361431
AT2G37230	-0.0101327113111012
AT3G19230	-0.0101325467993703
AT1G55020	-0.0101317289082129
AT2G25090	-0.0101313203438534
AT1G13110	-0.0101308957506068
AT1G53310	-0.0101281343980427
AT1G75340	-0.010128069391956
AT2G28440	-0.0101223843783563
AT4G24350	-0.010120613816707
AT4G35350	-0.0101195809817102
AT5G62140	-0.0101095944622806
AT1G17510	-0.0101094541492413
AT1G52140	-0.0101089126666663
AT1G35255	-0.0101076433171756
AT5G61030	-0.0101049976088272
AT1G19720	-0.010103066965706
AT2G19590	-0.0101029835142386
AT1G05700	-0.0101009128748004
AT2G45220	-0.0100989542756638
AT2G27313	-0.0100987805432767
AT1G76450	-0.0100974747218311
AT5G57840	-0.0100958374782381
AT1G67930	-0.0100902136637481
AT3G63460	-0.0100887398389417
AT1G68150	-0.0100857502491244
AT3G53235	-0.0100831506197857
AT1G06950	-0.0100825873037496
AT1G07010	-0.0100821085818513
AT5G66110	-0.0100780113931376
AT1G23740	-0.0100739389565992
AT2G36120	-0.0100724567246207
AT3G25130	-0.0100717635533705
AT3G14310	-0.0100699339023757
AT5G15920	-0.0100690613236988
AT1G66200	-0.0100688960482821
AT3G45890	-0.0100659838669736
AT3G22060	-0.0100657036434293
AT3G19370	-0.0100650051433016
AT4G24320	-0.0100646781789179
AT5G63350	-0.0100625294602986
AT3G11150	-0.0100622162987741
AT3G09260	-0.0100614409820528
AT5G42146	-0.0100613747744681
AT2G32270	-0.0100587626726785
AT1G09170	-0.0100574127159589
AT1G15940	-0.0100543407736253
AT3G59970	-0.010051912533393
AT3G15500	-0.0100515399285255
AT4G27530	-0.0100505708075858
AT2G39530	-0.0100499155544167
AT3G55150	-0.0100475820901933
AT1G09080	-0.010047070023646
AT1G74030	-0.0100463188466467
AT1G09780	-0.0100437904594564
AT5G64530	-0.0100430501783508
AT2G16630	-0.0100393752695158
AT1G52340	-0.0100393353278416
AT4G23670	-0.0100381495745974
AT5G12860	-0.0100371801674249
AT5G01500	-0.0100280654932987
AT2G22330	-0.0100273897438044
AT3G54090	-0.0100272819092528
AT2G05920	-0.0100260433110237
AT4G25310	-0.010024754910652
AT1G41830	-0.0100224237865181
AT5G09760	-0.0100219783336566
AT5G05250	-0.0100189795633509
AT3G29680	-0.0100184683387516
AT3G04120	-0.0100171312530367
AT1G27030	-0.0100163015449364
AT5G10840	-0.0100138082951864
AT3G06470	-0.0100131220224156
AT4G15490	-0.0100129114130189
AT1G19360	-0.0100128857690905
AT1G27430	-0.010010111399144
AT2G43800	-0.010009388509246
AT3G48290	-0.010009057457527
AT1G01170	-0.010008589895315
AT1G23230	-0.0100066188136331
AT1G03630	-0.0100041538829163
AT5G47910	-0.0100008618119215
AT1G31470	-0.0100000957108804
AT5G19920	-0.00999950538617882
AT4G11290	-0.00999669250316917
AT1G72200	-0.00999427257171744
AT1G25460	-0.0099940788639981
AT4G37130	-0.00998917323435654
AT1G73110	-0.00998758106337558
AT4G17830	-0.00998692408801973
AT1G33055	-0.00998382884960672
AT5G40730	-0.00998104134620834
AT3G22180	-0.00997832969675941
AT1G20840	-0.0099782744957602
AT1G29820	-0.00997686006577461
AT4G37730	-0.0099755532093813
AT2G21080	-0.00997448161165384
AT3G54780	-0.00997366152262055
AT4G21990	-0.00997337273954169
AT4G00670	-0.00996927400670795
AT3G27060	-0.00996851250640942
AT1G06800	-0.00996848796639203
AT2G18328	-0.00996574638844722
AT3G45010	-0.00996291780466679
AT3G03530	-0.00996246142044323
AT2G26580	-0.00996243299562549
AT4G28300	-0.00996214634882338
AT4G37530	-0.00996178558189763
AT3G06420	-0.00995987589975648
AT5G42140	-0.00995968964444504
AT2G02450	-0.00995953666796436
AT1G52060	-0.00995755898246002
AT3G54870	-0.00995649107498729
AT4G06265	-0.0099545897359918
AT3G52740	-0.00995458804686702
AT1G34510	-0.00995322342777193
AT1G79280	-0.0099528433757919
AT4G26800	-0.00995142257943997
AT5G66400	-0.00995132962345127
AT5G26300	-0.00994994691834012
AT1G34040	-0.00994886038664107
AT2G47450	-0.00994590058743602
AT4G02940	-0.00994468906890815
AT1G03540	-0.00994464111375545
AT5G23220	-0.00994152052394444
AT1G17360	-0.00993962730812211
AT5G15910	-0.00993856708728962
AT5G65990	-0.00993607905535454
AT2G29120	-0.00993516520325822
AT5G02950	-0.00993414717874643
AT1G51080	-0.00993410743053
AT1G25390	-0.00993146100786871
AT5G10170	-0.00992884081102031
AT1G52230	-0.00992803508214668
AT4G33030	-0.00992796047568964
AT1G55860	-0.00992510956804406
AT4G20820	-0.00992308645704693
AT4G10200	-0.00992135685000638
AT4G37910	-0.00991828672808101
AT1G55690	-0.00991702791108701
AT1G21440	-0.00991557704669564
AT5G62530	-0.0099154327247168
AT1G12900	-0.00991057267011627
AT5G65070	-0.00990918788141239
AT5G17420	-0.00990859931685147
AT5G10910	-0.0099083208325065
AT5G54165	-0.0099068582474888
AT2G29550	-0.00990315895375402
AT5G03995	-0.0099019459586931
AT5G57565	-0.00990181520808594
AT4G12270	-0.00990147574206441
AT4G31320	-0.00990066079029295
AT5G45940	-0.00989895908520969
AT1G21640	-0.00989816092560173
AT1G60950	-0.0098980453473638
AT4G39980	-0.00989614651900516
AT5G48670	-0.00989611077039121
AT3G55130	-0.00989499889808323
AT1G67820	-0.00989497026961759
AT4G23885	-0.00989184459120976
AT3G13670	-0.00988786887076845
AT2G41900	-0.00988469179332055
AT1G76500	-0.00988278260828719
AT5G47950	-0.00988160260870664
AT4G38900	-0.00988138693593107
AT4G04850	-0.00988024263790208
AT4G25730	-0.00988023199842382
AT5G44110	-0.00987911804950577
AT2G42350	-0.0098777065066222
AT5G06420	-0.00987750832467493
AT1G73600	-0.00987685778278922
AT3G62700	-0.00987618910252193
AT1G72250	-0.00987497910734375
AT4G15550	-0.00987440231978139
AT1G64370	-0.00987369564119034
AT4G27440	-0.00987269311977122
AT3G46270	-0.00987227881123998
AT5G41140	-0.00987187764664444
AT5G62680	-0.00987153114161059
AT5G04520	-0.00986927833946574
AT1G22380	-0.00986868638994782
AT1G18370	-0.00986797797025745
AT5G62550	-0.0098678348797393
AT2G44380	-0.00986731211634854
AT1G16270	-0.00986543939201613
AT3G61850	-0.0098643757557465
AT1G80070	-0.00986319645089788
AT3G17040	-0.00985910427264228
AT3G09650	-0.00985786861638105
AT3G13930	-0.00985722252557335
AT1G03310	-0.009855728280389
AT2G47940	-0.00985541039526796
AT2G38950	-0.00985136932132575
AT5G22580	-0.00985125065433721
AT1G74390	-0.0098500774699376
AT1G03220	-0.00984995135938813
AT1G16360	-0.00984978818553675
AT5G66690	-0.00984675172199115
AT1G69810	-0.00984661453480552
AT4G07960	-0.00984657687614514
AT4G02150	-0.00984652328163915
AT4G34160	-0.00984158773131439
AT5G05965	-0.00984125506020114
AT3G50950	-0.00984123160146939
AT1G62500	-0.00984107298820506
AT4G26260	-0.00983909413212839
AT4G03130	-0.00983690128887666
AT5G35970	-0.00983295924712234
AT3G09925	-0.00983274397652825
AT5G67100	-0.0098316319552453
AT4G21890	-0.00983146729721416
AT1G15210	-0.00982927385832893
AT2G19710	-0.00982609098828597
AT3G62580	-0.00982600673039165
AT5G17230	-0.0098258023460288
AT5G53170	-0.00982336005467845
AT5G52280	-0.00982307160886876
AT4G29750	-0.00982197094597899
AT5G19550	-0.0098169263668098
AT3G46440	-0.00981673420281317
AT1G55180	-0.00981655169920982
AT2G43870	-0.00981499926290919
AT2G02810	-0.00981487638791772
AT1G73870	-0.00981477111676378
AT4G39190	-0.00981435031596944
AT5G53440	-0.00981198081095141
AT3G29320	-0.00981156442332522
AT2G37180	-0.00981016157906954
AT5G44574	-0.00980891343752881
AT3G45300	-0.00980713438830766
AT3G27900	-0.00980487792274714
AT1G10360	-0.00980320105105153
AT3G05727	-0.00979789264641881
AT5G28050	-0.00979770676956369
AT3G47060	-0.00979758572370151
AT2G45510	-0.00979679439850583
AT1G79560	-0.00979675018159572
AT2G24150	-0.00979546390658299
AT5G58620	-0.00979475247903029
AT3G48500	-0.00979383999804892
AT4G16630	-0.00979232123813144
AT5G14060	-0.00979221488558577
AT3G05390	-0.00978842258750288
AT2G28990	-0.00978720476004166
AT2G21045	-0.00978707881245593
AT1G14080	-0.00978688262736781
AT3G52520	-0.00978677228591617
AT5G66985	-0.00978592535479027
AT4G37120	-0.00978343994738435
AT4G34580	-0.00978277950469134
AT1G68790	-0.00978173515581349
AT5G61780	-0.00978138416877178
AT4G08685	-0.0097806128588684
AT3G18230	-0.00977927992114048
AT3G53100	-0.00977668335561895
AT5G57345	-0.00977532217886158
AT3G44480	-0.00977515118676694
AT4G15530	-0.00977391957811141
AT5G43150	-0.00977344743103744
AT2G46050	-0.00977232872792808
AT1G06290	-0.00977176540932591
AT5G63040	-0.00977085787553227
AT1G25540	-0.00976989155500369
AT2G47140	-0.00976969790053163
AT4G08480	-0.00976798001297744
AT3G07210	-0.0097653181789115
AT1G53830	-0.0097647746394259
AT3G60240	-0.00976456714957373
AT2G35110	-0.00976288728596572
AT4G09730	-0.00976278745432344
AT5G61930	-0.00976181632210501
AT4G29740	-0.00976075548082077
AT3G18250	-0.00975987083968952
AT1G77130	-0.00975972035699023
AT1G32610	-0.0097596547992018
AT4G37520	-0.00975830226436121
AT3G52880	-0.00975789479466641
AT4G38970	-0.00975718850709424
AT2G18735	-0.00975211272340453
AT1G26360	-0.00974988559201138
AT2G28550	-0.00974957720576257
AT1G10370	-0.00974728268030702
AT4G30190	-0.00974430768987679
AT4G39120	-0.00974417898648956
AT5G08560	-0.00974219435676858
AT3G01360	-0.00974187704829286
AT4G03460	-0.0097397462378082
AT5G19440	-0.00973691416050205
AT4G12310	-0.00973613980177994
AT1G78570	-0.00973460282350263
AT4G36040	-0.00973393893837813
AT1G77300	-0.00973368713814701
AT2G46000	-0.00973348260985618
AT3G22890	-0.00973333609246139
AT5G51310	-0.00973290743380946
AT4G02990	-0.00973094179969848
AT2G28815	-0.00973074893344959
AT4G09840	-0.00973063065674024
AT3G21180	-0.00973020347199861
AT3G04650	-0.00972964496103997
AT1G73240	-0.00972961314579881
AT1G30900	-0.0097293935215983
AT4G23300	-0.0097287106289444
AT1G68830	-0.0097275204436477
AT1G48325	-0.00972704292348112
AT2G36770	-0.00972599921764065
AT5G57070	-0.00972554817625117
AT3G22790	-0.0097250800124214
AT5G15470	-0.00972496111602547
AT3G61650	-0.00972454778727323
AT3G13677	-0.0097244290717759
AT2G34357	-0.00972433351106112
AT5G56980	-0.00972195679684514
AT1G54410	-0.00972059293778694
AT1G01140	-0.00971963609692923
AT5G15930	-0.00971961658724267
AT4G18490	-0.00971784860361187
AT4G13235	-0.00971677962017643
AT3G47500	-0.00971378331425609
AT2G28040	-0.00971304219536504
AT3G16290	-0.00971254904393238
AT4G37550	-0.00971186334067257
AT1G64110	-0.00971172548209421
AT3G57540	-0.00971146055034367
AT1G50450	-0.00971031632963437
AT3G01720	-0.00971018905901029
AT5G55110	-0.0097086077553224
AT3G18490	-0.00970851631557965
AT3G03050	-0.00970812422690952
AT1G27540	-0.00970750036684121
AT1G67480	-0.00970457589520636
AT4G19880	-0.00970353011906407
AT5G02550	-0.00970247897129916
AT3G63070	-0.00970209296964784
AT5G56270	-0.00970110637320339
AT1G64500	-0.00970052384357166
AT5G19010	-0.00970041087324849
AT5G27240	-0.00969998923383839
AT3G60750	-0.0096989060962464
AT3G26220	-0.00969674943702292
AT2G39140	-0.00969647979463413
AT5G59330	-0.00969500912558215
AT1G22850	-0.00969344786773651
AT1G79530	-0.00969277554966978
AT4G15955	-0.0096926406257411
AT3G14990	-0.00969171850071197
AT5G57090	-0.0096916758717927
AT3G14650	-0.00969098646290855
AT1G12950	-0.00968897560021778
AT1G05780	-0.00968614432260509
AT4G14310	-0.00968528037610631
AT3G09430	-0.00968245222066823
AT4G01026	-0.00968139939115394
AT5G01630	-0.00967996539861274
AT3G01780	-0.00967959869833144
AT3G22540	-0.00967820346659537
AT5G08550	-0.00967701291482425
AT3G07130	-0.0096766273646908
AT1G30700	-0.0096764157064019
AT2G38400	-0.00967561235316006
AT5G47610	-0.0096754776115415
AT5G12150	-0.00967463832428887
AT5G47580	-0.00967440048509482
AT1G04313	0.00967392152377166
AT5G42390	-0.00967372902639832
AT3G23410	-0.00967271624013402
AT5G15450	-0.00967233966485583
AT3G27027	-0.00967175772778033
AT3G22310	-0.00967162474935318
AT3G22440	-0.00967098913759707
AT5G51720	-0.0096702800791089
AT3G59700	-0.00966969086467222
AT5G42460	-0.00966848982319497
AT4G39270	-0.00966662279046094
AT5G38840	-0.00966509462928713
AT5G22875	-0.00966503088937119
AT2G32850	-0.00966233235531119
AT5G40510	-0.00966218474990935
AT5G44590	-0.00966179738441294
AT4G10620	-0.00966073956797748
AT4G17750	-0.00965974608577406
AT1G64680	-0.0096596794630021
AT1G16590	-0.00965786682730247
AT5G17380	-0.00965669525508458
AT1G33780	-0.00965657482828213
AT3G50820	-0.00965538473741326
AT5G39660	-0.00965498305637752
AT4G30825	-0.00965259307079194
AT2G31270	-0.00965240545492797
AT5G63950	-0.00965238051124684
AT4G27730	-0.00965145810615636
AT1G31050	-0.00965105989649155
AT3G24040	-0.00964969487204552
AT3G15354	-0.00964906443669352
AT1G20970	-0.00964041357378855
AT1G04120	-0.0096396729990257
AT5G67470	-0.00963903808075501
AT5G52860	-0.00963825031962418
AT1G08757	-0.00963741502246236
AT5G43950	-0.0096367621993087
AT1G70370	-0.00963664883460091
AT4G35380	-0.00963572279363621
AT2G27470	-0.00963397547674665
AT3G18290	-0.00963250411524929
AT1G76890	-0.00963226944989089
AT2G27740	-0.00963139622550009
AT1G21140	-0.00962668494568859
AT1G12770	-0.00962594025566609
AT1G48850	-0.00962331509375366
AT4G38810	-0.00962232225569814
AT2G42140	-0.00962170083968139
AT2G33490	-0.00962060231728413
AT5G39350	-0.00961988481513912
AT4G01570	-0.00961869742167499
AT1G15480	-0.00961830721554137
AT5G64620	-0.00961775438960752
AT1G73840	-0.00961557241339303
AT1G08340	-0.00961520413018011
AT5G10490	-0.00961468381733551
AT1G30650	-0.00961459344367106
AT3G53720	-0.00961433857642607
AT5G11520	-0.00961149369859552
AT4G02510	-0.00960679309851165
AT1G09200	-0.00960677011922865
AT3G49170	-0.0096054070212909
AT3G27700	-0.00960518178854074
AT2G29580	-0.00960416551482361
AT3G59290	-0.00960170899828923
AT3G48610	-0.00960042189088791
AT3G50370	-0.00960041122221769
AT5G42680	-0.00959808411840595
AT3G15900	-0.00959787655281883
AT2G01080	-0.00959681031962436
AT2G32160	0.00959636555447646
AT5G47550	-0.00959633019123111
AT5G15120	-0.00959525283793908
AT2G16780	-0.00959492598735341
AT1G74300	-0.00959477929261186
AT4G09650	-0.00959297043515747
AT3G19470	-0.00959196478665475
AT2G32230	-0.00959178133871062
AT5G64580	-0.00959080364275426
AT2G01340	-0.00958827724792128
AT2G37240	-0.00958694314927335
AT1G58220	-0.00958622336361778
AT5G22930	-0.00958565473627403
AT1G69550	-0.00958559610973417
AT4G33110	-0.00958481659668293
AT5G08670	-0.00958418287724509
AT2G38940	-0.00958411636637865
AT1G50660	-0.00958400448036814
AT1G04040	-0.00958254779785892
AT5G65640	-0.00958217080455351
AT2G46650	-0.0095807578822967
AT3G47910	-0.00957960314399244
AT3G21200	-0.0095792953466345
AT1G09770	-0.00957922865561373
AT1G73310	-0.00957905860731924
AT1G31730	-0.00957887539781857
AT2G20810	-0.00957830713439466
AT5G16220	-0.00957788982985999
AT5G18570	-0.0095763815678484
AT4G16120	-0.00957575733319132
AT3G30390	-0.00957484098323496
AT3G21770	-0.00957391598099172
AT5G38710	-0.00957239085678386
AT4G18240	-0.00957230339600497
AT1G03530	-0.009571255068129
AT4G02400	-0.00956934693884742
AT4G00150	-0.00956794323047273
AT3G52640	-0.00956736237266849
AT5G08050	-0.00956723203959429
AT3G23890	-0.00956668642628747
AT4G03100	-0.00956486530346936
AT5G02850	-0.00956393561422048
AT2G40815	-0.00956167788609402
AT5G20550	-0.00956018589298683
AT3G23070	-0.00955926181814324
AT4G02290	-0.00955637723667418
AT3G02230	-0.00955628662547769
AT2G25830	-0.00955587810712286
AT5G65750	-0.00955319870480369
AT1G56190	-0.00955134779870152
AT3G14220	-0.00955116790171294
AT2G38530	-0.00955111725232102
AT4G28270	-0.00955073846864101
AT4G33550	-0.00954990823873335
AT1G31780	-0.00954947644626635
AT4G12030	-0.00954418237807091
AT4G17350	-0.00954353932530641
AT4G36570	-0.00954331131702362
AT4G25070	-0.00954155494268647
AT5G40480	-0.00953949875837519
AT4G35440	-0.00953578206711522
AT5G60930	-0.00953447874622067
AT5G62340	-0.00953445644614331
AT1G65380	-0.00952952624057441
AT5G08680	-0.00952939054095415
AT2G39730	-0.00952822489906067
AT1G29600	0.00952817873695472
AT2G44750	-0.00952731597227399
AT2G05710	-0.00952509291312065
AT3G50110	-0.00952506208500495
AT2G42880	-0.00952476445645433
AT1G04350	-0.00952435859127267
AT2G05270	-0.00952408854210943
AT4G23800	-0.00952404315674902
AT3G46960	-0.00952358731649857
AT5G38340	-0.00952351098915086
AT4G10180	-0.00952333786975718
AT4G18640	-0.00952259469744244
AT1G49660	-0.0095221527904645
AT3G03680	-0.00952141803932066
AT2G04039	-0.00952083924574733
AT5G15980	-0.00951897384132249
AT5G20935	-0.00951744767683194
AT3G55370	-0.00951679365016431
AT5G22410	-0.00951608938050165
AT2G33850	-0.00951520612281662
AT5G24120	-0.0095151829055979
AT3G04420	-0.00951517811771858
AT3G01730	-0.00951513368232117
AT1G16820	-0.00951381126161854
AT2G46070	-0.00951252120265069
AT5G04770	-0.00950968256176296
AT1G12820	-0.00950957532342456
AT1G44900	-0.00950928521383414
AT1G69070	-0.0095089885572305
AT2G17430	0.00950832468333231
AT3G29330	-0.00950756724884294
AT3G24730	-0.0095074986035956
AT5G42860	-0.00950743917323356
AT2G27660	-0.00950715372006753
AT5G56870	-0.00950405238778946
AT1G67750	-0.00950386621919911
AT2G26920	-0.00950142485249187
AT5G43060	-0.00950088747273513
AT2G20020	-0.00950085899889927
AT3G19450	-0.00949984392209328
AT5G45970	-0.0094987261357486
AT5G58900	-0.00949646472462366
AT2G11891	-0.00949602290615726
AT5G06460	-0.00949548444497283
AT5G66760	-0.00949517052049383
AT2G35260	-0.00949499898262244
AT1G29195	-0.00949406889475871
AT4G37340	-0.009492391425448
AT1G77030	-0.00949086575708209
AT4G37295	-0.00949022763133087
AT4G01660	-0.00949018054441449
AT5G18660	-0.0094891943018743
AT4G32610	-0.00948642159187643
AT1G23530	-0.00948604190466559
AT3G59780	-0.00948574969222063
AT4G27990	-0.00948574663507521
AT1G66130	-0.00948540458899731
AT5G10770	-0.0094851681096088
AT4G17610	-0.00948340469419433
AT1G70070	-0.00948186652676538
AT5G24470	-0.00948182247738349
AT4G25950	-0.0094811186204126
AT2G46980	-0.00948030366055616
AT5G18670	-0.00947966849201305
AT2G47160	-0.00947864774516784
AT1G17050	-0.00947775921252035
AT4G17680	-0.00947705746394889
AT2G07690	-0.00947634883638451
AT2G13610	-0.00947491121758959
AT1G52070	-0.00947472881523665
AT4G32880	-0.00947429749213537
AT5G58380	-0.00947391933699158
AT3G19120	-0.00947187575978606
AT4G07820	-0.00947175239511036
AT2G16430	-0.0094698084885612
AT5G57930	-0.00946966011817712
AT3G20350	-0.00946871567462913
AT1G07380	-0.00946864626429226
AT1G05910	-0.00946819591271978
AT3G48080	-0.00946421319838021
AT1G74770	-0.00946394157800383
AT2G34070	-0.00946385036904592
AT2G45540	-0.00946330246079469
AT3G12380	-0.00946299694616152
AT1G45332	-0.00946269370874049
AT1G64320	-0.0094622058528054
AT5G16350	-0.00946121911593234
AT3G13090	-0.00946121568109037
AT2G04530	-0.00946048961586426
AT1G54350	-0.009460156587531
AT5G39500	-0.00945874712022243
AT4G18480	-0.00945608238646469
AT5G28540	-0.00945549712142542
AT3G47800	-0.00945472942398121
AT3G01220	-0.00945392607363151
AT5G03640	-0.00945213627426712
AT2G01140	-0.00945152828123749
AT1G60989	-0.00945131435727449
AT5G13390	-0.00945098666490727
AT3G02260	-0.00944899002032237
AT3G16760	-0.00944864635124711
AT1G12300	-0.00944754535974945
AT5G13000	-0.00944691252665604
AT1G04020	-0.00944670208145706
AT2G39020	-0.00944649509907107
AT5G47480	-0.00944596227677619
AT4G14605	-0.0094455147424767
AT5G04310	-0.00944511048653836
AT5G43260	-0.00944506802851269
AT2G35270	-0.00944402420968921
AT5G62810	-0.00944351730758175
AT4G37760	-0.00944310430649227
AT4G32190	-0.0094421263712077
AT5G13640	-0.00944164356627378
AT4G30750	-0.00944059227761188
AT3G52115	-0.00943881294565634
AT1G14580	-0.00943801508401931
AT1G29550	-0.00943680905465631
AT4G09010	-0.00943517766152807
AT5G23110	-0.0094333434945187
AT1G75660	-0.00943304010270901
AT5G35980	-0.00943289166973186
AT3G01970	-0.00943248688811535
AT5G63380	-0.00943223804396638
AT5G51600	-0.00943132872725632
AT3G17660	-0.00943120873511827
AT5G52230	-0.00943107448297985
AT3G44720	-0.00943060834064732
AT1G78000	-0.0094302054529976
AT3G46430	-0.00942739054147323
AT4G32410	-0.00942700616088306
AT3G59650	-0.00942466253723763
AT3G61780	-0.00942465683243053
AT5G09620	-0.00942449556689066
AT3G03250	-0.00942310222795337
AT2G40890	-0.00942302788689689
AT1G08990	-0.0094226791558736
AT5G15650	-0.0094224103428262
AT4G28510	-0.00942120792900081
AT2G40940	-0.00942075540212106
AT3G56270	-0.00942010281523428
AT4G33420	-0.00941957503645928
AT5G15490	-0.00941673205952988
AT3G07410	-0.00941668720408268
AT4G31440	-0.00941597882953475
AT5G56370	-0.00941466380530504
AT4G15890	-0.00941449740478723
AT3G23990	-0.00941378262937387
AT1G70340	-0.00941318208193316
AT1G07220	-0.00941280033150905
AT1G20640	-0.00941237147594355
AT5G37570	-0.0094117039525176
AT4G36000	-0.00941088080559432
AT1G09420	-0.00941070682825233
AT4G22070	-0.00941034991003504
AT3G04530	-0.00940791764455835
AT5G67280	-0.00940534653572597
AT5G67090	-0.00940492194415356
AT2G42680	-0.00940480816261448
AT1G51680	-0.00940456580892755
AT4G34138	-0.009403985044943
AT1G78370	-0.00940359353168912
AT2G43040	-0.00940315251579022
AT3G07070	-0.0094010537014776
AT5G24230	-0.00940053881024715
AT3G44880	-0.00939873005287329
AT2G29750	-0.0093973405085025
AT1G67120	-0.00939618952995784
AT4G14980	-0.00939514381865025
AT4G14180	-0.00939380291406378
AT5G55300	-0.00939196059282504
AT3G23670	-0.00939170669376443
AT4G31570	-0.009391388643879
AT2G21440	-0.0093905364051376
AT5G03435	-0.00938963471555616
AT1G20960	-0.00938852081265886
AT5G57490	-0.00938851393545294
AT2G31160	-0.0093868197842175
AT5G65683	-0.00938673806543731
AT4G08360	-0.00938224287963067
AT4G34555	-0.00938161365718317
AT4G17080	-0.0093807941274339
AT1G17500	-0.00937998508075157
AT3G20100	-0.00937981089966342
AT1G43650	-0.00937959794048219
AT3G60660	-0.00937935465309086
AT5G39080	-0.00937907033674522
AT3G15000	-0.00937880005610994
AT1G10900	-0.00937684789953593
AT4G21760	-0.00937626748732949
AT4G01883	-0.00937607341369333
AT1G28210	-0.00937595825625164
AT3G58560	-0.00937511300193009
AT3G62010	-0.00937505823780176
AT1G24340	-0.00937402434398641
AT4G11860	-0.00937286826982342
AT3G15020	-0.00937145672898083
AT5G52520	-0.00937046375717636
AT1G26230	-0.00937015635616258
AT4G22475	-0.00937001474845073
AT4G20110	-0.00937000890580689
AT1G26460	-0.00936985918894251
AT5G66700	-0.00936870337544181
AT1G06640	-0.00936836448883204
AT2G05070	-0.00936704595872273
AT3G12280	-0.00936700204279754
AT1G77990	-0.00936697990495004
AT2G01950	-0.00936657683896311
AT1G12270	-0.00936566823000279
AT4G37750	-0.00936446715422475
AT3G54990	-0.00936423025375843
AT1G64790	-0.00936388838718855
AT5G64630	-0.00936274882462362
AT5G10180	-0.00936265806378815
AT2G33170	-0.00936256370939756
AT5G25350	-0.0093623534630016
AT4G10120	-0.00936113833134133
AT1G66910	-0.00936100031237661
AT1G22910	-0.0093597424694128
AT3G05360	-0.00935959860338059
AT5G37600	-0.00935839043489224
AT1G32100	-0.0093578440335021
AT2G39760	-0.00935743203562337
AT2G29740	-0.00935569451700317
AT3G50740	-0.00935496127450084
AT3G52370	-0.00935427783554115
AT5G23630	-0.00935390332753546
AT2G20590	-0.00935342232736157
AT3G13990	-0.00935243501806437
AT5G08530	-0.00934971681254396
AT4G19190	-0.0093485907327499
AT3G02090	-0.00934808921988767
AT5G07900	-0.00934648392898282
AT3G20340	-0.00934536874230422
AT1G02800	-0.00934407566810355
AT1G24560	-0.00934265114241536
AT5G01990	-0.0093419557202788
AT3G04750	-0.0093409420998442
AT4G00370	-0.00934071384113601
AT2G48080	-0.00933903859777647
AT1G09740	-0.00933794739206627
AT3G11330	-0.00933645125130189
AT3G15980	-0.00933604161979916
AT3G02050	-0.00933479502971838
AT2G43970	-0.00933459842134611
AT1G36370	-0.00933453591781515
AT1G48600	-0.00933348867479218
AT3G21240	-0.00933272430009125
AT4G13990	-0.0093316718953567
AT1G52620	-0.00933164019710261
AT5G04040	-0.00933162663785839
AT3G06145	-0.00933130054396303
AT5G20680	-0.00933034271084192
AT5G67030	-0.00932718368876953
AT3G20440	-0.00932443637974712
AT4G37970	-0.00932274333112931
AT4G04223	0.00932159043972237
AT3G55310	-0.00931972406792968
AT2G46340	-0.00931965120397533
AT3G29430	-0.00931947783868578
AT1G14490	-0.00931937700056677
AT3G20150	-0.00931875737643596
AT1G21360	-0.00931707597691318
AT4G01895	-0.00931669764480362
AT5G13330	-0.00931664218776368
AT5G13010	-0.00931637385584242
AT4G09980	-0.00931414649046724
AT4G01110	-0.00931403648191372
AT2G05120	-0.00931368606285579
AT2G18960	-0.00931089244443203
AT4G27700	-0.00931025869073188
AT5G01840	-0.00930987440054927
AT2G26440	-0.00930924378382599
AT3G54040	-0.00930892084804611
AT5G19090	-0.00930830915001055
AT3G13610	-0.009308300988434
AT5G59260	-0.00930826489862186
AT5G47490	-0.00930688340727618
AT1G56520	-0.00930615716493214
AT1G49100	-0.00930602951087774
AT4G38470	-0.00930591266392117
AT3G06410	-0.00930482071443178
AT1G29640	-0.0093045930077473
AT4G18950	-0.00930452718886538
AT3G06790	-0.00930366071152871
AT2G39200	-0.00930364720675515
AT4G36360	-0.00930332284189173
AT2G26410	-0.00930278063934173
AT5G06080	-0.00930150554732459
AT1G18910	-0.00929983493753896
AT4G25290	-0.00929916111283096
AT1G14610	-0.00929876485913872
AT4G17330	-0.00929735619833643
AT5G22630	-0.0092957949673911
AT5G13420	-0.00929371899821967
AT1G04590	-0.00929267696451138
AT3G15970	-0.00929088471537351
AT5G39550	-0.00928926485622367
AT5G63320	-0.00928813932395895
AT5G19420	-0.00928799407762825
AT5G56090	-0.00928698261435392
AT3G61200	-0.00928591888565313
AT3G14790	-0.00928561659288955
AT1G20720	-0.0092856085553605
AT1G08310	-0.00928512184244512
AT5G67330	-0.00928490050089621
AT2G22010	-0.00928432637771433
AT4G30790	-0.0092839131814151
AT2G34010	-0.00928317332070738
AT2G18760	-0.00928196194864331
AT4G35560	-0.00928135266332921
AT4G18670	-0.00928108493252179
AT1G17440	-0.0092810217602962
AT3G17810	-0.00927978884615794
AT5G45330	-0.00927953639106507
AT3G15950	-0.00927709242627509
AT3G12900	-0.00927520054939919
AT4G08870	-0.0092743148760795
AT3G05945	0.00927418160077858
AT5G23730	-0.00927041912543425
AT5G67500	-0.00927006967464919
AT3G54420	-0.00926943420943074
AT3G23880	-0.00926922449349663
AT3G17360	-0.00926818030366097
AT1G80440	-0.00926692026431266
AT5G61350	-0.00926624894413318
AT5G59130	-0.0092661045561026
AT1G33265	-0.00926574617714336
AT5G07990	-0.00926498025372891
AT5G38610	-0.00926496125604925
AT2G23450	-0.00926484166960504
AT5G44780	-0.0092648159198767
AT3G54960	-0.00926387610153411
AT1G47128	-0.00926372867367515
AT1G08160	-0.00926333240534428
AT2G38800	-0.00926231621527789
AT3G10270	-0.00926210374471099
AT5G18960	-0.00926043313818035
AT2G25270	-0.00926037744385571
AT5G59750	-0.00926006690175332
AT4G22200	-0.00925938481369534
AT4G28760	-0.00925929585347085
AT5G20960	-0.009258973817395
AT3G47930	-0.0092587460795623
AT4G34135	-0.00925872491871512
AT4G27410	-0.00925633421977962
AT1G65010	-0.00925585600013056
AT5G21105	-0.00925576071835092
AT3G51720	-0.00925498434217964
AT5G37020	-0.0092544398338871
AT2G24120	-0.00925271854279583
AT5G55710	-0.00925253932616699
AT1G63860	-0.00925162481886959
AT3G52420	-0.009250048100518
AT2G47000	-0.00924939347108611
AT3G08030	-0.0092481245270466
AT3G46290	-0.00924781322919383
AT3G26830	-0.00924686550005696
AT1G24180	-0.00924583946110215
AT2G35230	-0.00924507506396516
AT4G35050	-0.00924250897815281
AT1G62260	-0.00924202086795002
AT1G74290	-0.0092407625386877
AT4G37820	-0.00923963828586058
AT2G40900	-0.00923907245629002
AT5G03280	-0.00923906885711986
AT2G35150	-0.00923889963698405
AT1G70710	-0.00923780664023642
AT3G15730	-0.00923724798288588
AT3G16060	-0.00923641789308329
AT5G60730	-0.00923575526559215
AT5G47660	-0.00923567732480611
AT2G16250	-0.00923407994483114
AT3G52470	-0.0092339785207056
AT1G24530	-0.00923338873858243
AT5G44920	-0.00923192945402332
AT5G61520	-0.00923159031046818
AT1G74670	-0.00923067737510356
AT2G42430	-0.00922989957640798
AT1G03860	-0.0092295626518249
AT5G48960	-0.00922927206363585
AT1G27410	-0.00922909881834405
AT1G23200	-0.00922798333907182
AT2G28690	-0.00922651260644727
AT2G19870	-0.00922557643336439
AT2G46940	-0.00922509188059264
AT2G41520	-0.00922506164852477
AT5G37510	-0.00922498358471565
AT4G27560	-0.00922472928783612
AT1G52400	-0.00922440389635539
AT4G21270	-0.00922339274886369
AT1G36380	-0.00922336266639148
AT5G00875	-0.00922226848229571
AT3G60290	-0.00922053708254683
AT5G03650	-0.00921946147146049
AT4G01690	-0.00921858573785846
AT5G40405	-0.00921778081723798
AT4G37870	-0.0092174413215451
AT4G39140	-0.00921610313866245
AT3G23920	-0.00921545949161793
AT1G31810	-0.00921535506572076
AT5G55540	-0.00921486030394612
AT3G03270	-0.00921461026725378
AT1G72670	-0.00921418170876533
AT2G43680	-0.00921404552177543
AT1G26100	-0.00921391660032517
AT1G02150	-0.00921301571682331
AT5G22355	-0.00921227891166632
AT2G47800	-0.0092120060771601
AT4G39620	-0.00921191981398206
AT5G51010	-0.00921175693836788
AT4G15070	-0.00921172503293443
AT1G27970	-0.00921148682151574
AT3G46280	-0.00921051326017341
AT5G04140	-0.00920906280001991
AT1G70320	-0.00920872858596486
AT5G57030	-0.0092082701356956
AT5G61360	-0.00920629204570743
AT5G01640	-0.00920606276795943
AT2G01710	-0.00920559209884852
AT5G07950	-0.00920498616935581
AT4G27500	-0.00920471472572084
AT2G26740	-0.0092047096124535
AT1G75260	-0.00920449525819194
AT3G49260	-0.00920369851730085
AT1G02290	-0.00920310612049639
AT5G65970	-0.00920303344850574
AT5G62640	-0.00920244513025246
AT3G12930	-0.00920244242419235
AT1G22360	-0.00920185048850213
AT1G52320	-0.00919935816509861
AT5G63540	-0.009199260825957
AT5G55400	-0.00919916988949657
AT1G61690	-0.00919802388737109
AT1G12240	-0.00919759204444145
AT5G39970	-0.0091975843368276
AT3G10810	-0.00919626189414165
AT3G62740	-0.00919617648216934
AT1G78720	-0.00919563599025029
AT5G22890	-0.00919556295032008
AT4G23410	-0.00919480476539257
AT1G08130	-0.00919464133115454
AT5G65020	-0.00919367103644982
AT3G60330	-0.00919181076230142
AT1G06720	-0.00919174822019287
AT3G03440	-0.00919152104445576
AT1G32810	-0.00918935049296468
AT1G14460	-0.00918889749133425
AT1G09050	-0.00918887432778863
AT2G37930	-0.00918836673704379
AT1G53050	-0.00918743361406148
AT4G33666	-0.00918577900094155
AT5G49850	-0.00918540607061015
AT5G07340	-0.00918521214186581
AT1G20900	-0.00918453918760252
AT5G13490	-0.00918363473423472
AT5G18600	-0.00918288069843038
AT2G20610	-0.00918271576987652
AT2G21790	-0.00918191367213949
AT2G37200	-0.00918136764687903
AT3G48990	-0.00918017358068558
AT1G02520	-0.00918002226306971
AT1G27750	-0.00917858276008666
AT1G53580	-0.00917619891920398
AT1G48760	-0.00917574930151151
AT3G46540	-0.00917480901152313
AT4G13930	-0.00917385098329171
AT2G04030	-0.00917278012022468
AT3G03060	-0.0091726010506246
AT1G48260	-0.00917214059940937
AT3G56950	-0.00917091236078445
AT3G49601	-0.0091703286583557
AT5G11790	-0.00917007329589091
AT3G55830	-0.00916983880064356
AT3G19170	-0.00916896692382767
AT1G26830	-0.00916895673932322
AT5G22450	-0.00916885279348428
AT5G59470	-0.00916810525379942
AT5G01760	-0.00916717079357797
AT5G56630	-0.00916709369866403
AT5G56350	-0.00916693161119987
AT4G37920	-0.00916689862809305
AT3G28310	-0.00916660840344624
AT3G49160	-0.00916644999504205
AT4G38070	-0.00916628821960023
AT5G43670	-0.00916577779289447
AT3G10630	-0.00916542947236338
AT3G43610	-0.00916399438607664
AT2G30395	-0.00916374168000385
AT1G07670	-0.00916332587862266
AT5G64430	-0.00916295619049834
AT2G17525	-0.0091617811446078
AT1G15440	-0.0091616607434121
AT2G27150	-0.00916164789355865
AT3G05170	-0.00916034521919269
AT2G16060	-0.00916006446565349
AT4G00110	-0.00915953798634626
AT2G34620	-0.0091568967136002
AT2G42490	-0.009156497183421
AT1G74850	-0.00915563160491522
AT2G32100	-0.00915465627633874
AT1G55540	-0.00915426906550191
AT5G38850	-0.00915383601627944
AT1G22500	-0.0091535088576074
AT2G25900	-0.00915240817571393
AT3G07810	-0.0091518644793598
AT2G03500	-0.00915053512993304
AT2G15270	-0.00914949054467353
AT1G73390	-0.00914863381660517
AT1G13600	-0.00914731752536467
AT3G23260	-0.00914565504400626
AT4G24020	-0.00914558509806207
AT3G21540	-0.00914476748601814
AT4G02210	-0.00914366586897262
AT1G62850	-0.00914359934662886
AT5G14950	-0.00914348659909346
AT1G21630	-0.00914319654441088
AT3G61960	-0.00914277865296708
AT5G37830	-0.00914133095726603
AT2G41220	-0.00914019960620961
AT1G19920	-0.00914019696606326
FBti0059745	-0.00914004606444452
AT1G49450	-0.00913948111623732
AT5G14580	-0.0091387558326215
AT1G15460	-0.00913798964018472
AT3G15940	-0.00913719955813123
AT5G11410	-0.00913704696709282
AT4G24190	-0.00913632529394684
AT5G13480	-0.00913626285292264
AT2G32400	-0.00913545128813305
AT5G61920	-0.00913538975538123
AT1G30330	-0.00913531130298627
AT1G58848	0.0091345594897448
AT1G22410	-0.00913365482596284
AT4G24040	-0.00913288996475256
AT5G35670	-0.0091324166414917
AT1G30080	-0.00913174346381696
AT2G35940	-0.00913017593895123
AT1G21700	-0.0091300849549783
AT5G57160	-0.0091297206740415
AT5G16680	-0.00912853668746267
AT2G32650	-0.0091285124454639
AT5G08770	-0.00912760444064675
AT2G15530	-0.00912720175373361
AT3G51100	-0.00912715709854291
AT2G45030	-0.00912676389343007
AT1G20350	-0.00912594321563577
AT1G76560	-0.00912569813939089
AT5G03020	-0.00912520509285636
AT3G44450	-0.00912460976572629
AT1G67870	-0.00912435562650081
AT3G47420	-0.00912407227611394
AT5G15830	-0.00912394637041794
AT4G34200	-0.00912377477905935
AT1G49990	-0.00912362865306877
AT2G41680	-0.00912238005456351
AT5G24460	-0.00912226333555084
AT5G22480	-0.00912220125852857
AT4G12340	-0.00912191098629662
AT1G62570	-0.00912054659839763
AT5G13730	-0.00911766405992719
AT2G04350	-0.00911759945366584
AT5G44010	-0.00911749013496847
AT4G00900	-0.00911721506357478
AT3G11030	-0.00911710211227087
AT1G50490	-0.00911626849915936
AT4G16690	-0.00911408445141695
AT1G07230	-0.00911403268905369
AT1G08260	-0.00911392614978716
AT1G51760	-0.00911337183320759
AT5G48310	-0.00911322906390537
AT1G72730	-0.00911274875161427
AT5G25820	-0.00911257886933099
AT1G30400	-0.00911251416180049
AT1G07200	-0.00910897781259578
AT3G16010	-0.00910866988021842
AT3G52850	-0.00910845694866187
AT5G59090	-0.00910758350266386
AT1G26761	-0.00910610443959139
AT1G58200	-0.00910597088105821
AT1G50050	-0.00910569858797371
AT1G61660	-0.00910513014902651
AT3G52140	-0.00910469295920192
AT1G74720	-0.00910286975374949
AT4G24680	-0.00910283425680696
AT3G16330	-0.0091027012002451
AT2G45300	-0.00910245569735542
AT5G54390	-0.00910238517694957
AT3G61090	-0.00910223273830718
AT1G50290	-0.00910194690720677
AT3G61990	-0.00910088638677107
AT1G17480	-0.00910061034229999
AT1G23730	-0.00910051573196771
AT5G22060	-0.00909990359352676
AT4G39230	-0.00909966981562368
AT1G60590	-0.00909939792728625
AT4G10760	-0.00909928845930398
AT4G39955	-0.00909903951654871
AT5G13150	-0.00909212829336047
AT2G22125	-0.00909106948595017
AT5G58140	-0.00909060384948025
AT5G58330	-0.0090904515839965
AT2G46920	-0.00908976349606956
AT1G60640	-0.00908964922052769
AT3G51940	-0.00908721229480147
AT1G77700	-0.00908689158943233
AT4G12320	-0.00908639586285082
AT1G28110	-0.00908637554449704
AT5G04560	-0.00908590277601863
AT1G71220	-0.00908559740543979
AT3G55410	-0.00908530715610422
AT2G23200	-0.00908512077950695
AT5G20730	-0.00908460640091451
AT5G03190	-0.00908455580099701
AT5G08335	-0.0090845532111023
AT5G58260	-0.00908423832000488
AT5G03395	-0.00908362908706247
AT3G12690	-0.00908355078191238
AT1G10640	-0.00908338420703181
AT3G04340	-0.00908285972206232
AT1G08700	-0.00908207266933609
AT3G23940	-0.00908186830916196
AT1G03850	-0.00908157203153157
AT5G56600	-0.00908132197157675
AT4G01730	-0.00908120915890158
AT5G65110	-0.00908068624356834
AT4G02890	-0.00908050480119714
AT3G20390	-0.00907988370563587
AT5G09770	-0.00907947944040171
AT4G35580	-0.00907876579955218
AT5G02430	-0.00907798906500811
AT1G71180	-0.00907677511490031
AT2G35190	-0.0090762084289893
AT3G55160	-0.00907606380025931
AT2G44300	-0.00907606151227369
AT5G27000	-0.00907547069388158
AT3G18110	-0.00907453933770267
AT5G56840	-0.00907421338896377
AT1G09850	-0.00907389722654775
AT3G10050	-0.00907236164876405
AT1G56690	-0.00907148072207147
AT2G30670	-0.00907131183303462
AT2G26570	-0.00907096143793491
AT2G45470	-0.00906953558532686
AT2G44520	-0.00906871236493142
AT3G62730	-0.00906759818188475
AT5G12850	-0.0090663071549629
AT1G27620	-0.00906473612717775
AT4G14905	-0.00906403632019574
AT1G74940	-0.00906389914190322
AT1G62180	-0.00906323151523642
AT3G53130	-0.00906182966120315
AT4G37320	-0.00906181578731298
AT1G06220	-0.00906162444360861
AT3G21060	-0.0090604142444124
AT2G02160	-0.00906038707382504
AT1G19960	-0.00905940845961367
AT1G47710	-0.00905850925082679
AT4G27470	-0.00905849453882788
AT4G12080	-0.00905658953255569
AT3G19720	-0.00905638025475895
AT3G16340	-0.00905636951970176
AT2G45290	-0.00905612805167767
AT3G24180	-0.00905514298888354
AT2G32730	-0.00905172748460186
AT3G59120	-0.00905072715152051
AT1G78230	-0.00905050023801068
AT2G31060	-0.0090502453945125
AT4G36900	-0.00905013677295033
AT4G01820	-0.00904964001466641
AT5G04750	-0.00904880004068247
AT5G39960	-0.00904833591590905
AT2G02040	-0.00904800611398444
AT2G39350	-0.00904788333498263
AT1G25230	-0.00904734819708819
AT2G29080	-0.00904694723336384
AT1G73460	-0.00904592852019498
AT2G15320	-0.00904507246654536
AT1G23010	-0.00904371840310384
AT4G14780	-0.00904319268243812
AT5G64020	-0.00904285898659639
AT3G10230	-0.00904282966590355
AT5G08540	-0.00904281602447932
AT2G26150	0.00904006485574801
AT1G08520	-0.00903887263319585
ATCG00920	0.00903854698630479
AT5G13550	-0.00903851029468342
AT4G33150	-0.00903840655981292
AT4G25360	-0.00903829085867298
AT4G04940	-0.00903780598774919
AT5G24800	-0.0090369480963531
AT1G17630	-0.00903676152645135
AT1G48410	-0.00903593906254484
AT5G19940	-0.00903587711238548
AT2G21380	-0.00903549200535506
AT4G19170	-0.00903469369885516
AT4G00450	-0.00903378995954312
AT4G34260	-0.00903376996427889
AT2G03380	-0.00903365254469272
AT5G64650	-0.00903331701322368
AT5G07470	-0.00903328243025534
AT1G48650	-0.00903319264104165
AT1G08060	-0.00903296388801767
AT2G21250	-0.00903071566642997
AT4G38020	-0.00903016404585664
AT2G23620	-0.00902988932924783
AT1G44000	-0.00902928296222569
AT1G64530	-0.00902886623709555
AT2G37990	-0.00902777921766347
AT5G16030	-0.00902755496627155
AT5G40020	-0.00902712762387791
AT1G68720	-0.00902393511816308
AT2G41530	-0.00902374770084495
AT1G67720	-0.00902193489281647
AT1G67365	-0.00902080719771491
AT3G60900	-0.00901909249431297
AT3G14067	-0.00901781003135191
AT1G14370	-0.00901775247370441
AT3G09210	-0.0090165996301694
AT5G59480	-0.00901626766630006
AT4G03000	-0.00901489337144939
AT5G65320	-0.00901483551144429
AT5G48910	-0.00901433224712902
AT2G28620	-0.00901303692799811
AT2G24100	-0.00901261541012818
AT5G46780	-0.00901181800936289
AT1G71980	-0.00901123518837157
AT1G34220	-0.00901049405518636
AT4G16760	-0.00901036382107935
AT1G69580	-0.00901006969336936
AT1G03130	-0.00900892446257783
AT4G34230	-0.0090086205189427
AT5G08610	-0.00900849613506379
AT2G16860	-0.00900825729201807
AT1G79390	-0.00900749806624201
AT1G25400	-0.00900720435655765
AT4G10100	-0.00900663403896829
AT5G66120	-0.00900662487170112
AT5G66595	-0.00900650554105384
AT1G10180	-0.00900639628791757
AT3G48700	-0.00900566328301798
AT2G16920	-0.00900520868373451
AT3G16470	-0.00900516736491994
AT5G61000	-0.00900424904399535
AT2G28810	-0.00900406030056097
AT3G24170	-0.00900243540048146
AT5G62670	-0.0090019647172504
AT5G42800	-0.00900115916818681
AT5G07820	-0.00900099172140373
AT2G23090	-0.00900024755304624
AT2G04360	-0.00899974387149641
AT1G54940	-0.00899874462799943
AT4G01050	-0.00899732895849034
AT2G46690	-0.00899706768466075
AT5G22650	-0.00899549562699288
AT3G63110	-0.00899533484481969
AT5G38030	-0.008995285360577
AT5G45430	-0.00899466228005721
AT3G51120	-0.0089943642021676
AT4G17150	-0.0089943301342925
AT2G44290	-0.0089942033459912
AT5G05390	-0.00899377767591543
AT5G56320	-0.0089931656340748
AT3G62020	-0.00899293177533196
AT2G47500	-0.00899268737695232
AT2G16365	-0.0089924877029012
AT3G49190	-0.00899242065902398
AT5G65030	-0.0089924158320441
AT3G62150	-0.00899080042171845
AT3G17930	-0.00899070057447137
AT5G38690	-0.00898983722394508
AT1G15250	-0.00898842420597822
AT1G08800	-0.00898770849931542
AT2G20530	-0.00898758706503159
AT4G28390	-0.00898745625618838
AT5G22760	-0.00898725008700887
AT5G24350	-0.0089862934442489
AT2G46910	-0.0089858911825771
AT4G20020	-0.0089858472166296
AT5G40570	-0.00898522802904648
AT4G35685	-0.00898425016752472
AT1G65390	-0.00898392142314243
AT1G50640	-0.00898363071125863
AT4G39550	-0.00898335855033888
AT4G13340	-0.00898274154709425
AT1G15660	-0.00898257887220672
AT1G69410	-0.00898216950585131
AT5G67620	-0.00898105996513835
AT4G37660	-0.00898088083267582
AT1G71030	-0.00897903261800344
AT1G14040	-0.00897621831183976
AT5G58240	-0.00897598586387132
AT1G76140	-0.00897589140328186
AT1G20230	-0.00897535657116577
AT1G11130	-0.00897483268937327
AT2G37040	-0.00897282938807987
AT1G30480	-0.00896982882210419
AT2G41940	-0.00896940654436315
AT4G25410	-0.00896939173140274
AT3G06460	-0.00896920699161082
AT3G63410	-0.00896868735202982
AT5G43330	-0.00896859133860563
AT3G21750	-0.00896839154949742
AT1G07390	-0.00896755922536636
AT3G21790	-0.00896638162100615
AT2G37760	-0.00896588880335049
AT3G56030	-0.00896364447174021
AT2G15830	-0.00896254383953488
AT5G24570	-0.00896213877614718
AT4G16144	-0.00896169387612459
AT1G15780	-0.00896159924696349
AT1G50580	-0.00896048909093675
AT1G34360	-0.00895551395302938
AT5G66380	-0.00895511829652658
AT3G13290	-0.00895480813089271
AT3G05680	-0.00895446131303937
AT5G64170	-0.00895438779802731
AT2G36090	-0.00895381587590429
AT3G29030	-0.00895363023514682
AT4G26230	-0.00895298058054104
AT4G01720	-0.00895134200308535
AT2G43550	-0.00895125457068502
AT2G30490	-0.00895096489537326
AT1G47210	-0.00895059320726142
AT5G16830	-0.00895048469950124
AT2G44190	-0.00894916821176344
AT5G14890	-0.00894854597204268
AT5G62890	-0.00894807993667792
AT2G32480	-0.00894683692670649
AT1G70230	-0.00894683639732141
AT1G51580	-0.00894664974965868
AT2G40730	-0.00894573204842719
AT4G24380	-0.00894564472825827
AT1G67360	-0.00894513194930903
AT1G24290	-0.00894500558934412
AT4G17810	-0.00894460612539765
AT4G17000	-0.0089442804878452
AT3G27750	-0.00894427766192151
AT4G19830	-0.00894405303618728
AT5G07440	-0.00894398510029332
AT1G61500	-0.00894332643922684
AT1G54160	-0.00894327210239972
AT3G23900	-0.00894280616654889
AT2G20300	-0.00894238555245286
AT1G51100	-0.0089416206969442
AT2G02740	-0.00894103563666488
AT5G10690	-0.00893928996508754
AT3G51350	-0.00893899552907735
AT2G38730	-0.00893780929652099
AT2G20250	-0.00893777455274762
AT5G04330	-0.0089370638249988
AT1G75200	-0.0089353608571794
AT3G15510	-0.00893515024314324
AT1G55490	-0.00893497522329021
AT2G43480	-0.00893389185594723
AT3G10660	-0.00893368700294946
AT1G52910	-0.0089335208928045
AT2G33250	-0.00893350930475643
AT1G51805	-0.00893250544712549
AT1G65180	-0.00893240749181001
AT1G66450	-0.00893205294185188
AT5G19910	-0.00893197933010335
AT5G22800	-0.00893038889721556
AT1G08410	-0.00892887006339257
AT5G66850	-0.00892861221642617
AT1G12130	-0.0089280791487239
AT2G47970	-0.0089267059905215
AT3G01610	-0.00892647324552014
AT4G10790	-0.0089263349702004
AT4G04370	-0.00892617970659386
AT2G27200	-0.00892615782459497
AT3G13060	-0.00892572190427656
AT4G11270	-0.00892564634104893
AT2G14080	-0.00892510516975623
AT4G17245	-0.0089249009261516
AT4G13210	-0.00892454476621891
AT5G62410	-0.00892426809400885
AT2G31560	-0.00892389143419865
AT4G32640	-0.00892321777575628
AT5G18970	-0.00892278534126024
AT5G24580	-0.0089225184482344
AT2G46860	-0.00892217200919298
AT3G56150	-0.0089219824076788
AT1G08830	-0.00892070855155945
AT1G55350	-0.0089204537539029
AT1G64620	-0.00891975967604056
AT5G47010	-0.0089190846504125
AT2G26140	-0.00891773793354394
AT4G22790	-0.00891742873569556
AT4G13410	-0.00891629662201426
AT5G54170	-0.00891591689075266
AT2G33550	-0.0089157616554163
AT5G08420	-0.00891574572854843
AT5G43400	-0.00891556131930185
AT2G03140	-0.00891514255418356
AT5G09290	-0.00891485507746363
AT3G11560	-0.0089140632274368
AT2G39980	-0.00891382617206929
AT4G39235	-0.00891370648285062
AT2G28510	-0.00891364821853717
AT5G54900	-0.00891229508827188
AT1G18460	-0.00891181941684831
AT4G29920	-0.00891085468325384
AT1G15085	-0.00891061699915911
AT1G03740	-0.00890933310817925
AT5G25900	-0.00890771844063904
AT5G58375	-0.0089076989915708
AT2G02390	-0.00890762152547877
AT1G52315	-0.00890725506894212
AT3G59820	-0.00890719364679991
AT4G26150	-0.00890648410406997
AT2G31820	-0.00890611927449731
AT5G15540	-0.00890575449331569
AT5G15130	-0.00890560101860469
AT5G08690	-0.00890488950253033
AT4G26850	-0.00890471452918757
AT3G14630	-0.00890401122526149
AT1G63880	-0.008903403011769
AT3G21520	-0.00890251948513998
AT4G22970	-0.00890201375643306
AT2G42840	-0.00890152406014399
AT3G01120	-0.00890083693004531
AT1G50240	-0.00890076854980172
AT3G52890	-0.00890040011661805
AT5G11540	-0.00889986790673813
AT4G14305	-0.00889893298333958
AT2G26040	-0.00889772178791353
AT1G05180	-0.00889739268616411
AT1G45160	-0.00889734981707657
AT4G01870	-0.0088969841850288
AT3G24190	-0.00889643801315608
AT3G20960	-0.00889567522189691
AT1G30510	-0.00889563236688431
AT4G30935	-0.00889457238442771
AT1G26570	-0.00889401166386436
AT1G63310	-0.00889327147377543
AT5G10570	-0.0088926975628353
AT1G78240	-0.00889091102179247
AT5G61610	-0.00889036484934166
AT2G41660	-0.00889031767985036
AT1G01320	-0.00888983250757387
AT1G55900	-0.00888918221196382
AT2G26870	-0.0088885759483719
AT1G55090	-0.0088885673456728
AT1G13970	-0.00888833369286041
AT5G11300	-0.00888829547058452
AT5G51040	-0.00888809840668308
AT3G19800	-0.00888615966518324
AT3G19330	-0.00888561277901581
AT4G12090	-0.0088853359378358
AT5G52840	-0.00888435350131308
AT2G20950	-0.00888187987425924
AT4G14150	-0.0088806477234737
AT1G29310	-0.00887997595820185
AT5G03160	-0.00887954006368824
AT3G22330	-0.00887916575880609
AT2G30600	-0.00887861447002059
AT3G12810	-0.00887845287913676
AT3G55800	-0.00887837761206495
AT1G52420	-0.0088765624866616
AT1G16630	-0.0088763584601208
AT3G08670	-0.00887352003220839
AT1G04300	-0.00887321374699182
AT1G58230	-0.00887312898376809
AT4G20770	-0.00887297808053462
AT4G11160	-0.00887292735933788
AT1G03830	-0.00887087608974559
AT1G23790	-0.00887085555693799
AT4G19420	-0.00887042640773864
AT2G37090	-0.00887016259071769
AT4G32670	-0.00886975779621668
AT5G11510	-0.00886865493255758
AT2G36380	-0.00886825690256362
AT2G39300	-0.00886560119475109
AT1G24148	-0.00886514678444308
AT2G42620	-0.00886502957271252
AT1G53560	-0.0088645884768949
AT1G20225	-0.00886458666948655
AT5G51160	-0.00886441509959104
AT3G16857	-0.0088640543140739
AT1G29320	-0.0088632552836026
AT1G04780	-0.0088632224582375
AT2G34660	-0.00886291485222484
AT5G23330	-0.00886173611559334
AT2G31790	-0.00886169715037856
AT5G15410	-0.00886123490253626
AT1G50250	-0.0088609636075351
AT1G61010	-0.00886061687834875
AT5G06590	-0.00885987012718585
AT3G13100	-0.00885885450729229
AT5G25100	-0.00885879949492979
AT3G54110	-0.00885870456346881
AT1G49405	-0.00885806650149329
AT2G22470	-0.00885790372081938
AT5G35160	-0.00885727986378249
AT4G20740	-0.0088571535175654
AT1G08810	-0.00885599299898113
AT5G01175	-0.0088548713047186
AT5G13650	-0.00885466726540235
AT4G34560	-0.00885449947074999
AT1G70985	-0.0088536182345448
AT2G21520	-0.00885259704844216
AT5G01830	-0.0088525351860728
AT3G09850	-0.00885000021191926
AT3G07720	-0.00884937773577883
AT5G43630	-0.00884909188069618
AT1G77090	-0.00884859786723376
AT2G04880	-0.00884833023648294
AT3G54440	-0.00884811106330085
AT4G33790	-0.00884789102657275
AT4G00650	-0.00884690884720544
AT1G73890	-0.00884675644493594
AT3G01410	-0.00884646516123988
AT3G49142	-0.00884626222881024
AT4G14950	-0.00884624137998097
AT5G56910	-0.00884620138145943
AT3G03600	-0.00884577229746444
AT1G32060	-0.00884547758184331
AT2G33210	-0.00884534795090968
AT5G39710	-0.00884461283876662
AT4G01540	-0.00884436487673143
AT1G19790	-0.00884397580147759
AT3G27280	-0.00884382323174881
AT1G62740	-0.00884322719087468
AT2G26690	-0.00884282615348292
AT3G04880	-0.00884278874135411
AT3G04010	-0.00884146319250593
AT2G43780	-0.00884132965384343
AT3G12480	-0.00884125611508833
AT1G58060	-0.00884075364339505
AT1G20930	-0.00884063997412478
AT1G68620	-0.00883878398322779
AT4G28140	-0.00883873467899035
AT2G18940	-0.00883826628951179
AT4G20860	-0.00883517921325328
AT3G06660	-0.00883457768679054
AT5G58250	-0.00883457450406104
AT5G26330	-0.00883388202964093
AT5G56280	-0.00883377622706392
AT2G39750	-0.00883335836760758
AT1G72390	-0.00883214388117525
AT1G01470	-0.00883119644334228
AT3G07490	-0.0088308677020938
AT4G23940	-0.00883081828271928
AT3G17240	-0.00882894904397401
AT3G13380	-0.00882800475656509
AT2G20550	-0.00882790217141202
AT1G69060	-0.00882626143649616
AT4G14900	-0.00882621830790221
AT3G50570	-0.00882571073162714
AT1G16190	-0.00882560333918202
AT2G39270	-0.00882505693320541
AT3G25560	-0.00882418444124114
AT4G16600	-0.00882390426300968
AT3G54750	-0.00882363491344361
AT2G40930	-0.00882275515808757
AT4G27010	-0.00882228097090555
AT1G44575	-0.00882124420024657
AT2G20310	-0.0088211677835836
AT3G61140	-0.0088202902560476
AT5G45460	-0.00881962607352147
AT3G01280	-0.00881906700873865
AT4G14500	-0.00881895794080539
AT2G37420	-0.00881825586634269
AT3G51640	-0.00881687374689643
AT4G16430	-0.00881671188738251
AT1G01750	-0.00881604091511419
AT1G73290	0.00881512160576137
AT1G70700	-0.00881508963314475
AT4G33520	-0.00881485919254009
AT1G22880	-0.00881477316752531
AT1G70810	-0.00881473198137683
AT5G65660	-0.0088145264113584
AT5G66920	-0.00881375841990671
AT1G57770	-0.00881327141195105
AT4G14840	-0.00881257689806118
AT4G29680	-0.00881253760010664
AT3G56330	-0.00881106199074934
AT4G18930	-0.00881023430319628
AT4G34830	-0.00880988705032219
AT3G06850	-0.00880979113649231
AT4G29430	-0.00880931406022476
AT3G27200	-0.00880835169401963
AT1G12120	-0.00880793624178286
AT4G29350	-0.00880782347811133
AT4G26700	-0.00880752197564888
AT3G01810	-0.00880622292315599
AT5G44635	-0.0088062001789113
AT3G10040	-0.00880557028902054
AT5G52100	-0.00880535327026092
AT2G02480	-0.00880498772139407
AT1G29890	-0.00880455094448495
AT1G72680	-0.00880432671484306
AT2G43570	-0.00880427621738385
AT5G28740	-0.00880200064779119
AT5G46070	-0.00880091193142393
AT5G58960	-0.00880068839735347
AT4G09350	-0.00880064252550895
AT4G30020	-0.00880054214173003
AT4G01037	-0.00879996997139798
AT2G19160	-0.0087988145167425
AT3G59850	-0.00879855108728718
AT1G78190	-0.00879827169418438
AT1G08050	-0.00879813814071499
AT3G62900	-0.0087977880900528
AT2G24430	-0.00879756324426655
AT5G44560	-0.00879704340952009
AT1G80710	-0.00879676153307053
AT5G52530	-0.00879670132630593
AT5G61910	-0.00879610101248524
AT3G48200	-0.00879595416263373
AT1G05460	-0.00879593199793797
AT3G61440	-0.00879582177081348
AT3G14570	-0.0087951008783424
AT4G29100	-0.00879497980004078
AT5G24140	-0.0087946943884725
AT4G04350	-0.0087918765433803
AT3G03970	-0.00879143562557093
AT3G01420	-0.00878949636904076
AT2G02350	-0.00878859638894013
AT1G67630	-0.00878848096070285
AT4G24620	-0.00878847456756654
AT1G14670	-0.00878838303585779
AT5G53550	-0.00878837579394429
AT5G14230	-0.00878768336756751
AT3G57180	-0.00878746896788532
AT2G13370	-0.00878637309478222
AT3G21640	-0.00878636830135355
AT2G04620	-0.00878599344663118
AT3G18080	-0.00878596752089768
AT1G65860	-0.00878560895026424
AT2G24200	-0.00878510077304
AT5G26290	-0.0087841198985415
AT4G26750	-0.00878388367227943
AT3G19570	-0.008783769475942
AT2G25570	-0.00878221647082493
AT5G65650	-0.00878206684698969
AT1G25360	-0.00878201691747351
AT1G33800	-0.00878196142911988
AT5G06730	-0.00878124774454215
AT3G22380	-0.00878110221777773
AT1G22230	-0.00878109952238607
AT3G02420	-0.00878092254197967
AT5G07350	-0.008780863585632
AT2G44110	-0.00878004823338887
AT4G01800	-0.00877941254123774
AT4G37925	-0.00877900740489248
AT5G25830	-0.0087773193163059
AT3G07540	-0.00877621892556369
AT1G14630	-0.00877523292445798
AT2G47560	-0.00877438261745447
AT1G66890	-0.00877382678872634
AT2G28000	-0.00877382457109883
AT4G33990	-0.00877364342606658
AT5G63420	-0.0087731268054908
AT1G48030	-0.0087731195937606
AT4G11420	-0.00877255323247814
AT1G61000	-0.00877241673756236
AT1G18270	-0.00877229023406753
AT4G01790	-0.00877198529513239
AT3G26650	-0.00877100418593593
AT2G46590	-0.00877051111335785
AT1G70670	-0.00877000216144453
AT2G01520	-0.00876976549875201
AT1G19715	-0.00876941627005343
AT3G56040	-0.0087693785470542
AT5G12870	-0.00876788679140793
AT5G56250	-0.00876760343361188
AT5G61790	-0.00876753253907342
AT1G74840	-0.00876717358789066
AT3G06030	-0.00876690093024779
AT3G60300	-0.00876556044852497
AT5G40100	-0.00876519275536048
AT3G02860	-0.00876446881050315
AT1G30810	-0.00876413134233571
AT5G42750	-0.00876409333393331
AT1G34317	-0.00876356177131534
AT1G21380	-0.00876349374881211
AT3G63000	-0.00876305127656704
AT2G34460	-0.00876290821373092
AT4G29140	-0.00876227793503131
AT1G01930	-0.00876207623442592
AT4G09060	-0.008761970923009
AT5G52870	-0.00876158912439497
AT3G20680	-0.0087602857026135
AT3G13810	-0.00875996746471387
AT3G08850	-0.0087594836101356
AT1G26540	-0.00875895568316193
AT3G53560	-0.00875870073206329
AT3G60630	-0.00875861738602113
AT5G39570	-0.00875824203055403
AT5G27110	-0.00875813914563429
AT5G58390	-0.00875797733028666
AT2G40540	-0.00875742692739411
AT5G07980	-0.00875691094574811
AT5G64640	-0.00875683592268591
AT3G56640	-0.00875635129776125
AT3G12540	-0.00875633670016286
AT5G58870	-0.00875624922057678
AT1G79600	-0.00875585666309674
AT5G48385	-0.00875551274443452
AT1G79550	-0.00875486596079036
AT4G35930	-0.00875438291679057
AT1G55820	-0.00875379100224626
AT5G53590	-0.0087531899892565
AT1G69370	-0.00875289701762281
AT3G51250	-0.00875212231219664
AT2G46630	-0.00875204062138393
AT4G26470	-0.00875063728423521
AT2G02400	-0.00875027465288014
AT3G54400	-0.00874953463400599
AT1G08390	-0.00874910963831003
AT2G44200	-0.00874717786641163
AT1G71780	-0.00874692727272954
AT3G22430	-0.00874652769363698
AT4G24610	-0.00874497497876836
AT1G48960	-0.00874407177521393
AT1G75460	-0.00874401472187438
AT5G60040	-0.0087439643929424
AT2G31370	-0.00874303439394748
AT1G64170	-0.00874183343837571
AT3G46550	-0.00874140739535221
AT4G35260	-0.00874078267144114
AT2G20370	-0.00873978585740755
AT4G00340	-0.00873941974096998
AT5G20590	-0.00873836044368351
AT5G42540	-0.00873693126557471
AT1G70610	-0.00873669384231008
AT3G14420	-0.0087361774758321
AT4G28380	-0.008736143272022
AT2G14740	-0.00873486132690092
AT1G72130	-0.00873485395595941
AT4G11440	-0.00873479237429793
AT5G17860	-0.00873321810197693
AT1G21710	-0.00873143588477977
AT2G42060	-0.00873133185682666
AT2G37170	-0.00873129564448164
AT1G15520	-0.00873088055775792
AT3G16310	-0.00873023440094483
AT1G20550	-0.00873010359154532
AT4G37680	-0.00872837029761819
AT3G28640	-0.00872784978894907
AT5G58270	-0.00872764066021379
AT4G25315	-0.00872693672743547
AT1G78850	-0.00872617163393859
AT1G79920	-0.00872573613290809
AT2G40490	-0.00872568620829719
AT5G05940	-0.00872489978207629
AT3G47450	-0.00872438039588955
AT3G11900	-0.00872410934045697
AT4G26760	-0.00872391601471844
AT3G04760	-0.0087227808628035
AT5G54630	-0.00872277835346013
AT5G41940	-0.00872196887615817
AT2G38280	-0.0087210068587566
AT5G07810	-0.00872025302688743
AT3G46560	-0.00871978850709728
AT4G24390	-0.00871962119993308
AT5G15950	-0.0087188432109499
AT4G25960	-0.00871827486878357
AT5G03340	-0.00871769855511782
AT1G02020	-0.00871766945428038
AT4G17140	-0.00871760760063401
AT5G46250	-0.00871759455444689
AT1G18590	-0.00871687288706286
AT5G02010	-0.00871656262123729
AT5G05270	-0.00871598157678078
AT4G37090	-0.00871543802955059
AT4G08930	-0.00871456676818963
AT5G42850	-0.00871422692194393
AT1G73260	-0.00871347486931148
AT1G51140	-0.00871346975839082
AT5G40490	-0.00871258744615394
AT5G54930	-0.00871254263351452
AT1G28390	-0.00871246661548326
AT2G38310	-0.00871076992881942
AT4G15545	-0.00871071570445621
AT1G02410	-0.0087105685307257
AT2G44760	-0.00870974889581923
AT4G09990	-0.00870966903280786
AT5G58000	-0.0087096623916092
AT1G50890	-0.00870950393999866
AT5G02500	-0.00870940975561558
AT1G10500	-0.00870936325594081
AT5G17920	-0.00870900526769608
AT5G20300	-0.00870856946320149
AT5G38020	-0.00870638713185357
AT3G57330	-0.00870575413235538
AT3G49780	-0.00870493577645982
AT3G28720	-0.00870389508340731
AT3G07195	-0.00870327166014571
AT3G12950	-0.00870300451430204
AT3G27325	-0.00870194162459206
AT4G02850	-0.0087016477028825
AT2G32910	-0.00870160294650229
AT5G18690	-0.00870137182977251
AT5G06220	-0.0087009176972798
AT3G43670	-0.00870067459799273
AT1G71460	-0.00870065981931842
AT2G17036	-0.00870063585288369
AT3G16910	-0.00870048942264344
AT4G16660	-0.00870034424476223
AT5G58770	-0.00869971153624651
AT5G01170	-0.00869793780151876
AT3G58580	-0.00869610136582912
AT4G02050	-0.008695701673596
AT2G35890	-0.00869504767934382
AT1G19140	-0.00869486462424776
AT5G22830	-0.00869387871690083
AT1G59540	-0.00869365587874677
AT2G16400	-0.00869321342867414
AT1G73920	-0.00869268581950222
AT3G58050	-0.00869245462672044
AT2G05100	-0.0086920743313778
AT1G53240	-0.0086899513707246
AT3G62910	-0.0086896042801599
AT5G52980	-0.00868867408868979
AT1G11840	-0.00868787957709832
AT1G19850	-0.00868766328925771
AT3G05640	-0.00868763596595107
AT3G52930	-0.00868744328802148
AT1G19700	-0.00868704672753111
AT4G37790	-0.00868653832303557
AT3G14330	-0.0086864562902609
AT2G25800	-0.00868609560995792
AT1G07810	-0.00868543414355607
AT3G45850	-0.00868447982668242
AT3G06240	-0.00868253993607511
AT3G06930	-0.00868252690200484
AT2G41310	-0.00868236252923659
AT3G10650	-0.00868215577692095
AT3G23820	-0.00868205425825475
AT5G04130	-0.00868120852602142
AT5G23070	-0.00868119180529786
AT5G16150	-0.00868021505885619
AT4G37100	-0.00867813628473955
AT3G28100	-0.00867807874321264
AT1G48900	-0.00867745355021792
AT4G27435	-0.00867729162029607
AT3G55060	-0.00867589806168358
AT2G44730	-0.00867576527703279
AT1G25280	-0.00867541126141866
AT3G21250	-0.00867508257171418
AT2G43840	-0.00867421573984938
AT4G01450	-0.00867387605437687
AT5G65490	-0.0086736206002533
AT1G31817	-0.00867351163630893
AT5G14430	-0.00867331150472047
AT3G62940	-0.0086724620053975
AT4G13660	-0.00867227505023247
AT1G24310	-0.00867208125824155
AT5G42270	-0.00867201724842529
AT1G55200	-0.00867185121786356
AT1G29830	-0.00867174349221486
AT2G24170	-0.00867057016018233
AT1G27480	-0.00867034169941794
AT4G14580	-0.00866984089692757
AT4G39380	-0.00866915761915572
AT5G60020	-0.00866780547827781
AT1G79270	-0.00866710419117624
AT4G00220	-0.00866666254450792
AT2G04860	-0.00866648049697511
AT4G14970	-0.00866633399203626
AT5G37260	-0.00866609079975041
AT5G08230	-0.00866580542445179
AT3G07140	-0.00866414378559791
AT4G34050	-0.00866336014497949
AT2G19800	-0.00866297186264513
AT5G42110	-0.00866289133008727
AT2G30330	-0.00866265294168293
AT1G30630	-0.00866227893624136
AT5G06530	-0.00866214358577218
AT1G02630	-0.00866207293381663
AT5G15400	-0.0086618750239131
AT2G46750	-0.00866094314876375
AT2G31725	-0.00866091174663839
AT5G54800	-0.00866002613625514
AT3G11420	-0.0086597844074619
AT5G04460	-0.00865971491764007
AT1G69850	-0.00865956831160727
AT3G06320	-0.00865954222830446
AT5G09220	-0.00865815249162631
AT1G77250	-0.00865718798302284
AT1G74360	-0.00865682438176673
AT3G18040	-0.00865587207813775
AT5G54870	-0.00865574727038587
AT5G19120	-0.00865568008122375
AT2G18050	-0.00865520484627892
AT3G46790	-0.00865461909584295
AT5G22320	-0.00865457526488593
AT1G51980	-0.00865427627422969
AT1G07890	-0.00865408125364838
AT1G11410	-0.00865400760829501
AT4G08920	-0.00865363683185356
AT1G29020	-0.00865149351935963
AT3G59380	-0.00865053009665751
AT3G56580	-0.008650473819797
AT5G48560	-0.00865004112329041
AT5G46740	-0.00864993370759347
AT2G33750	-0.00864980805293507
AT3G07890	-0.0086493732781128
AT2G28700	-0.0086493291807995
AT5G35220	-0.00864900820921358
AT2G18330	-0.00864866407709214
AT3G53420	-0.00864801213068802
AT5G20950	-0.00864743184145249
AT4G28050	-0.00864603115017714
AT1G48470	-0.00864432821665782
AT5G13370	-0.00864411893324122
AT4G38340	-0.00864335652748508
AT1G01740	-0.00864306872141976
AT4G33680	-0.00864297450644445
AT3G57650	-0.00864273876667823
AT1G76950	-0.00864259481090915
AT1G06620	-0.00864251890939107
AT1G02890	-0.00864248225896296
AT5G18140	-0.00864240757145876
AT1G07070	-0.00864201691451105
AT2G40660	-0.00864148201779688
AT1G05520	-0.00864142114986396
AT1G29880	-0.00864117768497854
AT5G45820	-0.00864079436102835
AT5G40930	-0.00863956296817135
AT5G55070	-0.00863938717220599
AT4G25760	-0.00863923120217311
AT1G09900	-0.0086389255159324
AT1G20450	-0.00863789695701195
AT3G23510	-0.00863752801111183
AT1G77420	-0.00863700460595726
AT4G01350	-0.00863665283320527
AT3G48060	-0.00863663689455128
AT5G16730	-0.00863578966406713
AT5G10610	-0.00863520874883516
AT4G00020	-0.00863496331415657
AT3G10370	-0.00863489581667969
AT1G77720	-0.00863468511039054
AT4G13620	-0.00863449664169188
AT1G79710	-0.00863427944862382
AT3G48210	-0.00863242962372977
AT4G24050	-0.00863202171130499
AT1G69200	-0.00863172902495672
AT1G02360	-0.00863169790952221
AT3G52220	-0.0086312165125112
AT2G47860	-0.00863108883738872
AT2G32410	-0.00862998176525656
AT3G51960	-0.00862879865700075
AT3G50380	-0.00862816837839173
AT3G53190	-0.00862783666433652
AT5G19350	-0.00862704805598516
AT5G41670	-0.00862669711009708
AT3G15030	-0.0086251564420757
AT4G21820	-0.00862500425806325
AT3G59020	-0.00862487291306726
AT3G11745	-0.00862484926714557
AT4G29940	-0.00862419980669167
AT1G61210	-0.00862396810022441
AT1G80010	-0.00862316330110013
AT5G52440	-0.00862306899960655
AT5G48330	-0.00862279640114136
AT4G25660	-0.00862262467854235
AT3G04570	-0.00862255391934381
AT1G27760	-0.00862249165699614
AT1G31480	-0.00862211355612359
AT3G16390	-0.00862158452656712
AT5G56660	-0.00862149688977327
AT2G40380	-0.00862146150294696
AT5G09330	-0.008621202877853
AT2G20060	-0.00861993461447958
AT2G34710	-0.0086198177920682
AT4G05020	-0.00861959562733756
AT5G64760	-0.00861878082963674
AT3G54670	-0.00861853154915591
AT3G12700	-0.00861828401237063
AT1G60390	-0.00861756355575266
AT4G29000	-0.0086169325338362
AT4G37190	-0.00861639473244719
AT2G10940	-0.00861518822613392
AT5G46730	-0.00861495642939257
AT1G09690	-0.00861463780052817
AT1G16260	-0.00861462404803531
AT4G13940	-0.00861402336929964
AT2G01090	-0.00861371541745436
AT5G07920	-0.0086135081670561
AT3G04980	-0.00861350177711123
AT1G70730	-0.0086134789643471
AT1G65730	-0.00861285699622438
AT5G25060	-0.00861278871912955
AT1G55210	-0.00861263523623159
AT2G03270	-0.00861245523158441
AT2G18020	-0.0086121906516135
AT1G63100	-0.00861209825578711
AT3G18560	-0.00861181133514247
AT5G06480	-0.00861138637346598
AT4G01930	-0.00861017000455811
AT5G05630	-0.00860936826136971
AT3G12490	-0.00860888616198703
AT1G78510	-0.0086088561204929
AT5G18790	-0.00860881304634027
AT1G74640	-0.00860822639006597
AT5G56760	-0.00860795300421434
AT5G63890	-0.00860762538093748
AT2G47485	-0.00860709017610739
AT1G75800	-0.00860667578369261
AT1G11670	-0.0086063321595517
AT4G25110	-0.00860619553097711
AT2G20580	-0.0086055468438511
AT4G14615	-0.00860400116943193
AT3G48730	-0.00860396488063033
AT1G49245	-0.00860386040012895
AT5G43420	-0.00860358565742348
AT5G55280	-0.00860298210131635
AT2G20260	-0.00860260034564419
AT2G03260	-0.00860221256162165
AT2G28290	-0.00860207355769454
AT3G12210	-0.00860181909558797
AT3G10180	-0.0086012137198667
AT1G63450	-0.00860111522485107
AT4G39160	-0.00860097470980195
AT1G77610	-0.00859874171056235
AT1G14360	-0.00859834160243176
AT3G49490	-0.00859823714506594
AT5G56500	-0.00859800922389874
AT1G80620	-0.00859783707327707
AT5G38040	-0.00859782886469703
AT5G45410	-0.0085978081021417
AT4G18010	-0.00859709824309837
AT2G42270	-0.00859496492468908
AT5G55660	-0.0085948500475573
AT5G04590	-0.00859349906511631
AT1G05660	-0.00859298455938471
AT5G15220	-0.00859296653476717
AT5G65720	-0.00859277494792728
AT3G50590	-0.00859200864159581
AT3G54130	-0.00859103753944549
AT5G13530	-0.00859097802010001
AT5G64750	-0.00858946881320215
AT4G25250	-0.00858922304022491
AT3G55610	-0.00858608707622014
AT3G08940	-0.00858573090707069
AT2G02010	-0.00858549959190508
AT5G34930	-0.00858491929973462
AT1G13280	-0.00858467896003092
AT2G01210	-0.00858424089185174
AT3G44200	-0.00858407261721323
AT5G45070	-0.00858401940788776
AT5G39580	-0.00858368485864786
AT1G01220	-0.0085831667347989
AT3G63260	-0.00858294383950824
AT1G75330	-0.0085819338436666
AT3G26090	-0.00858088758168167
AT5G60120	-0.00858064030204666
AT4G34870	-0.00858036527079888
AT3G07320	-0.00857980980447294
AT5G48300	-0.00857933408527643
AT5G12350	-0.00857887182623464
AT1G30680	-0.00857868232332013
AT3G63010	-0.00857695088287735
AT3G57890	-0.00857659778056448
AT1G56290	-0.00857644767042706
AT5G24880	-0.0085752895592039
AT5G04550	-0.00857484083997018
AT4G39070	-0.00857455659077694
AT3G60380	-0.00857418486764988
AT5G46760	-0.00857415353311394
AT5G64980	-0.00857258300428082
AT2G41970	-0.00857196481266848
AT1G47330	-0.00857080350952382
AT5G10150	-0.00857022079917022
AT4G26680	-0.00857008740798208
AT4G37510	-0.00857007183348267
AT3G62780	-0.00856934636453292
AT5G64150	-0.00856882153106376
AT3G44370	-0.00856846169712181
AT5G06260	-0.00856677342457417
AT4G35880	-0.0085665913163681
AT5G64070	-0.00856628965998708
AT2G29130	-0.00856622388393275
AT5G19220	-0.00856593999499663
AT3G07350	-0.00856571469043544
AT2G29980	-0.00856532893320785
AT3G53260	-0.00856480292155669
AT2G34680	-0.00856464852247311
AT3G56940	-0.0085641824253175
AT1G54000	-0.00856411546652035
AT5G09840	-0.00856372376339971
AT4G10910	-0.00856299409186915
AT5G21482	-0.00856280482952202
AT4G25750	-0.00856228935862497
AT5G45400	-0.00856171344724071
AT2G34410	-0.00856167567350992
AT2G30110	-0.00856128501928861
AT2G32540	-0.00856040096924204
AT2G47710	-0.00855941347227534
AT2G31840	-0.00855939430565534
AT3G17800	-0.00855879362564683
AT2G20180	-0.00855798343399062
AT5G60690	-0.00855769490883352
AT1G53340	-0.00855759475980834
AT2G47850	-0.00855713040424199
AT3G61430	-0.00855695145424178
AT2G36490	-0.00855587591649618
AT3G52490	-0.00855313154159181
AT2G40830	-0.00855295584306929
AT2G39880	-0.00855276802461106
AT3G25500	-0.00855222087907675
AT5G07940	-0.0085517863428089
AT1G24190	-0.00855132044580545
AT2G33560	-0.00855096825356418
AT3G21055	-0.0085505905109397
AT3G07050	-0.00855015939024968
AT1G76800	-0.00855009271073426
AT3G48050	-0.00854901488972888
AT4G23540	-0.00854894755735368
AT5G13230	-0.00854861035238845
AT1G64720	-0.00854824600382658
AT3G13530	-0.00854822180099733
AT2G35790	-0.00854815751917877
AT1G66173	-0.0085470228426598
AT1G68060	-0.00854545932880399
AT5G61150	-0.00854503514418804
AT5G01610	-0.00854326840877357
AT5G41990	-0.00854290438169442
AT5G39980	-0.0085424673735319
AT1G03910	-0.00854214750964514
AT1G53730	-0.0085421050146125
AT4G40045	-0.00854194054374624
AT3G58160	-0.00854131658842333
AT1G01960	-0.00854109169316041
AT4G36840	-0.00854068080679078
AT5G07560	-0.00854053310430746
AT4G02980	-0.00854008981558481
AT5G22100	-0.00853977403425747
AT1G13250	-0.00853969915064149
AT5G56290	-0.00853954252813568
AT1G75990	-0.00853946691912645
AT3G62360	-0.00853855781597695
AT3G15570	-0.00853737520749452
AT5G54200	-0.00853662459551511
AT5G51940	-0.00853544270632696
AT1G23390	-0.00853480256016911
AT1G74580	-0.0085341515907889
AT2G21530	-0.0085339429196188
AT5G11880	-0.00853391448955271
AT1G05940	-0.00853338731085529
AT4G16140	-0.00853311205066366
AT5G26280	-0.00853284074760022
AT4G20240	-0.00853204284074159
AT4G35970	-0.00853099468918419
AT2G20825	-0.00853099306607764
AT2G23460	-0.00853059727215261
AT5G13430	-0.00853050566569595
AT1G64050	-0.00853042726759654
AT4G14330	-0.00852961286909446
AT5G59210	-0.00852955794863789
AT2G14060	-0.00852935008353862
AT5G15230	-0.00852794796898072
AT5G44130	-0.00852774748197546
AT4G01670	-0.00852763772294332
AT1G24350	-0.00852623204326677
AT3G04330	-0.00852616948210484
AT2G29710	-0.00852536090271838
AT4G00230	-0.00852511721688128
AT3G22200	-0.00852464667265049
AT2G19170	-0.00852425657106093
AT3G04560	-0.00852408251460475
AT1G60420	-0.00852351142685048
AT1G77510	-0.00852316361379749
AT5G50740	-0.00852309186605969
AT1G16210	-0.00852242027388504
AT5G54310	-0.00852231373983985
AT1G26840	-0.00852216038105919
AT1G76310	-0.00852163610797825
AT1G73660	-0.00852128487370967
AT3G18535	-0.00852116970414216
AT3G48790	-0.00852112081173614
AT4G14070	-0.00852060726289986
AT4G31100	-0.0085205596492502
AT5G14590	-0.00852054939674237
AT1G80270	-0.0085200276228191
AT1G31230	-0.00851931978789177
AT5G49030	-0.00851906569436224
AT4G00050	-0.00851873073685361
AT1G73930	-0.00851860529711981
AT5G17050	-0.00851851163831186
AT3G61198	-0.00851785723299195
AT4G31330	-0.0085175822330596
AT4G01290	-0.0085173395471303
AT1G32530	-0.00851661838865422
AT1G11480	-0.00851539572102694
AT4G29180	-0.00851450067652707
AT1G52342	-0.00851418151029694
AT1G10290	-0.00851408511821136
AT1G29470	-0.00851398111322941
AT5G40060	-0.00851352220955525
AT1G47750	-0.0085132799278046
AT4G38220	-0.00851242136684638
AT3G58670	-0.00851208084609624
AT1G29920	-0.00851167359118154
AT4G39690	-0.008510760744687
AT1G44820	-0.00851047617098196
AT3G49500	-0.00851032661459981
AT3G62530	-0.00851021388263505
AT5G67385	-0.00851012658957872
AT3G10420	-0.00850940525698945
AT4G18600	-0.00850922095699504
AT3G16850	-0.00850921973201924
AT4G01430	-0.00850904461618335
AT5G45440	-0.00850900786283919
AT2G20670	-0.00850892968758151
AT1G33390	-0.00850865292781736
AT4G37930	-0.00850852038345504
AT4G26780	-0.00850792768448293
AT3G04870	-0.00850784695123245
AT3G61630	-0.00850677227120881
AT2G31130	-0.00850603168575552
AT3G18210	-0.00850533703249037
AT3G27820	-0.00850507631375943
AT1G04555	-0.00850495352365945
AT3G03940	-0.0085047015434131
AT3G26910	-0.00850442082715143
AT4G12010	-0.00850426090721009
AT4G36140	-0.00850416792314871
AT3G53540	-0.00850406278060975
AT1G63000	-0.00850323390931717
AT5G54970	-0.00850316732676285
AT3G21300	-0.00850310561781896
AT1G60730	-0.00850268669981661
AT5G66630	0.00850247325815427
AT1G64850	-0.00850211670447562
AT4G27585	-0.00850125183066246
AT5G23350	-0.00850054400994186
AT5G16300	-0.00850028017268368
AT1G27440	-0.00850025169305412
AT1G44920	-0.00850007453470442
AT2G31880	-0.008499734641514
AT2G44350	-0.00849902815984058
AT4G23530	-0.0084988304198759
AT5G25770	-0.00849851769571311
AT5G65950	-0.00849843599817711
AT3G29250	-0.00849818245161579
AT1G11310	-0.00849805416299021
AT1G10870	-0.00849749934315529
AT5G20490	-0.00849726434691558
AT3G48460	-0.0084971695407376
AT4G16790	-0.00849640711894785
AT3G54770	-0.00849553607815508
AT5G66060	-0.00849526302664833
AT3G14240	-0.00849516129908323
AT1G12370	-0.00849503813149111
AT5G05570	-0.00849501983191904
AT3G47810	-0.0084946641393265
AT2G35820	-0.00849451335286628
AT1G13170	-0.00849346126509385
AT5G43940	-0.00849270190087111
AT3G13620	-0.00849104881240747
AT3G07660	-0.00849072319803097
AT2G01980	-0.00849034897872762
AT1G43690	-0.00849030184993111
AT1G52730	-0.00849029072307818
AT4G16330	-0.00848998679406232
AT2G32430	-0.00848951523925543
AT4G14920	-0.00848944300207271
AT4G24110	-0.00848929678329939
AT1G15830	-0.00848914738213072
AT1G52120	-0.00848884217661487
AT5G14140	-0.00848846444465943
AT4G02930	-0.008488404265284
AT1G51380	-0.0084878138773316
AT5G66860	-0.0084876874434844
AT4G34900	-0.00848756383993882
AT1G07985	-0.00848743595822404
AT5G67640	-0.0084861462204603
AT1G55320	-0.00848567193617006
AT4G38170	-0.00848519620974851
AT1G10170	-0.00848492043701394
AT3G51140	-0.00848487471936283
AT3G51330	-0.00848409916307186
AT4G35870	-0.00848225971490013
AT5G65570	-0.0084821299842428
AT1G13635	-0.00848150974217577
AT5G01060	-0.00848149048090576
AT5G15600	-0.00848140408415602
AT5G41360	-0.00848128161029189
AT3G03790	-0.00848083976942946
AT3G11710	-0.00848060339590315
AT3G42670	-0.00848043616122966
AT5G62150	-0.00848030773758787
AT5G11680	-0.00848028826501466
AT2G30800	-0.00847999966080184
AT4G10720	-0.0084799387653817
AT2G26820	-0.00847990588556502
AT5G61340	-0.00847974912817097
AT3G59840	-0.00847960172240028
AT1G12220	-0.00847946052272234
AT3G09840	-0.00847871335077334
AT4G38460	-0.00847831756790527
AT5G01970	-0.00847771512725497
AT5G45510	-0.00847753097495191
AT4G38440	-0.00847748445637113
AT3G13772	-0.00847703076643709
AT3G16770	-0.00847700479758331
AT3G45830	-0.00847667195829775
AT3G07430	-0.00847616289808657
AT2G36350	-0.00847503782576236
AT2G28160	-0.00847471612364288
AT1G41880	-0.00847423200695558
AT3G18860	-0.00847410084161895
AT3G20460	-0.00847373330119127
AT5G41080	-0.00847335601609872
AT3G29090	-0.00847263431475026
AT5G27610	-0.0084722037090376
AT2G44050	-0.00847192504439585
AT4G35890	-0.00847052830532032
AT1G23190	-0.00847034362006083
AT5G16820	-0.00847024216315636
AT4G39040	-0.00847022930670493
AT5G65140	-0.00846893092327031
AT2G24945	-0.00846809050106174
AT2G03070	-0.00846787540931027
AT4G00070	-0.00846762471181111
AT3G05270	-0.00846747658569745
AT5G55530	-0.0084666301993188
AT2G25110	-0.00846638760448912
AT2G41960	-0.00846601791537627
AT4G29400	-0.00846547935462895
AT1G24460	-0.00846547703830347
AT5G03630	-0.0084652804068251
AT1G66345	-0.00846510985527922
AT2G03440	-0.00846476295627618
AT5G11490	-0.00846472639305745
AT5G63550	-0.00846335087682186
AT4G02060	-0.00846293076473045
AT1G76990	-0.00846284245427161
AT5G27330	-0.00846227346758488
AT3G47610	-0.00846193282816362
AT2G40360	-0.0084617887329221
AT1G16430	-0.00846150949059919
AT1G05200	-0.00846150560687982
AT2G27060	-0.00846135701487275
AT1G13100	-0.0084605208722716
AT1G72175	-0.00846050109596259
AT3G50790	-0.00846023384990836
AT4G27070	-0.0084601042505132
AT1G08903	-0.00845967439029099
AT1G14570	-0.00845963147927364
AT1G71730	-0.00845948474898165
AT1G72010	-0.00845945444616999
AT3G50420	-0.00845919991576911
AT5G10400	-0.00845867603616834
AT4G15150	-0.00845858463945485
AT2G09990	-0.00845854483542363
AT1G31820	-0.00845840654691623
AT1G79870	-0.00845785566642348
AT1G27060	-0.00845766698145143
AT4G33400	-0.00845756891226288
AT5G60340	-0.00845729380291108
AT1G16310	-0.00845714670349687
AT2G47590	-0.00845699867641804
AT4G22240	-0.00845672575009606
AT2G31960	-0.00845661098786447
AT2G36330	-0.00845655159407898
AT5G46570	-0.00845625701678358
AT5G55500	-0.00845597217479664
AT1G61190	-0.00845516960566364
AT3G11930	-0.00845475759133893
AT5G59900	-0.00845459211889066
AT2G36830	-0.0084541382018672
AT1G07370	-0.00845385917941022
AT5G10510	-0.00845327422161271
AT4G39660	-0.00845292982106686
AT2G37860	-0.00845255769097423
AT2G36750	-0.0084525479946391
AT5G47090	-0.00845247526854853
AT4G34030	-0.0084521040332797
AT4G22270	-0.00845173461321524
AT5G13060	-0.00845096693860814
AT3G05420	-0.00845069864133545
AT2G43160	-0.00844984465378544
AT2G40205	-0.0084498222508528
AT5G45050	-0.00844968796929104
AT5G03415	-0.00844867953300863
AT2G24610	-0.00844851292144984
AT3G29280	-0.00844836382366265
AT3G03740	-0.00844793138932967
AT5G04290	-0.00844705555659362
AT3G56250	-0.00844657965089201
AT1G16520	-0.00844546087556405
AT4G36220	-0.00844533119650781
AT3G28030	-0.00844311943919212
AT5G11500	-0.00844297661635045
AT4G25120	-0.0084411586486379
AT5G06400	-0.00844114949633337
AT2G18900	-0.00844021941486973
AT3G10860	-0.00844019420943164
AT5G08300	-0.00843994636208889
AT5G40760	-0.00843966639984334
AT4G24960	-0.00843960858771933
AT5G60700	-0.00843758884160604
AT5G40720	-0.00843720858920035
AT1G80600	-0.00843719044250485
AT1G11450	-0.00843679747888882
AT2G23760	-0.00843603074153886
AT3G26950	-0.00843556140753566
AT2G38370	-0.00843534104078987
AT5G62580	-0.00843510483938199
AT3G44850	-0.0084351040414151
AT2G21390	-0.00843494805889282
AT5G05140	-0.0084346820957709
AT2G31390	-0.00843462655647296
AT3G51280	-0.00843440004474053
AT5G12970	-0.00843419457768177
AT5G27550	-0.00843347361842452
AT2G26170	-0.00843324541869122
AT3G05470	-0.00843323831556869
AT4G30170	-0.00843224621454921
AT2G35610	-0.00843223097570184
AT1G74250	-0.00843154355500722
AT2G22080	-0.00843138491878369
AT5G48880	-0.00843013389355205
AT1G75540	-0.00842876066095016
AT3G05040	-0.00842838152675446
AT5G44240	-0.0084281304412475
AT5G49520	-0.00842811161752986
AT4G17240	-0.00842717660562875
AT1G73280	-0.00842714943677376
AT4G19530	-0.00842707128170911
AT2G29970	-0.00842697286262797
AT2G24260	-0.00842657433613634
AT1G20700	-0.00842636704233499
AT5G14720	-0.00842609773584669
AT5G53070	-0.00842588351226472
AT1G35910	-0.00842526485515611
AT2G03750	-0.0084251828187681
AT1G13160	-0.00842446136310802
AT3G18000	-0.00842438555620144
AT4G04640	-0.00842437407441263
AT3G14920	-0.00842430010939838
AT1G79030	-0.00842341880650804
AT3G19350	-0.00842340915947567
AT4G05190	-0.00842335429638018
AT1G59780	-0.00842314836538308
AT3G02040	-0.00842308130683986
AT3G20540	-0.00842283595150725
AT4G21210	-0.00842178944386443
AT4G28360	-0.00842176509386941
AT3G45090	-0.00842136460998629
AT1G63580	-0.00842112771261494
AT4G27060	-0.00842105394975354
AT5G54960	-0.00842031189101902
AT5G64920	-0.00842020745401819
AT5G52510	-0.00841972401795719
AT1G14390	-0.00841922519135015
AT3G03570	-0.00841903180554572
AT1G03840	-0.00841888309588921
AT1G50480	-0.00841850848480764
AT5G61670	-0.00841846241551077
AT4G25030	-0.00841774811269625
AT5G58230	-0.00841734217897459
AT2G16485	-0.00841665099438151
AT3G11964	-0.00841482263672024
AT2G46020	-0.00841451881716194
AT3G51770	-0.00841411464269065
AT1G79230	-0.00841363392238305
AT4G29220	-0.00841306671634949
AT3G51580	-0.00841280995843591
AT1G04810	-0.00841273939052379
AT5G48657	-0.00841205258733461
AT1G68862	-0.00841162811301822
AT5G27540	-0.00841154115842957
AT3G14415	-0.00841072724687884
AT2G17980	-0.00841030171037314
AT4G29420	-0.00840992402199312
AT5G66330	-0.00840905236484475
AT1G60990	-0.00840861526430467
AT1G56120	-0.00840819560697767
AT1G63530	-0.00840799466012984
AT1G67180	-0.00840789109757045
AT1G54040	-0.00840740822473156
AT5G12340	-0.00840734336732148
AT5G50210	-0.00840664147765165
AT5G19620	-0.00840659944170223
AT1G76860	-0.00840649950931111
AT1G02060	-0.008405928674428
AT3G18020	-0.0084056266333502
AT3G55500	-0.00840512059967863
AT3G04790	-0.00840453736989197
AT4G35730	-0.008404341994858
AT2G18840	-0.00840430589801111
AT4G22910	-0.00840421617601707
AT3G12370	-0.00840404473488454
AT5G14640	-0.00840375138414027
AT4G31380	0.00840314908225513
AT2G40070	-0.00840239855045967
AT3G10060	-0.00840142961399881
AT2G28390	-0.00840075180775796
AT2G35060	-0.00840055460502441
AT2G25510	-0.0084004687263219
AT4G02350	-0.00840023813857057
AT4G13780	-0.00839987146578273
AT1G77550	-0.00839969798377629
AT1G50900	-0.00839961390551344
AT2G31680	-0.00839817940600829
AT4G39850	-0.0083974432309014
AT5G44650	-0.00839741883945677
AT5G64190	-0.00839731264414152
AT5G40740	-0.00839729190149665
AT4G32420	-0.00839672709517432
AT2G46260	-0.00839643847007643
AT3G12360	-0.00839607085773779
AT5G44660	-0.00839606123287865
AT3G58710	-0.00839572557114234
AT5G51500	-0.00839538787677107
AT5G06990	-0.00839524055968738
AT4G40070	-0.00839503592988904
AT3G62300	-0.00839497663121279
AT3G01980	-0.00839497245338192
AT1G53330	-0.0083948012647551
AT3G17940	-0.00839422951973667
AT4G26080	-0.0083940307949017
AT1G54960	-0.00839396812614669
AT3G10670	-0.00839359177946358
AT2G36070	-0.00839353310639746
AT3G02450	-0.0083931885287028
AT4G31840	-0.00839306227190348
AT1G55610	-0.00839272589249429
AT1G80460	-0.00839261136731582
AT3G44960	-0.0083923944515282
AT2G34180	-0.00839202348616559
AT5G63390	-0.00839179219346793
AT2G01650	-0.00839112552841938
AT5G64100	-0.00839097210865545
AT1G63740	-0.00839095478046036
AT5G19520	-0.00839092964048904
AT5G26820	-0.00838980212439075
AT1G79350	-0.00838890316717824
AT5G25070	-0.00838801048057963
AT2G27360	-0.00838736401665002
AT1G13700	-0.00838734176423434
AT2G01600	-0.00838684068547778
AT1G04410	-0.00838657005399662
AT5G23890	-0.00838572963613862
AT3G20570	-0.00838510532976827
AT5G10700	-0.00838483688601599
AT4G10920	-0.00838471396053015
AT2G24570	-0.0083843795307977
AT1G53460	-0.00838400945452139
AT4G26130	-0.00838392258091682
AT4G10650	-0.00838361090235167
AT1G29900	-0.0083835416824084
AT3G20490	-0.00838347594578842
AT2G34930	-0.00838260283019757
AT3G11090	-0.00838247766481585
AT2G39660	-0.00838148070570091
AT1G71850	-0.00838129777697174
AT4G03260	-0.00838102379321921
AT5G53120	-0.008380531417542
AT5G59710	-0.00837977802078543
AT2G28790	-0.00837972944109352
AT3G49650	-0.00837971792421493
AT5G19670	-0.00837966379979308
AT1G08880	-0.00837955732973334
AT1G28420	-0.00837846319575445
AT3G17090	-0.0083782529701068
AT2G25490	-0.00837773600094587
AT3G22170	-0.00837725643627984
AT1G77800	-0.0083767990111717
AT2G30140	-0.00837565124869331
AT1G80130	-0.00837457212256287
AT4G14850	-0.00837385425271057
AT3G09080	-0.0083726500264969
AT1G14850	-0.00837262372497621
AT3G19930	-0.00837248661780739
AT5G16230	-0.00837245292464575
AT5G63840	-0.00837141205121823
AT3G63540	-0.00837140929909291
AT4G18290	-0.00837136100024938
AT1G60550	-0.00836971885648167
AT3G06070	-0.0083694360539494
AT3G19850	-0.00836892487823779
AT4G33730	-0.0083682947240684
AT5G58450	-0.00836818210930191
AT2G29440	-0.00836727093964506
AT1G28680	-0.00836702934910286
AT3G17840	-0.00836702516452742
AT3G19210	-0.00836687497453637
AT2G18350	-0.00836647791712094
AT5G44000	-0.00836615710155304
AT1G47840	-0.00836612995475574
AT1G08290	-0.0083652144545916
AT1G17490	-0.00836518174108751
AT2G31020	-0.0083643772830461
AT5G42450	-0.00836394879312747
AT2G21960	-0.00836393099399135
AT2G45160	-0.00836390434737244
AT1G64385	-0.00836383888346718
AT5G09400	-0.00836306032087878
AT5G58440	-0.00836272768464958
AT1G30610	-0.00836261021229447
AT4G38062	-0.00836245701773388
AT2G15695	-0.00836176124598048
AT3G55400	-0.00836174725324589
AT3G48710	-0.0083615653024612
AT1G12530	-0.00836146131117577
AT2G01690	-0.00836133286208669
AT5G08280	-0.00836109739267811
AT3G06510	-0.00836075426788801
AT1G79810	-0.00836026460015134
AT1G62390	-0.00836022509301644
AT2G41790	-0.00836015793841572
AT1G06230	-0.00835945381262499
AT2G01440	-0.00835920787011121
AT5G23300	-0.00835903957153409
AT2G42260	-0.00835770176594011
AT3G17205	-0.0083565233916911
AT1G18630	-0.00835633029528551
AT1G34550	-0.00835560253069867
AT1G71410	-0.00835509820839067
AT3G18035	-0.00835355316754066
AT1G54710	-0.00835344061139482
AT2G35960	-0.00835329264774215
AT3G04240	-0.00835237552362921
AT1G71800	-0.00835210692911348
AT3G17780	-0.00835181021574076
AT2G04160	-0.00835138456473298
AT5G67510	-0.00835137655656842
AT3G06400	-0.00835051104284488
AT3G23700	-0.0083502432987175
AT5G11310	-0.0083497456062158
AT3G20660	-0.00834932485099858
AT3G53200	-0.00834762384262703
AT3G58980	-0.00834748715620147
AT2G38600	-0.0083472805812802
AT4G33360	-0.00834724719959043
AT1G06390	-0.00834711688344526
AT5G42220	-0.0083457754361349
AT1G80680	-0.00834553787403728
AT3G49680	-0.00834495829562835
AT2G13540	-0.00834457367890229
AT5G06870	-0.00834437727452055
AT1G20050	-0.00834434863330997
AT5G03940	-0.00834414021433995
AT5G01410	-0.00834409970531952
AT5G49910	-0.00834402503630964
AT3G27570	-0.00834291982712494
AT3G62980	-0.00834274762124864
AT1G03800	-0.0083408198016689
AT2G31490	-0.00834066751315132
AT1G02330	-0.00833998426411789
AT1G42540	-0.00833976502515586
AT4G02770	-0.00833952160062851
AT1G06650	-0.00833899366667933
AT1G73630	-0.0083382613734981
AT5G03900	-0.00833825882475998
AT3G06480	-0.00833820775899356
AT5G64270	-0.00833784285923112
AT1G02440	-0.00833740204958453
AT5G04480	-0.00833733936495542
AT5G06850	-0.00833684295349405
AT3G04630	-0.00833627821104786
AT3G61100	-0.00833610167576526
AT1G22040	-0.00833588150947066
AT5G17800	-0.00833516399952361
AT5G18700	-0.00833497406555976
AT4G01580	-0.00833470007675182
AT5G11770	-0.00833381382965253
AT2G30820	-0.00833360599067161
AT1G15690	-0.00833321232535405
AT2G47250	-0.00833120562812093
AT2G29210	-0.00833054318482892
AT5G44500	-0.00833022783417351
AT5G23080	-0.00833010215217025
AT3G08660	-0.00833004566946032
AT5G51640	-0.00833002052055668
AT3G25690	-0.00832971094989455
AT4G20190	-0.00832968280614069
AT5G51490	-0.00832961833299561
AT4G29120	-0.00832871036707689
AT5G51795	-0.00832842417617947
AT3G05850	-0.008327991550714
AT1G19520	-0.00832787644289051
AT5G63930	-0.00832775325568238
AT2G34980	-0.00832726112134774
AT1G68990	-0.00832682085165163
AT3G61930	-0.00832656347574361
AT5G04780	-0.00832634811309875
AT3G06750	-0.00832577695876343
AT1G72810	-0.00832554989992493
AT5G64670	-0.00832542709461342
AT2G25790	-0.00832481202500635
AT5G16910	-0.0083246655296585
AT1G23550	-0.0083245446542065
AT3G47210	-0.00832442629136618
AT2G03690	-0.00832423271653278
AT2G34250	-0.00832406958903028
AT2G16500	-0.00832368388232793
AT4G37445	-0.0083232222627351
AT2G40330	-0.00832271120181193
AT1G27740	-0.00832194534327307
AT1G20670	-0.00832154134844138
AT3G07150	-0.00832129132120152
AT1G48790	-0.00832040192549765
AT5G63200	-0.00832005533395589
AT4G39170	-0.00832000498831116
AT3G06860	-0.00831975487480691
AT4G06115	-0.00831938895559842
AT1G76630	-0.00831914989550851
AT4G13430	-0.00831780347911431
AT1G16800	-0.00831772519714648
AT2G32590	-0.0083171114470776
AT5G12080	-0.00831671117881173
AT2G47990	-0.00831645908510134
AT1G26970	-0.00831595264230629
AT3G55270	-0.00831550379984695
AT5G67220	-0.00831547488659258
AT3G57400	-0.00831506463312461
AT5G61865	-0.00831451721943332
AT5G05530	-0.00831446656440073
AT5G10470	-0.00831444849957824
AT3G18770	-0.00831421951417164
AT5G24740	-0.00831340925963329
AT3G47430	-0.00831263617041167
AT5G16320	-0.00831197577971574
AT3G20780	-0.00831196346514681
AT5G03420	-0.00831175221408241
AT5G61490	-0.00831165969575191
AT1G03160	-0.00831163097332811
AT3G15880	-0.00831141750210768
AT1G67560	-0.0083113956377176
AT2G17150	-0.00831093740802986
AT3G12390	-0.00831092994228304
AT2G39260	-0.00831053675655509
AT1G63660	-0.00831022968459835
AT1G45130	-0.00830969813577565
AT2G22360	-0.0083090566104122
AT3G06530	-0.00830824969579615
AT4G18580	-0.00830822744999821
AT4G24230	-0.00830788508750911
AT5G65700	-0.00830686587311732
AT1G22220	-0.00830617282595608
AT4G27320	-0.00830595461287383
AT1G03020	-0.00830582670850573
AT5G52420	-0.00830525266530791
AT1G50920	-0.00830361638528042
AT5G43780	-0.00830351177549679
AT5G03800	-0.00830284890605029
AT1G68570	-0.00830275784963465
AT5G61370	-0.00830264127560992
AT1G48840	-0.0083022066757311
AT4G35300	-0.00830200029534486
AT2G29060	-0.00830177204743637
AT1G80300	-0.00830106403468768
AT1G18150	-0.00830106084636596
AT2G30860	-0.0083010254879205
AT5G24850	-0.00830047874011858
AT5G49890	-0.0082996558848581
AT1G74458	-0.00829929066242318
AT1G80410	-0.00829924407443873
AT5G03285	-0.00829858586274971
AT1G70000	-0.00829806146498666
AT3G62410	-0.00829794102108553
AT2G38660	-0.00829768569759295
AT1G72170	-0.0082974916229651
AT5G57990	-0.00829711245705613
AT3G04070	-0.00829700464918659
AT3G02170	-0.00829680040543531
AT3G47590	-0.00829605237081838
AT1G27752	-0.00829598195659971
AT3G47730	-0.00829586113939251
AT2G22240	-0.0082950959661899
AT1G56010	-0.00829490992916845
AT3G47400	-0.00829472978016924
AT1G63680	-0.00829420349998804
AT5G38560	-0.0082939721138216
AT2G17030	-0.00829395046582708
AT1G28060	-0.00829390133802311
AT4G29080	-0.00829370407070282
AT4G20160	-0.00829321961800374
AT1G50390	-0.00829245182855636
AT1G64190	-0.00829234827323404
AT2G37960	-0.00829226205774677
AT4G24800	-0.00829152120718243
AT2G39518	-0.00829150656597738
AT5G58550	-0.00829114401765244
AT1G63640	-0.00828847557450508
AT1G73880	-0.00828824642497307
AT2G38430	-0.00828817408389759
AT5G56790	-0.00828730032906662
AT2G45520	-0.00828706540906974
AT3G01770	-0.00828650808150909
AT4G37670	-0.00828623190087544
AT1G78920	-0.00828620132148532
AT5G56150	-0.00828596578082951
AT4G36090	-0.00828571707127369
AT5G42720	-0.00828528301014087
AT5G64370	-0.00828517569373261
AT3G62240	-0.00828490809923162
AT5G28750	-0.00828464206738304
AT1G30990	-0.00828453580543854
AT1G16530	-0.00828444401042506
AT1G14990	-0.00828442586556096
AT5G03860	-0.00828428355014402
AT3G46970	-0.0082838517573384
AT3G57300	-0.00828383851238753
AT5G42070	-0.00828364286335265
AT4G35490	-0.0082833713491222
AT1G68350	-0.00828325309662032
AT4G17616	-0.00828309755022901
AT1G17590	-0.00828290766750421
AT2G32630	-0.00828252863365797
AT5G62370	-0.00828246510272775
AT1G04510	-0.00828208864569122
AT2G37650	-0.00828197844915269
AT5G51890	-0.00828173599260944
AT5G61140	-0.00828161345639775
AT5G67480	-0.00828091836222504
AT3G57610	-0.00828085031906615
AT5G42890	-0.00828067941274719
AT1G79940	-0.00828040404466335
AT4G10320	-0.00828002781896115
AT4G08180	-0.00827994610418975
AT2G20050	-0.00827947360042574
AT5G11040	-0.00827935114670317
AT5G41680	-0.00827882567704994
AT3G58550	-0.0082782565647195
AT4G05180	-0.00827810207206339
AT5G12130	-0.00827791500768426
AT5G13970	-0.00827762725584928
AT5G39760	-0.00827759031974771
AT2G27402	-0.0082764681837922
AT5G16450	-0.00827629587621603
AT3G04520	-0.00827592376587036
AT1G60710	-0.00827534849489722
AT1G64650	-0.00827523533501669
AT4G23650	-0.00827462947601635
AT3G13470	-0.00827462600779262
AT1G15130	-0.0082736923475841
AT1G31120	-0.00827359995343192
AT3G25410	-0.0082730241889479
AT4G01395	-0.00827114348123116
AT2G30970	-0.00827113754185937
AT3G12080	-0.00827095037557037
AT5G44290	-0.00827034025344063
AT3G43300	-0.00827027778846176
AT1G61280	-0.00826981994705809
AT4G38770	-0.00826953270052391
AT1G32470	-0.00826931534506873
AT5G51380	-0.00826919389363084
AT1G04440	-0.00826815824035078
AT1G80850	-0.0082676633265852
AT3G20050	-0.00826663317120673
AT3G06880	-0.00826553766512142
AT5G63610	-0.00826526218660438
AT1G18280	-0.00826513755378297
AT2G20330	-0.00826470221279996
AT4G33240	-0.00826232455657855
AT5G17170	-0.00826109656482415
AT3G43440	-0.00826104891347138
AT3G10200	-0.00826069980075772
AT4G16130	-0.0082604679588541
AT1G72800	-0.00826039396885048
AT3G48510	-0.00825985295582041
AT1G18090	-0.00825967647907574
AT1G20950	-0.00825958157419574
AT1G17110	-0.00825931051904487
AT1G13960	-0.0082591668471
AT3G62450	-0.00825900594241022
AT1G72040	-0.00825841466767884
AT1G02970	-0.00825838737263104
AT5G11230	-0.00825814118828017
AT5G01010	-0.0082580223585901
AT1G17160	-0.00825739410604827
AT3G52570	-0.00825733886741155
AT3G26780	-0.00825716183164445
AT5G27030	-0.00825704856971773
AT5G64400	-0.00825697658763734
AT1G14000	-0.00825695204755388
AT4G29190	-0.0082569230449353
AT3G14180	-0.00825623588455389
AT4G37740	-0.00825577399853329
AT1G32900	-0.00825571505167706
AT3G61670	-0.00825568240618157
AT2G42980	-0.00825389723250667
AT5G47455	-0.00825256664739705
AT5G09420	-0.00825221208635421
AT2G21370	-0.0082519736753065
AT2G28190	-0.00825129526032119
AT2G20880	-0.00825063723746442
AT5G14370	-0.00825053642086035
AT4G38130	-0.00824994602879137
AT5G02380	-0.00824917106449215
AT3G23100	-0.00824916304870357
AT1G53645	-0.0082488468282479
AT4G29410	-0.00824856537577612
AT5G53880	-0.0082484658513883
AT2G27140	-0.00824841432763873
AT3G57340	-0.00824831581080434
AT1G03060	-0.00824800326509505
AT2G20390	-0.00824771645574359
AT4G28480	-0.00824755949475409
AT1G01650	-0.00824750036282977
AT1G20980	-0.00824711195626238
AT3G26600	-0.00824615130356648
AT4G21280	-0.00824614203746908
AT5G49740	-0.00824589100810124
AT4G32650	-0.00824558442989038
AT2G01820	-0.00824530874682728
AT5G10010	-0.00824500332417128
AT4G04830	-0.00824485665907513
AT3G18680	-0.00824483685138136
AT4G22310	-0.00824483071051078
AT3G07330	-0.00824479621460043
AT5G14150	-0.00824369625840546
AT4G14350	-0.00824307034664588
AT1G78650	-0.00824280682217272
AT4G27340	-0.00824226970167953
AT3G55170	-0.0082421054186526
AT5G08020	-0.00824187435359536
AT4G34430	-0.00824159178572388
AT4G01100	-0.00824157462809702
AT1G14230	-0.00824120392157269
AT5G25940	-0.00824108581941782
AT3G24350	-0.00824090329662417
AT2G02560	-0.00824087242102874
AT3G62600	-0.00824052718431797
AT2G23360	-0.00824018579074574
AT1G30090	-0.00823938334869036
AT3G54720	-0.00823907723042576
AT5G26742	-0.00823844930498176
AT5G42520	-0.0082383824251863
AT4G14750	-0.00823822613645938
AT1G48620	-0.00823789891460074
AT5G11530	-0.00823771488803985
AT3G04030	-0.00823676817371962
AT4G00620	-0.00823649851517502
AT1G02990	-0.00823623664263182
AT5G15810	-0.00823464184566489
AT4G37490	-0.00823457256941788
AT1G59820	-0.00823449288674116
AT1G69750	-0.0082344703271718
AT1G19680	-0.00823423606981263
AT3G45530	-0.00823381969249657
AT1G58110	-0.00823379925457092
AT3G57420	-0.00823366853484855
AT1G74160	-0.0082334585253017
AT2G46390	-0.008233337746404
AT2G34730	-0.00823330823517146
AT5G60300	-0.0082332724647438
AT1G68560	-0.00823268876356354
AT4G30640	-0.00823243509013837
AT4G28470	-0.00823240951916589
AT4G11450	-0.00823192300401324
AT5G04080	-0.00823168417811153
AT3G20860	-0.00823128966558311
AT5G16180	-0.00823052103880059
AT3G26990	-0.00823044849607837
AT1G76900	-0.00823033635034407
AT3G20820	-0.00823030043810053
AT3G03000	-0.00822989757164054
AT3G27640	-0.00822979532533943
AT2G48060	-0.00822941392499903
AT2G37020	-0.00822938105929379
AT5G20660	-0.00822825539565203
AT3G27220	-0.00822800731289642
AT1G69420	-0.00822705891985853
AT3G16440	-0.00822681807394344
AT3G56090	-0.00822644545207716
AT1G09460	-0.00822636362306658
AT5G53920	-0.00822603149362966
AT4G25080	-0.00822591595691779
AT4G02760	-0.0082257124320632
AT3G15240	-0.00822474195015951
AT1G44960	-0.00822461507478563
AT5G50920	-0.00822406586917435
AT5G39990	-0.00822280017180617
AT1G75410	-0.00822197671978615
AT5G14540	-0.00822189276719831
AT1G76590	-0.00822153182516241
AT1G73860	-0.00822123299699231
AT3G53120	-0.00822115994047736
AT3G19740	-0.00822091084544209
AT2G34050	-0.00822081716861743
AT4G18250	-0.00822078755146767
AT1G21450	-0.00822059124564006
AT5G63260	-0.00822006823979368
AT4G15020	-0.00821989299785001
AT3G26490	-0.00821947014822916
AT5G55050	-0.00821931199540629
AT5G25475	-0.00821916530986003
AT2G30040	-0.00821702237784946
AT2G25620	-0.00821684066724388
AT4G32870	-0.00821675976018841
AT5G12300	-0.00821670018260268
AT2G34910	-0.00821530064832487
AT5G17430	-0.008215140951238
AT3G51895	-0.00821506265829908
AT3G24810	-0.00821475003384182
AT4G32700	-0.00821387357066288
AT3G12640	-0.00821386809000711
AT1G29150	-0.00821380356429967
AT1G53840	-0.00821353155428302
AT2G15880	-0.00821343818696874
AT2G46040	-0.0082130572393076
AT2G43140	-0.00821223410778852
AT1G09980	-0.00821221733813835
AT3G15850	-0.00821208212411915
AT5G11480	-0.00821148882312704
AT3G29230	-0.00821103029043583
AT2G40880	-0.00821058471836148
AT3G53680	-0.00821048881185337
AT1G32330	-0.00821018632990433
AT1G16480	-0.00820980585677629
AT1G59870	-0.00820964686746055
AT5G58190	-0.00820952487976118
AT5G07100	-0.0082092825027757
AT5G44800	-0.00820803627742924
AT3G49930	-0.00820799481198085
AT1G26110	-0.00820797958724376
AT5G15640	-0.00820796094722646
AT4G24580	-0.00820755893054417
AT3G48920	-0.00820712615547379
AT1G76680	-0.00820624703933648
AT3G24110	-0.00820592548707997
AT1G55870	-0.00820561823708111
AT2G22720	-0.00820466029638092
AT5G24300	-0.00820391290931445
AT3G63280	-0.0082038671576069
AT3G26440	-0.0082028024659569
AT5G17980	-0.00820229886431017
AT3G05370	-0.00820211925032606
AT4G25490	0.0082021006242204
AT2G24830	-0.00820174010449859
AT2G48030	-0.00820113825221155
AT5G66770	-0.00820001793119065
AT1G77180	-0.00819981509927205
AT1G50030	-0.00819972253867443
AT3G06650	-0.00819908880706212
AT3G20670	-0.00819854075008994
AT5G08520	-0.00819841812380471
AT1G76100	-0.0081981689114544
AT2G26660	-0.00819780087242134
AT2G41990	-0.00819640230303012
AT3G01160	-0.00819637654299812
AT3G22160	-0.00819633989951729
AT5G65170	-0.0081961349910394
AT3G13360	-0.00819564378038482
AT5G43750	-0.00819516227203883
AT3G44190	-0.00819510237014714
AT3G53860	-0.00819477402601897
AT5G44530	-0.00819448366227596
AT5G01930	-0.0081942974070057
AT4G31490	-0.0081938759831822
AT1G68980	-0.00819315868370558
AT2G39740	-0.00819221260423248
AT5G17650	-0.00819184571425672
AT3G02350	-0.0081918089144726
AT5G16210	-0.00819175185350628
AT3G20280	-0.00819153382316419
AT5G12170	-0.00819127226019679
AT5G37890	-0.00819071095316511
AT1G78050	-0.00819014798946049
AT3G54980	-0.00818921060202744
AT5G44180	-0.00818875123111844
AT1G05570	-0.00818829086169707
AT5G40660	-0.00818804864152949
AT3G56430	-0.00818780677569848
AT3G46780	-0.0081877103040909
AT5G65790	-0.00818753263128652
AT3G02360	-0.00818722466178002
AT5G40410	-0.00818714895693229
AT1G78260	-0.00818684266801844
AT5G60920	-0.00818654021511515
AT1G64740	-0.00818594215259631
AT1G51070	-0.00818592154346776
AT1G19530	-0.00818584213701878
AT5G11710	-0.00818522756153876
AT2G34300	-0.00818519684438345
AT2G48160	-0.00818510763701362
AT2G47510	-0.00818460901889692
AT2G34570	-0.00818459515946723
AT1G47670	-0.00818445410705592
AT4G26430	-0.0081844273394563
AT5G65780	-0.00818439704243748
AT1G61770	-0.00818367249893662
AT5G52570	-0.00818337004747142
AT5G14050	-0.00818295805168482
AT1G09210	-0.00818270511721561
AT3G46510	-0.00818268639219556
AT5G35790	-0.00818133355640094
AT2G47820	-0.00818125148852344
AT1G64580	-0.0081810617738858
AT1G80870	-0.00818093543520574
AT3G01820	-0.00818047803007166
AT1G15100	-0.00818002155032762
AT5G49650	-0.0081800066380408
AT5G08305	-0.0081798721344059
AT4G21960	-0.00817900093058539
AT5G49340	0.0081781719250564
AT4G13810	-0.00817773332926097
AT1G79000	-0.00817767582144268
AT5G53620	-0.00817751989370511
AT5G12140	-0.00817749153250801
AT2G44060	-0.00817746986563431
AT2G23350	-0.00817664964980755
AT1G51360	-0.00817521857883972
AT3G07440	-0.00817473642811066
AT2G35170	-0.00817435587761404
AT2G23380	-0.00817396133830637
AT5G55100	-0.00817387606453173
AT4G02570	-0.00817380948583791
AT5G06340	-0.00817377441748679
AT2G03720	-0.00817357798425801
AT4G30850	-0.00817314994060463
AT3G19790	-0.00817269009616982
AT5G14040	-0.00817253225033885
AT2G03680	-0.00817219214009751
AT5G55920	-0.00817215985779808
AT1G09630	-0.00817172294020827
AT3G26560	-0.00817091515999615
AT5G61580	-0.00817083225744572
AT4G08590	-0.00817063868888634
AT1G09830	-0.00817049252121166
AT4G35080	-0.00817046288897161
AT3G03950	-0.00816987747278653
AT2G33630	-0.0081691774484169
AT1G48880	-0.00816905836601291
AT5G06130	-0.00816807389385452
AT5G07090	-0.00816767346814085
AT4G02260	-0.0081676499564404
AT1G11080	-0.00816759016688986
AT2G27110	-0.00816740937927918
AT5G06330	-0.0081672741817864
AT5G06390	-0.00816676039602283
AT1G29350	-0.00816671745156477
AT4G31480	-0.00816633537231694
AT1G29370	-0.00816548447721578
AT1G27340	-0.00816521171534916
AT1G48120	-0.0081650252179492
AT5G03455	-0.00816477102457202
AT5G16060	-0.00816462141154312
AT1G65560	-0.00816452007796111
AT2G41210	-0.00816330355681366
AT5G27390	-0.00816250874993008
AT4G30100	-0.00816217215146638
AT5G09310	-0.00816076959993098
AT2G39230	-0.00816051661649067
AT5G67450	-0.0081604636153316
AT5G56040	-0.00816028869153689
AT3G16450	-0.0081598453018396
AT4G36520	-0.00815926782425795
AT1G32750	-0.00815925262066824
AT5G33280	-0.00815913009544402
AT3G48350	-0.00815868236342674
AT5G40460	-0.00815797917994119
AT4G34350	-0.00815674351825656
AT1G45545	-0.00815671751649298
AT2G32295	-0.00815592599391857
AT1G50570	-0.00815588995494817
AT4G01090	-0.00815556429823089
AT1G72120	-0.00815516612471867
AT5G61590	-0.00815494056785843
AT5G55670	-0.00815449820638776
AT1G08600	-0.00815419877802953
AT1G15570	-0.00815308415316052
AT5G13450	-0.0081517261717473
AT4G16070	-0.00815132447011573
AT3G10390	-0.00815107899939204
AT1G63700	-0.0081510671098485
AT5G61280	-0.00815095610897573
AT1G63930	-0.00815028330549131
AT2G39920	-0.0081499782166775
AT4G39720	-0.00814993325136113
AT3G17030	-0.00814915315081331
AT4G30160	-0.00814717076050121
AT1G31180	-0.00814703758309501
AT4G22130	-0.00814500264051304
AT1G73430	-0.00814499779407585
AT5G66130	-0.00814479066517343
AT1G49790	-0.00814423726156275
AT3G44150	-0.00814379317130253
AT1G62810	-0.00814330362923415
AT5G60360	-0.00814305282151378
AT5G35690	-0.00814166511116295
AT3G08730	-0.00814128076327112
AT5G57035	-0.0081409592591401
AT3G02650	-0.00814084487390489
AT2G38710	-0.00814068956845516
AT5G03040	-0.00814064697452387
AT1G25510	-0.00813959263652272
AT1G05207	-0.00813951706969098
AT4G32960	-0.00813947660325874
AT3G42050	-0.00813927861879788
AT1G01760	-0.00813851917694002
AT2G17450	-0.00813830811360443
AT3G17350	-0.00813791903184714
AT2G39970	-0.00813786851910288
AT5G22290	-0.00813714702255145
AT4G15093	-0.00813705812077419
AT3G56210	-0.00813702577086791
AT5G38520	-0.00813701604612005
AT3G06980	-0.00813663709744591
AT3G61690	-0.00813528857731875
AT5G57960	-0.00813506078194413
AT3G16730	-0.00813449830876269
AT1G32200	-0.00813361603537824
AT2G33320	-0.00813246460036307
AT3G44340	-0.0081323458176345
AT5G19980	-0.00813203275730649
AT5G27120	-0.00813174869499486
AT4G14040	-0.00813173795858749
AT1G04800	-0.00813152217668892
AT5G35570	-0.00813033215360508
AT2G41700	-0.00813028762409101
AT5G53350	-0.00813020744532019
AT2G35000	-0.00813020493052574
AT5G27450	-0.00812882416785307
AT1G74090	-0.00812872571001832
AT5G14660	-0.00812841711665176
AT2G17630	-0.00812839575462032
AT2G27050	-0.00812830300035765
AT1G01300	-0.00812794447643124
AT2G38360	-0.00812790750049841
AT2G25180	-0.00812788847444635
AT1G67680	-0.00812764343472191
AT3G06810	-0.00812713295563261
AT5G04860	-0.00812646309955983
AT1G65590	-0.00812624046713788
AT5G57590	-0.00812619858810339
AT1G70860	-0.00812587714236926
AT3G47470	-0.00812581696325497
AT1G15340	-0.00812567315616
AT4G31420	-0.00812515620443449
AT1G27320	-0.00812437507024978
AT2G37660	-0.00812402806257272
AT5G01530	-0.00812374022607635
AT2G42280	-0.00812367671149706
AT1G74880	-0.00812362100990008
AT1G35670	-0.00812343609302247
AT2G44080	-0.00812319317354358
AT4G05520	-0.00812288347397665
AT3G47120	-0.00812279641797699
AT4G14820	-0.00812275406236566
AT5G51880	-0.00812266894685832
AT5G18230	-0.00812254497031846
AT3G52380	-0.00812177620471164
AT4G01810	-0.00812169054694852
AT3G04610	-0.00812150861170586
AT5G07590	-0.00812011113098564
AT1G07705	-0.00811935069359849
AT2G39410	-0.00811917203556695
AT1G08270	-0.00811891875917189
AT1G33410	-0.00811886785670073
AT3G13650	-0.00811878146766931
AT3G09810	-0.00811846729407698
AT3G21550	-0.00811832226631067
AT2G45570	-0.0081177327291521
AT2G45560	-0.0081175307325789
AT1G57560	-0.00811671523982034
AT2G19530	-0.00811584707658481
AT5G08010	-0.00811552431142599
AT5G04670	-0.00811526237564791
AT1G52150	-0.00811515033210284
AT3G13910	-0.00811472657168692
AT1G28670	-0.00811458191170738
AT3G21430	-0.00811434810238376
AT4G02480	-0.00811395381877838
AT5G44390	-0.0081137399735333
AT2G18790	-0.00811307072923274
AT3G62270	-0.00811279088560143
AT1G58410	-0.00811254747796753
AT1G68300	-0.00811240333427331
AT5G59613	-0.00811230626577791
AT1G55805	-0.00811145896479958
AT5G11690	-0.00811141271607267
AT5G13890	-0.00811125765857979
AT1G63770	-0.0081111219376738
AT4G13650	-0.00811051265388555
AT1G76660	-0.00811041214432185
AT5G28400	-0.00811027760843881
AT1G76740	-0.0081100806100933
AT5G06370	-0.00811005957127405
AT2G33730	-0.00810961582546183
AT4G33880	-0.00810907501430091
AT5G13440	-0.00810894229711057
AT3G26290	-0.00810882916058949
AT4G20270	-0.00810857047781487
AT4G15410	-0.00810834800200886
AT5G37070	-0.00810813288555632
AT4G25630	-0.00810789491994755
AT1G62730	-0.00810774970699824
AT5G08270	-0.00810744439261073
AT1G15510	-0.00810729390642689
AT2G26890	-0.00810708383030804
AT1G18950	-0.00810657820989426
AT4G31040	-0.0081062733794952
AT3G15680	-0.00810627058775139
AT1G72500	-0.00810595026197267
AT4G33640	-0.00810544231874818
AT4G35830	-0.00810517981884037
AT1G28520	-0.00810511899970423
AT1G10580	-0.00810511630316716
AT2G28450	-0.00810504657428041
AT3G20630	-0.00810488311227027
AT4G27950	-0.00810450132615845
AT1G21750	-0.00810447593389636
AT5G11980	-0.00810437512876172
AT1G80820	-0.00810421662776798
AT1G69610	-0.00810388133267144
AT1G33040	-0.00810365187936292
AT5G52170	-0.00810342970402084
AT4G37330	-0.00810304708865479
AT5G16370	-0.00810245065152225
AT2G20320	-0.00810200114122173
AT3G03520	-0.00810191360474033
AT2G42955	-0.00810169253813784
AT1G70580	-0.00810163715401846
AT1G12140	-0.00810106151672477
AT2G25660	-0.00810021623595449
AT2G17250	-0.00809993375333919
AT5G38010	-0.00809991224610155
AT2G24180	-0.00809988362747174
AT1G76710	-0.00809985462476417
AT1G77310	-0.00809984804325007
AT1G09890	-0.00809963323202344
AT3G07700	-0.00809947270303526
AT3G10920	-0.00809879058904657
AT2G36310	-0.00809874416616772
AT4G30960	-0.00809858638067089
AT4G02230	-0.00809788957847244
AT2G42700	-0.00809783746562537
AT1G52590	-0.00809780921410367
AT4G30840	-0.00809747344066269
AT1G16030	-0.00809702635665187
AT2G33860	-0.00809557903312257
AT5G60390	-0.00809522087801879
AT2G18510	-0.00809462677369973
AT4G15740	-0.00809414358490659
AT1G05640	-0.00809403310961252
AT3G07970	-0.00809389877725799
AT2G35630	-0.00809367019529815
AT4G36470	-0.00809293162045994
AT5G62440	-0.00809292335616682
AT1G08610	-0.00809264979450729
AT2G32810	-0.00809252422167857
AT3G52060	-0.00809245601865844
AT5G54180	-0.00809238455896654
AT3G25210	-0.00809131864380465
AT4G23500	-0.0080912367177758
AT3G57980	-0.0080911236341269
AT1G71070	-0.00809062960934379
AT4G17230	-0.00809059331587305
AT5G43810	-0.00808990765515914
AT4G23840	-0.0080895947053679
AT3G13070	-0.0080895106282504
AT1G22770	-0.00808941808822113
AT1G73990	-0.00808936881816883
AT5G47030	-0.00808910141632465
AT1G63850	-0.00808867202301482
AT2G36340	-0.00808856219264672
AT1G20870	-0.00808837670165535
AT2G40800	-0.00808817596367659
AT5G19540	-0.00808801401863065
AT3G58610	-0.00808785010029655
AT4G15940	-0.0080877622055495
AT4G14480	-0.00808757840722012
AT4G12300	-0.00808744552025819
AT4G10420	-0.00808518993422979
AT3G01170	-0.00808515877241458
AT5G67180	-0.0080850491951872
AT5G10060	-0.00808497450156352
AT5G17990	-0.00808480472484883
AT5G57330	-0.00808471134455586
AT1G09590	-0.00808434188505087
AT3G24320	-0.00808395642114917
AT3G01470	-0.00808324135580746
AT2G46150	-0.0080829118677387
AT3G21230	-0.00808279551103666
AT1G51310	-0.00808187303446134
AT5G63110	-0.00808180371627545
AT1G59700	-0.00808160674200534
AT3G22300	-0.00808145799390108
AT5G56550	-0.00808140634538575
AT5G49930	-0.00808058593012061
AT3G12860	-0.00808039893166967
AT5G16080	-0.00807965378183844
AT3G47890	-0.00807906244794795
AT1G71020	-0.00807901579018192
AT3G26410	-0.00807888257379067
AT3G02820	-0.00807825145341034
AT3G14930	-0.00807811448262041
AT1G66340	-0.00807806488830305
AT3G60820	-0.00807793066459947
AT4G08250	-0.00807779535115516
AT1G48560	-0.00807755541340459
AT5G05230	-0.00807749655414051
AT3G08680	-0.00807693960707375
AT3G61210	-0.00807672018643125
AT5G47790	-0.00807624075211493
AT1G18190	-0.00807607887410812
AT5G46460	-0.00807578927389782
AT5G17930	-0.00807547281533307
AT1G50420	-0.00807477862464791
AT1G18550	-0.00807417712764671
AT5G06845	-0.00807409278864668
AT5G10560	-0.00807389225606765
AT1G67030	-0.0080735234609742
AT5G11260	-0.00807283493179971
AT4G26940	-0.00807255421909428
AT1G80370	-0.00807165374387703
AT2G45910	-0.00807154504468584
AT2G37400	-0.00807108058878897
AT2G27600	-0.00807083202539295
AT3G61170	-0.008070427143929
AT5G43560	-0.00807038769019969
AT3G60860	-0.00807028124574956
AT3G27020	-0.00807024900121329
AT5G58660	-0.00807011124013992
AT5G63310	-0.00807005192095016
AT3G11960	-0.00807002258673082
AT4G18372	-0.00806979827781075
AT3G46610	-0.00806908500289569
AT4G19490	-0.00806885791871646
AT2G30105	-0.00806854124362168
AT4G12830	-0.00806818568192978
AT3G21340	-0.00806813608259647
AT1G66270	-0.00806670006684652
AT2G26760	-0.00806595824312965
AT1G76070	-0.00806584258014301
AT4G32600	-0.00806544765612989
AT3G28480	-0.00806542506514965
AT1G17290	-0.00806534776059218
AT2G32150	-0.00806529417119671
AT2G47790	-0.00806511526031234
AT2G28200	-0.00806486526124403
AT3G61800	-0.00806480643005532
AT5G58730	-0.00806475379486732
AT1G30130	-0.00806427039687935
AT5G15680	-0.00806395835538562
AT1G31660	-0.00806331362099858
AT1G49580	-0.00806315689390572
AT1G79340	-0.00806312454293502
AT1G03080	-0.00806305600253383
AT1G54310	-0.00806203116327268
AT2G39930	-0.00806171490302229
AT5G06800	-0.00806116174323883
AT3G61410	-0.00806065217057131
AT5G37190	-0.00805960523995103
AT4G37440	-0.00805947299099531
AT2G45670	-0.00805934064506766
AT1G53090	-0.00805926110993223
AT3G16830	-0.00805909686843524
AT2G47330	-0.00805901567858306
AT4G24490	-0.00805852835210618
AT3G07160	-0.00805833256370255
AT2G20860	-0.00805815378895081
AT4G27540	-0.00805748289204979
AT3G13040	-0.00805743104206377
AT1G62970	-0.00805694870610863
AT4G14620	-0.00805665976399315
AT5G57550	-0.00805610320419104
AT5G17040	-0.00805569000893969
AT1G54920	-0.0080550834540954
AT5G57250	-0.00805479458087173
AT2G27230	-0.00805412927511551
AT2G46760	-0.00805395423616488
AT2G03220	-0.00805365516149744
AT2G28660	-0.00805359360427417
AT2G29070	-0.00805357042307752
AT3G07310	-0.0080530508192888
AT1G16905	-0.00805225075000127
AT1G66940	-0.00805191287653399
AT2G43610	-0.00805085259296727
AT4G13110	-0.00805044270242519
AT4G30150	-0.00805038679741381
AT5G42090	-0.0080495952922995
AT1G61380	-0.00804954518456351
AT5G56740	-0.00804953977706289
AT2G21090	-0.00804944526456244
AT1G05150	-0.00804939298582768
AT3G06340	-0.00804920033279874
AT2G39360	-0.00804900205688935
AT5G64610	-0.0080483634568125
AT2G19730	-0.008047743377097
AT2G27680	-0.00804756620898792
AT4G14210	-0.00804739733326115
AT3G03450	-0.00804734627743644
AT2G45700	-0.0080469307705042
AT1G80790	-0.00804688584983491
AT1G65580	-0.00804673900821103
AT1G66620	-0.00804653776835229
AT5G13690	-0.0080464361889117
AT1G02080	-0.00804629724960547
AT4G11610	-0.00804567824677021
AT3G51620	-0.00804545956195065
AT4G21705	-0.00804512259334501
AT5G59020	-0.00804493144918436
AT4G16210	-0.00804463408651552
AT2G35500	-0.00804408724510622
AT2G40060	-0.00804370331686205
AT3G05230	-0.00804240821595343
AT1G78900	-0.00804198972658035
AT3G01460	-0.00804157736773216
AT1G32490	-0.00804094542558488
AT4G31120	-0.00804057009925929
AT1G14020	-0.00804049854628557
AT1G29280	-0.00804045939049135
AT4G22590	-0.0080396192261024
AT1G17130	-0.00803913051875709
AT5G17330	-0.00803896708419165
AT2G29940	-0.00803856315422805
AT5G55480	-0.00803777948264062
AT1G14345	-0.00803740147675844
AT5G62460	-0.00803736002850343
AT5G49950	-0.00803679562703846
AT2G30520	-0.0080363064439434
AT4G30000	-0.00803601947119164
AT1G24490	-0.00803582220347048
AT1G47240	-0.0080357834463163
AT4G17540	-0.00803565011056281
AT2G13560	-0.0080354116207427
AT5G40590	-0.00803503826363701
AT2G15000	-0.00803486084408205
AT3G28130	-0.00803478834030534
AT1G09970	-0.008034779795221
AT3G19860	-0.00803468674533843
AT4G14990	-0.00803423461973834
AT5G52950	-0.00803344142943983
AT1G78930	-0.00803276235085454
AT1G30640	-0.00803188417263397
AT1G19870	-0.00803169842318352
AT3G53320	-0.00803070475421286
AT5G49110	-0.00803034643091779
AT1G04850	-0.0080301580277636
AT5G20250	-0.00803014443978368
AT5G61480	-0.00802916193173842
AT4G09340	-0.00802901507939401
AT1G14340	-0.00802850295606845
AT1G50380	-0.00802841162058954
AT5G08570	-0.00802800169887976
AT3G26770	-0.00802747795280941
AT4G14930	-0.0080271502796224
AT2G20570	-0.00802690343477527
AT5G42840	-0.00802676120527742
AT1G21060	-0.00802597482835299
AT2G23740	-0.00802584946824721
AT2G36580	-0.00802568533919419
AT1G69240	-0.00802549282669624
AT5G58220	-0.00802483729625778
AT5G04930	-0.00802391054683344
AT1G19670	-0.00802385490224511
AT1G64280	-0.00802347145279157
AT5G20740	-0.00802334229849928
AT5G42940	-0.00802329500893354
AT2G47010	-0.00802315734384711
AT1G27400	-0.0080231060057798
AT4G33510	-0.00802269531763835
AT2G24960	-0.00802233211470539
AT2G02790	-0.00802096847147681
AT3G23740	-0.00802091301440068
AT2G39190	-0.00801996756026475
AT1G59890	-0.00801994978798907
AT3G51800	-0.00801904644724043
AT3G13790	-0.00801889810506781
AT1G15490	-0.00801886257614752
AT5G66870	-0.00801862564558451
AT1G64625	-0.00801831046127394
AT3G51660	-0.00801817705510523
AT1G51600	-0.00801813607157758
AT4G17840	-0.00801762973465454
AT2G42520	-0.00801762874248625
AT1G66750	-0.00801747751272602
AT1G13460	-0.00801745162296684
AT1G07950	-0.00801714498133508
AT1G61040	-0.00801710482098462
AT3G04060	-0.00801668572079154
AT3G53890	-0.00801604975338475
AT2G15310	-0.00801595452665037
AT1G48605	-0.0080156932971517
AT4G28540	-0.00801509526281954
AT1G59900	-0.00801487032426059
AT1G48500	-0.00801479385295385
AT1G51570	-0.0080137539788707
AT3G06920	-0.00801369111076216
AT5G32470	-0.00801364076923328
AT1G69600	-0.00801316285563782
AT1G72030	-0.00801299881988923
AT1G05430	-0.00801272312378695
AT5G65810	-0.00801241552130924
AT5G11240	-0.00801236403892381
AT3G17465	-0.00801208600426542
AT1G59740	-0.0080113506914756
AT1G80490	-0.00801060350068938
AT4G19110	-0.00801034824054447
AT1G78490	-0.00800985334249516
AT2G46140	-0.00800914141053378
AT1G01510	-0.00800889829543021
AT5G19530	-0.00800884410770614
AT3G58790	-0.00800864429958912
AT5G01560	-0.00800838129461161
AT2G38860	-0.00800818012352968
AT3G22400	-0.00800801552925013
AT3G59920	-0.00800771937452285
AT5G44160	-0.00800749396649485
AT3G60800	-0.00800698771945331
AT3G10530	-0.00800688986303437
AT2G40510	-0.00800674639985344
AT1G30440	-0.00800618765419938
AT5G57740	-0.00800614530139652
AT1G62960	-0.00800606684859189
AT1G78670	-0.00800586370511555
AT4G26870	-0.00800580435483984
AT2G17930	-0.00800463691109155
AT5G63010	-0.00800458251565297
AT4G28060	-0.008004395402307
AT1G28280	-0.00800418422072647
AT2G19720	-0.00800403492353594
AT5G08470	-0.00800355504848187
AT3G16140	-0.00800335535643511
AT4G15900	-0.0080029831442434
AT2G40711	-0.0080029344845746
AT5G24360	-0.0080027716387299
AT1G26240	-0.00800257264549903
AT3G14590	-0.00800247943959588
AT3G05530	-0.00800213740315009
AT5G05860	-0.00800201140618172
AT2G07680	-0.00800187840623803
AT1G32500	-0.00800176606298885
AT1G10930	-0.00800154432115714
AT5G46110	-0.00800144883870268
AT1G55370	-0.0080013980164935
AT2G01060	-0.00800104896372974
AT1G20200	-0.0080003154461371
AT1G70600	-0.00800029630424039
AT3G14100	-0.0080001578511522
AT1G05385	-0.00800011208886249
AT1G17170	-0.00799934094242727
AT1G63150	-0.00799911920771632
AT3G01800	-0.00799876571279305
AT2G45695	-0.0079987570212889
AT1G59710	-0.00799795170541856
AT3G18580	-0.00799721905091423
AT2G32660	-0.00799570740035799
AT4G19380	-0.00799463254399383
AT1G09190	-0.00799459525732652
AT1G17930	-0.007994250837158
AT4G10500	-0.00799401169352637
AT1G16960	-0.00799365622845431
AT1G08910	-0.00799348470031248
AT5G45000	-0.00799316267146926
AT1G66470	-0.00799298982389656
AT1G21580	-0.00799205129051769
AT4G17520	-0.00799200096066198
AT5G66790	-0.00799146631195219
AT1G09010	-0.00799142577501339
AT1G18810	-0.00799126346677057
AT3G26590	-0.0079910394639628
AT3G18320	-0.00799100175856238
AT1G61640	-0.00799056305703451
AT2G33410	-0.00799040671704166
AT3G09630	-0.00799019642516701
AT1G47740	-0.007989845502603
AT4G02405	-0.00798952398036891
AT3G45710	-0.00798910829992729
AT2G19390	-0.00798889422633787
AT4G26900	-0.00798633191837581
AT1G35220	-0.00798533288314024
AT1G30300	-0.00798513124641355
AT1G61890	-0.00798489995928423
AT5G26880	-0.00798430416764005
AT1G31800	-0.00798425916750791
AT5G51560	-0.00798422130448451
AT3G12915	-0.00798396940021312
AT5G10830	-0.00798389412870171
AT5G54660	-0.00798364000211921
AT3G18950	-0.00798347053817429
AT3G20770	-0.00798337755820487
AT2G01970	-0.00798284816074262
AT5G60160	-0.00798258042497591
AT2G38000	-0.00798255297244925
AT1G01900	-0.00798235149179656
AT1G73370	-0.0079820729331686
AT2G04570	-0.00798204179948472
AT4G18380	-0.00798201620736722
AT1G70518	-0.007981715706651
AT5G63920	-0.00798085061168993
AT5G13140	-0.00798073276154545
AT3G06950	-0.00798073109891624
AT1G02475	-0.00798063064645562
AT5G02400	-0.0079799909328754
AT2G47210	-0.00797967145492223
AT5G47720	-0.00797924051253725
AT5G04105	-0.00797901311235758
AT1G60995	-0.00797733131118793
AT4G13250	-0.0079771866848019
AT3G04850	-0.00797702430639918
AT3G03130	-0.00797671083641556
AT2G14110	-0.00797628731929835
AT4G25130	-0.00797585731512338
AT5G67270	-0.00797573808416236
AT5G49665	-0.00797573338322409
AT1G54220	-0.00797562691768496
AT2G44970	-0.00797546072108248
AT1G33590	-0.00797545149090224
AT3G28380	-0.0079753798061355
AT4G16008	-0.00797496817882201
AT1G08190	-0.0079735439789572
AT1G05577	-0.00797321091729235
AT1G09940	-0.00797233434305998
AT1G09180	-0.00797215855826324
AT5G62430	-0.0079715242708872
AT4G39960	-0.00797119054038106
AT3G51000	-0.00797086360895454
AT1G70060	-0.00797012387162322
AT1G71170	-0.00796966394773716
AT1G31340	-0.00796954073022958
AT1G27090	-0.0079693579805096
AT5G51430	-0.00796889088467259
AT2G36290	-0.00796886863125241
AT3G26730	-0.00796776934662268
AT5G35450	-0.0079676425362391
AT4G21070	-0.00796761842779546
AT5G58540	-0.00796735337579538
AT1G13820	-0.00796716300401082
AT1G74800	-0.00796710470298104
AT2G47980	-0.00796688041760153
AT5G02250	-0.00796659497834475
AT1G09100	-0.00796653184749991
AT2G05840	-0.00796637975485813
AT2G47920	-0.00796601071873781
AT2G17440	-0.00796594818697278
AT5G18620	-0.00796585974711655
AT1G11860	-0.0079658398408813
AT3G57740	-0.00796564529083809
AT1G32240	-0.00796554605589698
AT5G04160	-0.00796374579488918
AT5G53860	-0.00796327567367881
AT5G58490	-0.00796302786284813
AT3G22520	-0.00796289014883417
AT4G16800	-0.00796253545052783
AT1G30000	-0.00796192261056708
AT4G12850	-0.00796188899906807
AT4G08210	-0.00796181096620692
AT5G19250	-0.00796147018225683
AT2G39670	-0.00796144274683169
AT4G32620	-0.00796083585231836
AT4G26450	-0.00796071896096925
AT5G23150	-0.00796064102267443
AT1G24160	-0.0079605398395347
AT2G01630	-0.00796042948205292
AT5G66750	-0.00796011102450293
AT4G02640	-0.00795946196718616
AT5G27660	-0.00795921079531798
AT1G64060	-0.00795863290196772
AT1G62050	-0.00795839337325113
AT1G14650	-0.0079582750479761
AT1G73330	-0.00795787896903023
AT1G73710	-0.00795648283659932
AT5G49720	-0.00795615667384
AT2G44640	-0.00795601996433201
AT5G24830	-0.00795545248668165
AT1G69250	-0.00795485813964724
AT3G04830	-0.00795470383899846
AT5G49580	-0.00795445594019298
AT4G26630	-0.0079542724085989
AT5G23910	-0.00795423927584295
AT1G35660	-0.00795414757965203
AT5G22510	-0.00795375937290687
AT5G10370	-0.00795213715854891
AT1G69170	-0.00795194917694672
AT3G48110	-0.00795188681213688
AT3G49800	-0.00795178526686262
AT2G27950	-0.00795048868925546
AT4G08390	-0.00795031446216304
AT1G05070	-0.00794991825346497
AT4G02070	-0.00794979601492334
AT4G12780	-0.0079497917305475
AT5G08160	-0.0079497046017394
AT5G56890	-0.00794932646761022
AT2G47460	-0.00794916047628449
AT2G43250	-0.00794896821310464
AT1G79760	-0.00794893448887659
AT2G25970	-0.00794877524631415
AT4G20910	-0.00794772255230542
AT3G52950	-0.00794722140866069
AT1G23180	-0.00794719759373591
AT2G06530	-0.0079471914452519
AT2G22250	-0.00794707331533192
AT4G30780	-0.00794657213885739
AT1G73150	-0.00794656571275508
AT3G60180	-0.00794610465587775
AT3G15470	-0.0079459378065211
AT4G04885	-0.00794579576770932
AT5G67200	-0.00794549719466148
AT1G10910	-0.00794544317998716
AT3G15180	-0.00794533088644361
AT2G36130	-0.00794520942433019
AT5G19390	-0.00794506757152782
AT2G03240	-0.0079446905344065
AT3G14640	-0.0079446004260499
AT1G49540	-0.00794445563888693
AT2G46930	-0.00794422600443315
AT4G31060	-0.00794373954518251
AT2G36885	-0.0079437158847483
AT5G66030	-0.00794335928486959
AT1G04970	-0.00794258015671551
AT1G76185	-0.00794194137449506
AT3G43590	-0.00794014564109783
AT2G46505	-0.00794011113859754
AT5G01370	-0.00793977782454294
AT2G36080	-0.00793965929800125
AT5G04990	-0.00793934061480581
AT3G55750	-0.00793929550944892
AT1G26550	-0.00793902255887162
AT5G45280	-0.00793861662424186
AT4G34890	-0.00793700882025194
AT2G22530	-0.00793672597286967
AT1G15710	-0.00793639575977806
AT2G30210	-0.00793634913588318
AT3G11170	-0.00793584650924329
AT1G12380	-0.00793424870656248
AT4G11120	-0.00793420028541213
AT3G18790	-0.00793402243025254
AT2G44830	-0.00793329334588037
AT3G57670	-0.00793254324515195
AT2G45190	-0.00793242421604923
AT3G07030	-0.00793192696674423
AT1G09440	-0.00793176257603068
AT1G10490	-0.00793173701645594
AT5G51220	-0.00793161905985117
AT1G11160	-0.00793126781760586
AT3G18100	-0.00793119629260638
AT2G37410	-0.00793106527424806
AT1G27470	-0.00793034126005906
AT2G41070	-0.0079301603303158
AT3G55520	-0.00792880520064483
AT1G20850	-0.00792856057406453
AT1G69670	-0.00792801636560994
AT1G80830	-0.0079277808233024
AT1G76060	-0.00792776896979414
AT1G56110	-0.0079271000647055
AT3G29240	-0.00792709905645691
AT4G02730	-0.00792567012065539
AT3G53350	-0.0079248733895897
AT5G67360	-0.00792473429712518
AT3G54650	-0.00792458943946322
AT5G63780	-0.00792348671025267
AT4G23400	-0.00792329929488028
AT4G32551	-0.00792319609342506
AT4G24240	-0.00792269518305946
AT3G20550	-0.00792243443099845
AT1G34355	-0.00792218902211591
AT5G26960	-0.00792216517547588
AT5G63590	-0.00792188938032992
AT4G38360	-0.0079218859585203
AT2G23600	-0.00792179161151083
AT5G47780	-0.00792139905389261
AT4G39300	-0.00792117013685506
AT3G19250	-0.0079211102319197
AT1G24620	-0.00792058261416745
AT1G46480	-0.00792037492214575
AT1G04140	-0.0079203057296957
AT1G70820	-0.00792014949734305
AT1G49960	-0.00791968354184583
AT1G68140	-0.00791912754949339
AT1G60800	-0.00791911880968388
AT1G01620	-0.00791898314240187
AT2G36850	-0.00791852000219994
AT3G15590	-0.00791848333509336
AT2G36010	-0.00791833515292574
AT2G40600	-0.00791704192206537
AT3G59890	-0.00791681467866034
AT2G44790	-0.00791657115082786
AT5G48030	-0.00791633790129084
AT3G49725	-0.00791596600227022
AT3G04230	-0.00791538468445314
AT5G49700	-0.00791538244601962
AT3G07610	-0.00791532469805148
AT3G52100	-0.00791518216090568
AT3G16320	-0.00791511782659679
AT1G49980	-0.00791365381997653
AT1G76270	-0.0079129835137484
AT4G32780	-0.0079127812356853
AT2G33040	-0.00791200697412466
AT2G21970	-0.00791186160588593
AT4G25860	-0.0079112894313843
AT5G33320	-0.00791119688453703
AT3G59100	-0.00791119092370142
AT3G12800	-0.00791106304755815
AT1G80860	-0.00791082202996266
AT2G44430	-0.00791077638801797
AT4G05390	-0.00791055529427545
AT3G17250	-0.00791030251067906
AT5G20540	-0.00791027916209804
AT2G36950	-0.00791017904926923
AT1G72690	-0.0079098023205169
AT3G57720	-0.00790948047654087
AT3G61600	-0.00790944714664932
AT5G15510	-0.00790886212342483
AT5G48600	-0.00790866774787822
AT1G05210	-0.00790818847717923
AT5G02390	-0.00790804793570055
AT1G10470	-0.00790773919710106
AT1G20060	-0.00790736131514465
AT4G25050	-0.00790723507351216
AT3G05350	-0.00790706268857807
AT3G54050	-0.00790688467336338
AT3G05330	-0.00790584431575739
AT5G59870	-0.00790559499258525
AT4G34340	-0.00790535865500745
AT5G19400	-0.00790485090329981
AT1G18900	-0.00790458713400017
AT4G03330	-0.00790423029662693
AT5G65620	-0.00790422843745522
AT5G58800	-0.00790383509744482
AT4G10840	-0.00790373745698645
AT4G04340	-0.00790370004251797
AT1G80700	-0.00790361774636146
AT5G41150	-0.00790349311799674
AT3G06630	-0.00790332679960039
AT5G05510	-0.00790249292610915
AT1G60000	-0.00790225454778707
AT1G15530	-0.00790215443737078
AT3G15080	-0.00790177143100218
AT2G47680	-0.00790165342113306
AT2G17420	-0.00790099050547297
AT1G10780	-0.0079005201470508
AT1G12470	-0.00789993949868058
AT3G57660	-0.00789984997211132
AT2G44735	-0.00789976618904381
AT3G06270	-0.00789932739490149
AT5G38450	-0.00789882080198774
AT5G12430	-0.00789780767748888
AT4G38600	-0.00789712540740975
AT3G09320	-0.00789651348952048
AT1G80510	-0.00789624732488061
AT2G18100	-0.00789623206373286
AT1G32130	-0.00789614113622148
AT2G25170	-0.00789519066530573
AT4G36890	-0.00789517977558433
AT4G12800	-0.00789505374124098
AT1G76160	-0.00789448611513328
AT1G18670	-0.00789446846214068
AT2G26840	-0.00789429819406967
AT2G35910	-0.0078940126449827
AT2G20110	-0.00789372402711802
AT4G11790	-0.00789343423370669
AT3G10550	-0.0078931606594203
AT5G54080	-0.00789236199443318
AT5G49570	-0.00789236182388457
AT1G13210	-0.00789154937502575
AT4G08455	-0.0078912629221217
AT3G59630	-0.00789119797092597
AT2G17200	-0.00789119621759824
AT2G29630	-0.00789084068692187
AT1G11660	-0.0078908107170085
AT5G41100	-0.00789026795452389
AT1G31710	-0.00788920442684551
AT3G56990	-0.00788881725927534
AT5G35910	-0.00788822897367841
AT3G13870	-0.00788810961269138
AT2G32960	-0.00788804224511183
AT4G14710	-0.0078875777241196
AT2G43650	-0.00788724277043135
AT2G25920	-0.00788658562998551
AT5G51980	-0.00788616725471463
AT1G31440	-0.00788601935177283
AT1G16570	-0.00788544963748187
AT1G27050	-0.0078851910805692
AT5G53460	-0.00788491794016609
AT1G15500	-0.00788487930270125
AT1G09020	-0.00788470247572178
AT4G09570	-0.00788467217953412
AT1G05530	-0.00788340465423899
AT1G61050	-0.00788318295386993
AT2G23340	-0.00788298733274511
AT1G30720	-0.00788252723571762
AT1G77690	-0.00788250191813145
AT4G33530	-0.00788225570445848
AT5G18840	-0.00788212840935189
AT3G27030	-0.00788184985144789
AT4G00940	-0.00788133993797979
AT3G24535	-0.0078811966353893
AT2G28890	-0.00788088229773124
AT1G55535	-0.00788066835555367
AT1G63940	-0.00788035636647921
AT5G51840	-0.00788022163004916
AT1G73200	-0.00787958929376977
AT3G14010	-0.00787957627184465
AT1G79930	-0.00787947323752048
AT4G02030	-0.00787923541695986
AT1G77170	-0.0078791289040287
AT1G64563	-0.00787881142309059
AT3G18870	-0.00787868525866768
AT5G54280	-0.00787849284952897
AT5G18590	-0.00787846054515545
AT2G21350	-0.00787843859227251
AT3G20500	-0.00787819686049444
AT3G60070	-0.00787799199864476
AT4G10070	-0.00787771653610853
AT4G25540	-0.00787689917725788
AT4G38225	-0.00787686854191996
AT3G09940	-0.00787652578774083
AT1G53770	-0.00787579030555233
AT5G53930	-0.00787565616050795
AT5G45160	-0.0078754880573479
AT4G35040	-0.00787504925901945
AT4G31140	-0.0078743429847983
AT1G13940	-0.00787431406575909
AT1G48570	-0.00787422725769249
AT2G23300	-0.0078742082438586
AT2G17190	-0.00787408417919988
AT1G31335	-0.0078739290487143
AT4G17950	-0.00787383143251398
AT1G71940	-0.00787318089727383
AT4G02180	-0.00787313580969524
AT3G23110	-0.00787266475707423
AT4G32950	-0.00787213890428893
AT4G27520	-0.00787210511603606
AT4G12540	-0.00787125758933384
AT2G43600	-0.00787105511870273
AT1G48090	-0.00787029056672852
AT5G43740	-0.00787009755209232
AT3G52030	-0.00787006042617001
AT1G23170	-0.00786985350877136
AT3G51740	-0.00786984826608187
AT2G46100	-0.00786959002508112
AT5G25050	-0.00786944545930428
AT2G34510	-0.0078694431440332
AT2G35010	-0.0078692314229847
AT5G39320	-0.00786861744074154
AT5G21160	-0.00786858491421103
AT3G17880	-0.00786814311751342
AT1G07510	-0.00786812162098858
AT5G47210	-0.0078678378363319
AT1G10682	-0.0078677397613733
AT2G01530	-0.00786772699969112
AT2G24640	-0.00786744970443652
AT5G60490	-0.0078673708696603
AT3G50920	-0.00786666617605914
AT2G20790	-0.00786642584091498
AT4G31780	-0.00786611129521605
AT5G24380	-0.00786576173339943
AT3G02830	-0.00786516939815279
AT1G01770	-0.00786438604667464
AT1G74270	-0.00786431660811806
AT5G12440	-0.00786431563745892
AT1G12000	-0.00786377018473498
AT1G21320	-0.00786362151018557
AT3G03630	-0.00786334759472702
AT3G48000	-0.00786324996488728
AT2G43750	-0.00786294500056938
AT4G28600	-0.00786272905256351
AT3G08943	-0.00786262823441012
AT1G19910	-0.00786252246461641
AT1G30450	-0.00786223045526188
AT2G18915	-0.00786213453479464
AT3G14110	-0.00786190990006824
AT5G58575	-0.00786120854212025
AT5G48470	-0.00786056112631109
AT5G64490	-0.00786040069735714
AT4G22010	-0.00786030838852611
AT5G53050	-0.00786006865478553
AT1G22540	-0.00785967065449978
AT3G05070	-0.00785957619913815
AT4G15840	-0.00785926461882727
AT1G75640	-0.00785906696496077
AT3G55030	-0.00785853803891812
AT3G25660	-0.00785801588662248
AT2G41720	-0.00785764677021238
AT5G46910	-0.00785745647292694
AT3G20790	-0.00785660189827982
AT4G18710	-0.00785656620150876
AT3G22780	-0.00785653503942754
AT1G54780	-0.00785630984219957
AT1G35560	-0.00785597622967896
AT5G60600	-0.0078558682214589
AT5G24970	-0.00785559533406977
AT1G33360	-0.00785544219440281
AT3G08530	-0.00785458068094456
AT1G51860	-0.0078545175788621
AT5G13460	-0.00785446080107465
AT5G57040	-0.00785414786273974
AT4G12770	-0.00785410344032321
AT2G30960	-0.00785405829588472
AT2G36320	-0.00785379848334231
AT4G01480	-0.00785357310274414
AT3G12345	-0.00785340178191954
AT3G17850	-0.0078531864992712
AT5G01015	-0.00785287973534404
AT3G07510	-0.00785192794212264
AT4G17770	-0.00785165206418906
AT1G66900	-0.00785163364544858
AT5G51280	-0.00785132826957775
AT4G14510	-0.00785086474934224
AT1G31150	-0.00785044876889206
AT3G22231	-0.00785044675136143
AT3G04620	-0.00785009055031446
AT1G01730	-0.00784959347683096
AT5G55180	-0.0078494320816587
AT2G34690	-0.00784923855910413
AT1G69830	-0.0078491119817032
AT1G14620	-0.00784901565410582
AT1G75510	-0.00784863559116468
AT4G24560	-0.00784771624901169
AT3G07220	-0.0078476909667598
AT3G05050	-0.00784741817120594
AT2G37080	-0.00784720993181234
AT4G24830	-0.00784674251294769
AT1G75770	-0.00784673797429893
AT2G01720	-0.00784631257582203
AT2G39170	-0.00784616851504046
AT2G35520	-0.00784525495191667
AT4G09550	-0.00784485579518772
AT4G03080	-0.00784454230658247
AT5G18200	-0.0078442837435594
AT5G16550	-0.00784398388267128
AT5G48920	-0.0078437436504641
AT3G53730	-0.00784348692174557
AT4G34980	-0.00784277114651484
AT3G23300	-0.00784268732613032
AT1G08560	-0.00784266027813417
AT4G26060	-0.00784247636372454
AT1G43860	-0.00784185392825585
AT1G57570	-0.00784182022887958
AT4G20330	-0.00784161083428289
AT4G32980	-0.00784146989287611
AT3G20080	-0.00784143464743232
AT5G24910	-0.00784115006275995
AT4G15130	-0.00784105097527798
AT1G69770	-0.00784096191248451
AT3G51440	-0.00784050075650716
AT4G20140	-0.00784047904530294
AT3G28700	-0.00784045193413017
AT3G19240	-0.00784034825768594
AT3G55890	-0.00784012876847962
AT5G23130	-0.00783988405656303
AT1G76460	-0.00783980519429104
AT1G71830	-0.00783949688366082
AT5G48290	-0.00783903031620421
AT5G58040	-0.0078390171913091
AT5G27950	-0.00783875567893503
AT4G37610	-0.00783865145294552
AT1G55890	-0.00783825657217559
AT1G08580	-0.00783817416730092
AT5G23720	-0.00783808032868912
AT3G26240	-0.00783717412611762
AT5G13260	-0.00783700330995999
AT4G17300	-0.00783667925920395
AT4G26110	-0.00783573001227404
AT3G04090	-0.00783555865448228
AT3G51050	-0.00783544129128338
AT4G09580	-0.00783500580677824
AT2G03480	-0.00783445652800576
AT2G02070	-0.00783445476635531
AT1G28580	-0.00783430221835599
AT2G03150	-0.00783429419516191
AT2G48000	-0.00783397875195815
AT4G20980	-0.00783387054948191
AT4G26100	-0.00783356485438591
AT4G27680	-0.00783331989531501
AT3G11340	-0.00783208516773445
AT1G61440	-0.00783172983755656
AT5G54100	-0.00783122460422471
AT4G16250	-0.00783037298747699
AT5G05100	-0.00783031060410474
AT1G68840	-0.0078299502426309
AT5G63710	-0.00782956835410175
AT3G63290	-0.00782955949727911
AT4G18220	-0.00782897110301143
AT3G56490	-0.00782871485816456
AT3G16200	-0.00782837364372115
AT4G11570	-0.00782826368430008
AT1G06240	-0.00782825658211134
AT3G54890	-0.00782792996554432
AT3G26630	-0.00782779367433466
AT3G52630	-0.0078276537507046
AT2G19270	-0.00782747570876674
AT1G61100	-0.0078263874710826
AT3G55960	-0.00782628041244907
AT3G22630	-0.00782614030529139
AT1G60600	-0.00782539293736042
AT4G02680	-0.0078252318038634
AT2G03050	-0.00782516800411921
AT4G20850	-0.00782515844053164
AT3G10720	-0.00782513901430984
AT3G52230	-0.00782494553992437
AT3G28050	-0.00782462000219768
AT1G55920	-0.0078246196640048
AT1G06410	-0.00782440438829414
AT4G25840	-0.00782417711267378
AT5G55210	-0.00782365355774466
AT2G22630	-0.00782345468070153
AT1G34420	-0.00782321068782818
AT3G44970	-0.00782308135896008
AT1G53750	-0.00782305640621232
AT1G07450	-0.00782300438525677
AT1G63300	-0.00782275048174862
AT5G05670	-0.00782270177619023
AT3G53870	-0.00782256296375193
AT5G03080	-0.00782243563289631
AT3G14890	-0.00782210486810206
AT5G16620	-0.00782187330967842
AT5G58740	-0.00782166056709143
AT4G32920	-0.00782163743045696
AT5G11850	-0.00782152036313125
AT3G15356	-0.00782126112971375
AT2G20930	-0.00782112511141814
AT3G54190	-0.00782110380483376
AT3G50685	-0.00782098010383566
AT2G15560	-0.00782067770333245
AT2G26695	-0.00782065718915227
AT5G15050	-0.00782045776599577
AT4G23010	-0.00782015664244128
AT3G09270	-0.00781969850305629
AT5G04710	-0.00781959776794008
AT5G41330	-0.0078194863821595
AT1G06430	-0.00781932321547567
AT2G34810	-0.0078180878894772
AT5G58060	-0.0078178741058686
AT5G42820	-0.00781784425270876
AT4G34040	-0.0078177650374563
AT3G60050	-0.00781664095133287
AT4G14160	-0.00781571600928026
AT1G28440	-0.00781570831530223
AT2G30100	-0.00781522230681313
AT1G03370	-0.0078151948023441
AT5G64440	-0.00781492356168076
AT3G47670	-0.00781488921125359
AT3G13300	-0.00781472635049088
AT4G39280	-0.00781463632937143
AT2G37630	-0.0078145507344451
AT3G62810	-0.00781317434871577
AT3G09770	-0.00781255653050827
AT2G02090	-0.00781252799413674
AT4G24760	-0.00781206439205112
AT3G56110	-0.00781160922697663
AT3G04080	-0.00781141925698135
AT3G61130	-0.00781066793531202
AT5G49020	-0.00781036589425739
AT3G61880	-0.00780973808280847
AT3G48195	-0.00780960814972559
AT5G40870	-0.00780945306182277
AT2G35310	-0.00780924284793815
AT4G27980	-0.00780881290485262
AT5G58680	-0.00780824704288508
AT3G17070	-0.00780776960411746
AT3G28460	-0.00780753447313335
AT3G17609	-0.00780753303604863
AT1G78660	-0.00780705953230702
AT1G30420	-0.00780686212217615
AT3G09230	-0.00780630134533596
AT1G01940	-0.00780622687032053
AT3G43270	-0.00780621670736123
AT2G36240	-0.00780612482363924
AT2G04790	-0.0078059691983141
AT4G22320	-0.00780588361923517
AT5G66190	-0.00780512587769961
AT1G03090	-0.00780471243606096
AT3G16940	-0.00780421537192903
AT2G01890	-0.00780410803081404
AT1G79840	-0.00780402759984175
AT1G05630	-0.00780388872814518
AT4G37060	0.00780305829572512
AT1G72970	-0.00780244319248188
AT5G24000	-0.00780221074565494
AT4G01910	-0.00780184754140318
AT3G63340	-0.00780155993028301
AT1G75140	-0.007801097061826
AT1G73590	-0.00780031378737004
AT3G42660	-0.00780005738345313
AT4G10730	-0.00779976221149491
AT5G44575	-0.00779963331972138
AT4G00860	-0.00779953032147999
AT1G26750	-0.00779943689559262
AT3G02120	-0.00779888620736119
AT1G13980	-0.00779703991413894
AT3G16630	-0.00779696330682589
AT3G54280	-0.00779693245663693
AT4G26600	-0.00779690281723594
AT3G62560	-0.00779654068908679
AT2G18090	-0.00779648395622176
AT3G22980	-0.00779623200915977
AT3G14390	-0.00779602722114241
AT5G23690	-0.00779600009144387
AT4G36130	-0.00779579549896457
AT4G11800	-0.00779483150783595
AT3G27530	-0.00779471561886095
AT2G24710	-0.00779465679741453
AT1G80360	-0.00779430690482961
AT5G07970	-0.00779427549448507
AT3G59810	-0.00779422668612161
AT5G15080	-0.0077942054592967
AT2G35930	-0.00779395330108334
AT4G22380	-0.00779306805177808
AT2G20420	-0.00779221164954136
AT5G26780	-0.00779220434529301
AT2G44040	-0.00779202706097154
AT4G03250	-0.00779156915408187
AT2G41500	-0.0077915528718752
AT4G31354	-0.00779135767027984
AT1G11420	-0.00779114106492261
AT5G56930	-0.00779095803377126
AT5G07290	-0.00779048345028634
AT4G26310	-0.00779032448390545
AT1G26760	-0.00778997627838597
AT5G66570	-0.00778972600325605
AT1G77600	-0.00778953512186122
AT2G18245	-0.0077887437247685
AT5G53760	-0.00778831611508067
AT5G13310	-0.00778807595743966
AT5G08390	-0.00778805446361731
AT1G66920	-0.00778804112653656
AT3G63140	-0.00778762751767417
AT5G05730	-0.00778757608214375
AT5G43580	-0.00778737694715975
AT3G18760	-0.00778726187974499
AT3G42180	-0.00778699443856573
AT3G09150	-0.00778652828721532
AT3G53630	-0.00778625684006643
AT2G46370	-0.00778623612600771
AT3G09300	-0.00778614683025804
AT2G43420	-0.00778608965607604
AT3G63500	-0.00778566210321416
AT4G28910	-0.00778547977153059
AT1G66970	-0.0077850964089847
AT5G10020	-0.00778508276653232
AT3G49630	-0.00778473212726803
AT4G00720	-0.00778451428026179
AT1G77000	-0.00778421099903863
AT5G13810	-0.00778379623381984
AT3G18440	-0.00778360055931356
AT4G11150	-0.00778352071192771
AT1G05170	-0.007782649605216
AT3G27120	-0.0077825533648534
AT2G33840	-0.00778238957146274
AT1G51540	-0.00778218529721961
AT4G03010	-0.00778178868543535
AT3G55480	-0.00778089901353129
AT1G22060	-0.0077800964072737
AT1G52760	-0.00777930789763573
AT2G01940	-0.00777928725442069
AT4G35860	-0.00777899170035082
AT3G20910	-0.00777839880143248
AT5G12260	-0.00777826746100582
AT1G51800	-0.00777789697924063
AT4G00525	-0.00777779357896461
AT1G05160	-0.00777709431431353
AT5G19000	-0.0077769690702601
AT5G12310	-0.00777669851040363
AT1G78380	-0.00777662323681563
AT5G35430	-0.00777635069148219
AT1G27435	-0.00777595851215133
AT1G80530	-0.00777573963868929
AT3G02060	-0.00777554892630696
AT5G63980	-0.00777515135637502
AT3G07100	-0.00777489039260745
AT1G77740	-0.00777464976080101
AT1G36160	-0.00777445556567338
AT5G07400	-0.00777443753527601
AT1G21920	-0.00777413307214491
AT1G47260	-0.00777390448362283
AT5G54830	-0.00777276219546662
AT5G22770	-0.00777270118899457
AT5G17900	-0.00777269719401976
AT5G49430	-0.00777260402047816
AT5G27820	-0.00777231465747848
AT5G65200	-0.00777228814190067
AT1G09620	-0.00777225805431343
AT1G80770	-0.007772240137175
AT5G50450	-0.00777182721212299
AT3G42170	-0.00777173016334286
AT2G28800	-0.00777148266033759
AT5G16790	-0.00777114956747196
AT5G63050	-0.00777101733651272
AT3G08650	-0.00777032127441872
AT3G18380	-0.0077702934913595
AT2G38770	-0.00777026445988839
AT5G07110	-0.00776996167248162
AT4G17260	-0.00776981020462236
AT5G57460	-0.00776964072617178
AT1G05065	-0.00776954617641436
AT2G47690	-0.00776909626585756
AT4G28710	-0.00776843836441157
AT5G16310	-0.00776825368300975
AT5G49810	-0.00776801602764734
AT1G74260	-0.00776768211979571
AT3G51650	-0.0077669994709118
AT1G62630	-0.00776654171422109
AT1G19370	-0.00776652117064475
AT5G13160	-0.00776637942680493
AT4G11600	-0.00776622078584883
AT4G14540	-0.00776621033972866
AT4G21650	-0.00776554911845649
AT3G61220	-0.00776541860128965
AT1G71260	-0.00776496909629421
AT4G36080	-0.00776476004562902
AT1G71350	-0.00776466208441322
AT5G18820	-0.00776451212952126
AT4G31770	-0.00776396797712794
AT1G20580	-0.00776394475020531
AT2G20850	-0.00776350529081828
AT4G00440	-0.00776284237661374
AT3G53950	-0.00776277816659307
AT3G05280	-0.0077627707851159
AT3G04460	-0.00776245035095898
AT3G61270	-0.00776235082402588
AT3G58750	-0.00776207591128645
AT3G16480	-0.00776198458509248
AT1G23850	-0.00776170102302732
AT1G76300	-0.00776116173309953
AT3G06500	-0.00776088352086789
AT1G12320	-0.00776060061274088
AT5G16400	-0.00776017075761324
AT5G25380	-0.00776014037857401
AT1G23800	-0.00775994904857143
AT5G26340	-0.00775988088125638
AT5G26710	-0.00775975424074505
AT3G54760	-0.00775963816381699
AT4G29380	-0.00775901795430994
AT4G22666	-0.00775893458681425
AT2G35100	-0.00775814816389283
AT1G23120	-0.00775795534495717
AT1G53320	-0.00775784456905461
AT2G21140	-0.00775782727824141
AT5G10540	-0.00775775489511571
AT2G18980	-0.00775771966627242
AT4G27740	-0.00775730330140765
AT3G01090	-0.00775730255439282
AT2G10950	-0.0077571467791842
AT3G19130	-0.00775709383899796
AT4G39080	-0.0077570229876232
AT1G16840	-0.00775670477913707
AT2G40770	-0.00775625095483152
AT4G15290	-0.00775617678632577
AT1G34190	-0.00775610973622602
AT3G51490	-0.00775603732990378
AT1G79540	-0.00775570157838674
AT4G29840	-0.00775557710906202
AT1G56560	-0.00775521817265315
AT2G04780	-0.00775509348628478
AT1G68590	-0.00775502639473323
AT5G39730	-0.00775472482846273
AT2G20990	-0.00775464095592912
AT5G63790	-0.00775429474814276
AT5G25220	-0.00775406006676659
AT1G67090	-0.00775341930396684
AT4G19020	-0.0077534187011041
AT3G16420	-0.00775334699617848
AT5G12330	-0.00775245264129786
AT3G26040	-0.00775238804878064
AT4G19060	-0.00775193902766028
AT3G16785	-0.00775185992064669
AT2G28830	-0.00775169487176007
AT2G18150	-0.00775143254507799
AT1G13020	-0.00775108512900447
AT1G29980	-0.00775052637168705
AT5G19290	-0.00775029697621431
AT2G47890	-0.00775026302240455
AT3G01130	-0.00775010570636377
AT5G21970	-0.00774960883793584
AT2G28710	-0.00774948686022992
AT5G60890	-0.00774938100478041
AT2G33360	-0.00774931572070416
AT3G61490	-0.00774920603878633
AT1G24267	-0.0077489224977125
AT1G54320	-0.00774861633575553
AT1G54080	-0.00774795840129591
AT3G21070	-0.00774748091980378
AT5G25620	-0.00774744030605385
AT1G70300	-0.00774732766732647
AT5G23860	-0.00774708069300768
AT3G07570	-0.00774679449584978
AT1G71210	-0.0077464519673275
AT2G44450	-0.00774592877421319
AT1G26660	-0.00774554614694575
AT5G64813	-0.00774539720618018
AT2G01170	-0.0077450444232962
AT5G52550	-0.00774455626127099
AT1G65280	-0.00774438927592786
AT3G59420	-0.00774385717305196
AT5G38320	-0.00774385142851293
AT1G51850	-0.00774375642649463
AT4G39330	-0.00774338578095088
AT4G24200	-0.00774326788951463
AT5G60620	-0.00774295816183089
AT4G13040	-0.00774278246983474
AT4G38430	-0.0077419027428668
AT4G24400	-0.00774164302838622
AT3G23325	-0.00774140557460036
AT5G42480	-0.00774137898622853
AT1G60780	-0.0077408512335082
AT3G45630	-0.00774055650385098
AT2G20760	-0.0077400568644706
AT3G29670	-0.00773946874976219
AT5G47730	-0.00773939226785778
AT1G33490	-0.00773913119544961
AT2G47530	-0.00773901561276393
AT2G03730	-0.00773888202004788
AT1G75680	-0.00773862516085309
AT2G17260	-0.0077383630433138
AT4G29810	-0.0077381686928489
AT5G58290	-0.00773816504585448
AT5G19680	-0.0077380717351268
AT2G17110	-0.00773791613206994
AT1G15890	-0.0077377459461615
AT1G75960	-0.00773761290320407
AT2G44410	-0.00773760034606262
AT1G68010	-0.00773744126635526
AT4G37640	-0.00773671927423604
AT2G39570	-0.00773615467113281
AT5G13360	-0.00773595444500394
AT4G24180	-0.00773528438548668
AT3G61590	-0.00773498781573114
AT3G16530	-0.00773470535377498
AT1G51740	-0.00773446708706787
AT1G55325	-0.00773428483983937
AT1G64880	-0.00773410840151368
AT3G04740	-0.00773407075055244
AT1G13830	-0.00773401800383931
AT4G13360	-0.00773391825410358
AT5G53580	-0.00773368762055826
AT3G03070	-0.00773342599950043
AT1G60030	-0.00773328756075072
AT1G69030	-0.00773274944252146
AT5G22130	-0.00773195247179266
AT4G39940	-0.00773188120856512
AT4G19860	-0.00773167507616137
AT3G63490	-0.00773141066789653
AT3G06710	-0.00773112109902237
AT5G58340	-0.00773090213113599
AT2G30150	-0.00773053974821649
AT1G04860	-0.00773052981992755
AT5G58410	-0.0077304708433551
AT2G21340	-0.00773034578132536
AT4G04020	-0.00772907563646967
AT4G37000	-0.00772898945091153
AT2G26650	-0.00772831216415466
AT2G17500	-0.00772802113950032
AT3G22590	-0.00772759955451942
AT3G54470	-0.00772738136732315
AT5G48020	-0.00772717034342237
AT4G12730	-0.00772625847889139
AT1G07910	-0.00772619024308146
AT5G57410	-0.00772567808833036
AT4G35240	-0.00772453039524407
AT3G08580	-0.00772420768027356
AT3G51390	-0.00772419530248621
AT1G47530	-0.00772388343640181
AT5G03730	-0.00772388050518684
AT5G04740	-0.00772355327479057
AT3G12520	-0.0077232857649542
AT2G24190	-0.0077223361370582
AT5G26740	-0.00772231513315518
AT5G47620	-0.0077220172542576
AT4G26000	-0.00772195881368121
AT3G27090	-0.00772187359947613
AT3G63180	-0.00772168153210855
AT5G47050	-0.00772167220246534
AT5G25910	-0.00772125584738514
AT1G43170	-0.00772114195958563
AT2G19240	-0.00772106162316462
AT2G30080	-0.00772094255516108
AT1G13800	-0.00772093569570131
AT2G32760	-0.00772083747205129
AT4G25670	-0.00772055200362463
AT3G51780	-0.00772002784114988
AT5G14530	-0.00771984649905545
AT4G25340	-0.00771978027189569
AT5G66200	-0.00771973740885164
AT5G13780	-0.00771939893318799
AT5G47880	-0.00771937829095573
AT4G26370	-0.00771906401071427
AT4G24265	-0.00771900697444027
AT5G66140	-0.00771895870687158
AT1G18580	-0.0077189147793949
AT3G60480	-0.00771862644367826
AT5G61510	-0.00771850852237032
AT2G46800	-0.00771819500798783
AT5G15880	-0.00771788539435063
AT4G33210	-0.00771781822639325
AT5G18440	-0.00771758703192854
AT1G79720	-0.00771680995379845
AT3G23310	-0.00771651934526106
AT3G25150	-0.00771579553154791
AT1G28340	-0.00771556743519776
AT5G50960	-0.00771552041943289
AT1G17840	-0.00771474960767645
AT2G31260	-0.00771474023099855
AT4G02100	-0.00771436329303659
AT5G03560	-0.00771407633202399
AT5G14070	-0.00771394511228302
AT5G23670	-0.00771393886946823
AT1G68660	-0.00771388119476998
AT2G35720	-0.00771369299202773
AT4G13370	-0.00771348338784237
AT1G73850	-0.00771317461823682
AT4G24530	-0.00771312874085714
AT1G19580	-0.00771299091096368
AT3G18310	-0.00771294634099298
AT4G31070	-0.00771289652162885
AT3G02880	-0.00771195152740029
AT3G24240	-0.00771106123555642
AT5G62790	-0.00771064881530287
AT5G43320	-0.00771041692003679
AT2G31890	-0.00771039192136079
AT4G12250	-0.00770931745516973
AT3G23690	-0.00770911237910565
AT4G16150	-0.00770907171778925
AT2G26910	-0.00770825342383095
AT2G41350	-0.00770797393079128
AT2G20630	-0.00770762093448156
AT5G14260	-0.00770736656175002
AT1G68200	-0.00770668390466269
AT2G31280	-0.00770650208205699
AT5G06150	-0.00770618704469471
AT4G20235	-0.00770618698310287
AT4G36870	-0.00770612980234801
AT3G62770	-0.00770595571478912
AT3G17380	-0.00770592732329511
AT5G64010	-0.00770533723280885
AT5G01590	-0.00770530046724165
AT5G56360	-0.00770476477880241
AT1G05380	-0.00770463213267432
AT3G02780	-0.00770453891655048
AT3G20000	-0.00770453494132939
AT5G23660	-0.00770349327313868
AT1G11790	-0.00770292577531414
AT2G31240	-0.00770279770041442
AT1G65000	-0.00770272698027351
AT3G29034	-0.0077018371187006
AT1G22730	-0.00770130740034683
AT5G17510	-0.00770082342118805
AT2G27820	-0.00770046460147753
AT4G37280	-0.00770034176698145
AT4G25720	-0.00770029841137
AT5G47560	-0.00769988559997711
AT5G08060	-0.00769988316616318
AT1G64460	-0.00769976809891396
AT5G19510	-0.00769948389133435
AT5G53890	-0.00769944490500069
AT4G24330	-0.00769870532219529
AT4G18570	-0.0076982889341668
AT3G29200	-0.00769808497088979
AT1G18160	-0.00769719618711596
AT3G17970	-0.0076971767737261
AT1G63810	-0.00769714386977254
AT5G48610	-0.0076966545743961
AT3G17860	-0.00769662087043911
AT4G09830	-0.00769640018710387
AT1G07280	-0.00769635546339464
AT3G12570	-0.00769617328398281
AT1G10130	-0.00769614105331823
AT2G21230	-0.00769585778163167
AT5G59430	-0.00769577514089965
AT3G21090	-0.00769497024956585
AT5G11440	-0.0076947804440248
AT1G72700	-0.00769468994143713
AT1G05805	-0.00769442287802876
AT1G48370	-0.00769396728454874
AT1G04200	-0.00769393545550674
AT3G06050	-0.00769379730477065
AT4G05410	-0.00769373270043563
AT1G27840	-0.00769342678038445
AT1G63470	-0.00769341343892809
AT3G57220	-0.00769336376303653
AT5G10820	-0.00769321856284128
AT4G13495	-0.00769288821403065
AT5G52830	-0.00769285401161145
AT2G32720	-0.00769267846512085
AT5G57660	-0.00769253853682397
AT1G02900	-0.00769238829683759
AT5G40770	-0.00769157910071037
AT1G14980	-0.00769142165297426
AT2G38440	-0.00769097935342908
AT2G38960	-0.00769088671117938
AT1G74690	-0.00769045149775578
AT3G19640	-0.00768896002461784
AT5G01330	-0.00768812498129717
AT4G11740	-0.00768804010000233
AT4G17340	-0.00768770940719009
AT4G03090	-0.00768740598593898
AT3G13940	-0.00768728546326152
AT1G01080	-0.00768724717017015
AT2G01913	-0.00768699983187027
AT5G22880	-0.00768667521809472
AT4G15470	-0.00768664214249058
AT2G36210	-0.00768564866008208
AT1G23100	-0.00768523895899901
AT5G67150	-0.00768465116856553
AT1G73380	-0.00768417292759931
AT3G24495	-0.00768356300708394
AT2G46450	-0.00768261270963926
AT3G14400	-0.00768192450018325
AT1G32260	-0.00768172888763109
AT5G15870	-0.00768150795718435
AT3G46530	-0.00767960313228762
AT2G18370	-0.00767893707542496
AT1G21650	-0.0076776634233591
AT1G32120	-0.00767741126180723
AT4G19140	-0.00767733870325509
AT5G20610	-0.00767681388279067
AT5G53340	-0.0076762862016302
AT5G41770	-0.00767621341919597
AT3G22970	-0.00767608282874773
AT3G09820	-0.00767592991481511
AT1G48950	-0.00767586014104391
AT5G59690	-0.00767560165866878
AT2G18290	-0.00767535149311702
AT5G42300	-0.0076748341036714
AT5G02280	-0.00767463873799233
AT1G76050	-0.00767452413897323
AT3G32930	-0.00767439756803645
AT2G34780	-0.00767431956159831
AT5G16720	-0.00767426503849621
AT5G16840	-0.00767413748512759
AT3G52290	-0.00767383403881746
AT1G75230	-0.00767382315115527
AT3G10380	-0.00767297539695378
AT3G26210	-0.00767288998316629
AT2G33435	-0.00767258153693522
AT1G06190	-0.00767248413505164
AT4G29660	-0.00767148045045119
AT4G10630	-0.00767134326989428
AT1G04840	-0.0076702723402305
AT2G42320	-0.00767007990629014
AT5G05560	-0.00767005278341261
AT1G24706	-0.00767004012761745
AT1G12680	-0.00766918962849299
AT3G28650	-0.00766879377108365
AT3G02950	-0.0076683614918312
AT3G54100	-0.00766801891736287
AT1G77260	-0.00766776185778191
AT1G19180	-0.00766716399654213
AT3G56510	-0.00766692799882314
AT1G68910	-0.00766689718132232
AT1G04190	-0.00766624063573741
AT1G34300	-0.00766612227297366
AT3G27230	-0.00766608998725705
AT1G23870	-0.00766595702460211
AT5G55310	-0.00766576116062125
AT1G14710	-0.00766530660269928
AT3G27300	-0.00766485321282322
AT3G19840	-0.00766484617110152
AT2G19090	-0.00766413248624352
AT3G58110	-0.00766396458130007
AT3G25530	-0.00766375485160364
AT2G33580	-0.00766351495079042
AT1G53470	-0.00766311423036135
AT2G40610	-0.00766306501744005
AT3G02850	-0.00766221919353218
AT5G55820	-0.00766206694491489
AT5G43040	-0.00766190148615638
AT1G12850	-0.00766186444408735
AT4G34240	-0.00766166055910429
AT4G29480	-0.00766148701729993
AT3G53410	-0.00766144297158383
AT1G13910	-0.00766138580736545
AT4G22990	-0.00766103718884011
AT4G26970	-0.00766091597266585
AT3G01290	-0.00766082702265482
AT1G72830	-0.00766025762962267
AT1G07630	-0.00766024903801733
AT4G39050	-0.00766014294080667
AT4G07400	-0.00766003095157945
AT1G33520	-0.0076593301453416
AT3G53490	-0.00765924670398793
AT4G00270	-0.00765899207159691
AT1G02110	-0.00765851978116471
AT3G14140	-0.00765811935755723
AT1G62085	-0.00765753877946333
AT5G36250	-0.00765753871281354
AT2G30950	-0.00765686239775138
AT5G48180	-0.00765666660712153
AT1G56050	-0.00765645250109728
AT5G04320	-0.00765616435420057
AT1G08960	-0.00765613572538653
AT3G19870	-0.00765600265078598
AT1G45170	-0.00765570750104775
AT3G52990	-0.00765558832818413
AT2G24400	-0.00765506843434467
AT1G02090	-0.00765450037173317
AT5G14800	-0.00765430654391791
AT1G25440	-0.00765423833969817
AT4G02010	-0.007654161478259
AT2G19650	-0.0076532678356916
AT5G19740	-0.00765318586676349
AT1G68520	-0.00765297148845473
AT5G51120	-0.00765284676204612
AT5G54290	-0.0076525615561683
AT4G15080	-0.00765247061772416
AT2G37160	-0.00765223536043611
AT5G56190	-0.00765176374331413
AT1G21670	-0.00765144594726339
AT2G27760	-0.00765100909735274
AT3G27430	-0.00765046548900401
AT5G51390	-0.00765040804135048
AT1G51790	-0.0076502226457481
AT5G43010	-0.00765012948706337
AT1G04730	-0.00765008463363778
AT2G17720	-0.00765004250722836
AT1G72300	-0.0076500283067487
AT5G17310	-0.0076499737416518
AT5G57020	-0.00764936261425149
AT1G28350	-0.00764907616841187
AT4G12290	-0.00764879599262671
AT1G45231	-0.00764832360574873
AT1G45688	-0.00764783065141469
AT3G15380	-0.00764775052259355
AT3G48670	-0.00764759107101579
AT2G45790	-0.00764750572446848
AT1G10850	-0.00764718168776056
AT3G02520	-0.00764691698564569
AT1G29170	-0.00764660214867089
AT2G20010	-0.00764640712442874
AT4G12610	-0.00764636208493129
AT1G02810	-0.00764591155009585
AT1G69490	-0.00764576912840626
AT4G28610	-0.0076457622395379
AT4G18810	-0.00764574399578892
AT5G23400	-0.00764563509696855
AT5G01800	-0.00764554782744342
AT1G70770	-0.00764509401310797
AT2G32580	-0.00764500440905823
AT1G27770	-0.00764443666434399
AT5G47750	-0.00764439366762028
AT1G09570	-0.00764385824475444
AT1G13810	-0.00764383852686671
AT3G62210	-0.00764363715822634
AT1G08770	-0.00764347972840452
AT5G38470	-0.00764298622541199
AT2G03120	-0.00764286923431015
AT5G18950	-0.0076426894444698
AT5G13030	-0.00764263279269486
AT5G37010	-0.00764247859081507
AT5G15720	-0.00764202403740529
AT5G67380	-0.00764193167570997
AT1G01350	-0.00764189659082886
AT1G53350	-0.0076414937828512
AT1G54290	-0.00764147370224712
AT4G18820	-0.00764138402934021
AT2G46290	-0.00764115372992013
AT4G13180	-0.0076408614936334
AT4G34100	-0.00764067391794228
AT5G61240	-0.00764015074744719
AT4G12570	-0.00763988929394732
AT4G16650	-0.00763984848252837
AT1G80350	-0.00763973710042738
AT5G57830	-0.00763953363431144
AT1G18260	-0.00763913721702001
AT4G31200	-0.0076391197305582
AT4G29880	-0.00763784485464661
AT1G52520	-0.00763779489897632
AT5G04920	-0.00763764490724352
AT1G22920	-0.00763759052851506
AT3G14600	-0.0076372056502973
AT5G52930	-0.0076371220336323
AT4G25100	-0.00763628608951524
AT5G08720	-0.00763616425924149
AT5G39610	-0.00763594504065293
AT1G56070	-0.00763536162563692
AT1G56340	-0.00763483802107136
AT2G42230	-0.00763483644174883
AT5G56000	-0.00763481270798183
AT3G22150	-0.00763468170918303
AT1G18620	-0.00763453580017468
AT3G13690	-0.00763410546138505
AT5G64740	-0.00763388478187102
AT1G59960	-0.00763333163655515
AT1G25570	-0.00763325577705336
AT5G16590	-0.0076326794800824
AT1G47600	-0.00763265514842696
AT5G20140	-0.00763137003780974
AT1G30820	-0.00763058711860795
AT3G63170	-0.00763044012681039
AT1G56460	-0.00762962957930604
AT1G05055	-0.00762954386913246
AT5G18480	-0.00762952900651683
AT1G16330	-0.00762907762952482
AT1G27695	-0.00762894367970586
AT1G03680	-0.00762878125685548
AT3G46110	-0.00762873429247507
AT4G04920	-0.00762856628146939
AT1G61570	-0.00762855182936344
AT1G03900	-0.00762812649899758
AT3G54180	-0.00762809898411506
AT5G50720	-0.00762793162035689
AT4G26455	-0.00762790995642203
AT4G32690	-0.0076273698379095
AT1G67660	-0.00762729586798086
AT4G36210	-0.00762726120708644
AT5G58510	-0.0076271385079141
AT4G23770	-0.00762695428012433
AT1G58250	-0.00762681452395046
AT2G27170	-0.00762679839780343
AT3G52200	-0.00762665783816364
AT3G28670	-0.00762660421533929
AT1G48000	-0.00762651875407959
AT3G05090	-0.00762641340371015
AT1G47420	-0.00762557350910543
AT4G13670	-0.00762523898368056
AT3G63300	-0.00762511432730316
AT1G14910	-0.0076250391597594
AT1G53140	-0.00762469123085497
AT4G16180	-0.00762417974817311
AT3G14610	-0.00762389423190361
AT1G71110	-0.00762370423387851
AT1G54610	-0.00762274356850534
AT5G62000	-0.00762269488723159
AT5G46920	-0.00762246967362455
AT3G04820	-0.00762243745711193
AT2G25870	-0.00762197764482486
AT4G16143	-0.00762173411163951
AT3G14000	-0.00762120204588633
AT4G03190	-0.00762111677884966
AT4G08940	-0.00762100442096528
AT5G19875	-0.00762053928578929
AT4G23240	-0.00762049185429338
AT1G74950	-0.00762046134286577
AT5G14940	-0.00762043652895887
AT1G74280	-0.00762008308459735
AT3G12145	-0.00762004764983193
AT4G36650	-0.00762002735347933
AT5G57685	-0.00761973998202798
AT5G20050	-0.00761877053214358
AT5G67630	-0.0076186374863679
AT1G03380	-0.007618591145336
AT4G27880	-0.00761733979764108
AT1G14690	-0.00761698337761879
AT4G02340	-0.00761676086800749
AT1G04680	-0.00761641491874049
AT1G63010	-0.0076160249762967
AT2G41550	-0.00761596230336328
AT3G61240	-0.00761567303285855
AT5G19800	-0.00761550344792118
AT1G74470	-0.00761545651262887
AT2G33180	-0.00761534070103792
AT5G17790	-0.00761487294932126
AT5G19280	-0.00761476993069231
AT1G04910	-0.00761447108495338
AT4G22550	-0.00761425645585937
AT4G35520	-0.00761416083509391
AT1G18500	-0.00761411725245577
AT2G34840	-0.00761395916571867
AT1G05500	-0.00761392268084052
AT5G20620	-0.00761374628072058
AT1G43700	-0.00761351356320361
AT3G08040	-0.00761335151532234
AT3G51230	-0.00761332536097695
AT3G12940	-0.00761328492799482
AT5G66100	-0.00761307670926107
AT5G13820	-0.00761279470573347
AT3G15990	-0.00761241284356835
AT3G54540	-0.00761224706683167
AT4G28500	-0.00761183069742394
AT5G14285	-0.00761182076732387
AT1G09280	-0.0076106682566281
AT1G78280	-0.00761026583532502
AT3G55070	-0.00760984880291787
AT5G20350	-0.00760983083774978
AT1G51630	-0.00760978808689089
AT2G20560	-0.00760930656726253
AT1G05770	-0.00760915515695946
AT1G03600	-0.00760863576538111
AT5G08120	-0.00760855251561099
AT1G21500	-0.00760800873025735
AT4G20090	-0.00760778330260422
AT1G48770	-0.0076077088267464
AT2G41120	-0.00760693667617604
AT3G05060	-0.00760692186633504
AT3G55430	-0.00760687809167923
AT5G13660	-0.00760618910174755
AT1G54500	-0.0076059960993398
AT2G27035	-0.00760550303812735
AT5G25630	-0.00760509078987495
AT5G08000	-0.0076045468458218
AT5G20900	-0.00760449264935078
AT3G15250	-0.0076043771638276
AT5G05170	-0.0076039325765747
AT3G26618	-0.00760365596497912
AT5G16420	-0.00760365212393859
AT4G31340	-0.007603215222413
AT1G71710	-0.00760304583404174
AT5G16040	-0.00760190993819489
AT4G30560	-0.00760125017743175
AT2G42030	-0.00760065727274544
AT5G60410	-0.00760008187616207
AT3G13460	-0.00759984078291166
AT1G14150	-0.00759971527606341
AT5G35370	-0.00759906980138467
AT4G35920	-0.00759894274871479
AT3G18420	-0.00759886656717685
AT2G24970	-0.00759854999615444
AT1G30040	-0.00759829809667121
AT4G38780	-0.00759754736863699
AT5G24690	-0.0075971069973107
AT2G48090	-0.00759683322834711
AT1G73730	-0.00759656105192108
AT3G24840	-0.00759645889014714
AT4G35250	-0.00759554320837982
AT5G24650	-0.00759499270164651
AT2G30942	-0.00759486940710415
AT4G00630	-0.00759461860087308
AT1G27210	-0.00759399229473305
AT2G14720	-0.00759358775214992
AT4G35850	-0.00759319525073837
AT5G05710	-0.00759181033247057
AT2G37680	-0.00759169353097872
AT3G19590	-0.00759145727809536
AT2G04842	-0.007591449610607
AT1G48450	-0.00759123595274002
AT5G04000	-0.00759123047516573
AT5G13840	-0.00759104387117653
AT3G45870	-0.00759102566628823
AT5G45520	-0.00759086288916141
AT5G22000	-0.00759061348695486
AT1G49520	-0.00759036574115181
AT3G46940	-0.00759025529565307
AT3G59770	-0.00759013344895141
AT5G55130	-0.00759011994935743
AT2G14890	-0.00758988323534199
AT4G19210	-0.00758984780221041
AT1G26150	-0.00758937011166418
AT1G71900	-0.0075886821761592
AT2G13290	-0.0075882220694081
AT3G63520	-0.00758821281778741
AT3G48160	-0.00758782253353615
AT3G07680	-0.00758754127721743
AT1G10650	-0.00758707754513399
AT3G18170	-0.00758698121758952
AT2G24500	-0.00758645027999828
AT4G19120	-0.00758632454667244
AT5G02560	-0.00758613433751057
AT5G05780	-0.00758583541461023
AT5G42080	-0.00758556989284547
AT3G50760	-0.00758552877561121
AT1G67140	-0.00758550370426489
AT4G21430	-0.00758550338106837
AT5G11060	-0.00758534609105824
AT4G14220	-0.00758528504219147
AT5G05440	-0.00758511691091469
AT2G43350	-0.00758510447632488
AT5G11670	-0.00758506918390767
AT2G32040	-0.00758498898326456
AT5G19080	-0.00758481126279132
AT4G33200	-0.00758470135304019
AT5G50120	-0.00758443507184334
AT3G02570	-0.00758427436614745
AT3G17470	-0.00758425253779938
AT3G05130	-0.00758420682958751
AT1G16870	-0.00758362559716968
AT5G16120	-0.0075834483677468
AT2G35490	-0.00758342609011654
AT5G12470	-0.00758327832221845
AT5G63870	-0.00758313594473828
AT5G60950	-0.0075826300691051
AT1G17550	-0.00758260338762954
AT1G13670	-0.00758216240171288
AT1G80150	-0.00758207133175738
AT2G35540	-0.00758197386485185
AT1G33170	-0.00758173494901149
AT2G22870	-0.00758138309770904
AT1G05420	-0.0075811799287957
AT1G21880	-0.00758063458610172
AT3G08947	-0.00758040351293708
AT3G56200	-0.00758006745320899
AT4G25810	-0.00757998624097434
AT5G26600	-0.00757962339565294
AT5G35840	-0.00757936229327274
AT5G16390	-0.0075792335385014
AT1G28050	-0.0075788924277084
AT1G15910	-0.00757883776407929
AT2G36970	-0.00757876870693462
AT5G15090	-0.00757863149909144
AT1G32580	-0.00757829686758457
AT2G47700	-0.0075779340718232
AT3G43520	-0.00757775167145303
AT5G55260	-0.00757732644307676
AT4G34110	-0.00757713881793273
AT5G64690	-0.00757690335157839
AT2G33340	-0.00757674394680577
AT5G41280	-0.00757669848225608
AT1G17580	-0.00757659172743759
AT5G60170	-0.00757658326301399
AT2G28950	-0.00757640321340313
AT5G54850	-0.00757616665832461
AT4G04710	0.00757615752405596
AT4G03550	-0.00757598470381738
AT3G47980	-0.00757570955341617
AT3G54900	-0.00757568186723375
AT5G52060	-0.0075755170676085
AT3G25230	-0.00757511212362986
AT3G48490	-0.00757482047680028
AT5G38460	-0.00757477864931078
AT1G68050	-0.00757474926286005
AT3G17450	-0.00757397886232099
AT3G62590	-0.00757397032885814
AT3G05410	-0.00757336643897812
AT1G68230	-0.00757294453312582
AT3G52250	-0.00757196529967946
AT1G30290	-0.00757156559790919
AT1G71760	-0.00757117267365156
AT2G04400	-0.007570978038373
AT5G04490	-0.00757076331184923
AT2G05380	-0.00757037007433738
AT3G09700	-0.00757018383189359
AT5G64220	-0.00756969278133642
AT2G44980	-0.00756964491358355
AT5G64140	-0.00756837849769351
AT2G13440	-0.00756824087472458
AT1G73970	-0.00756791331170659
AT5G13950	-0.00756788153272985
AT2G46780	-0.00756783895107536
AT1G13730	-0.00756758681018716
AT1G18440	-0.00756742723784133
AT1G80555	0.0075673747572249
AT1G04900	-0.00756678641005525
AT3G50960	-0.00756653076085688
AT3G06490	-0.00756624020280946
AT1G19835	-0.00756603261541083
AT4G13020	-0.00756582084940227
AT1G70200	-0.00756556087196778
AT5G38830	-0.00756535767906171
AT3G04470	-0.00756517466665317
AT2G30780	-0.00756488562790924
AT5G18550	-0.00756478342879279
AT1G76080	-0.00756454738437874
AT1G69360	-0.00756420144023795
AT5G15020	-0.00756418920238398
AT1G42970	-0.00756403436766641
AT1G59990	-0.00756379735710858
AT1G18040	-0.00756336558755624
AT5G09870	-0.00756323180678695
AT4G38760	-0.00756321181656837
AT2G35840	-0.007563103468048
AT1G61960	-0.00756267860741317
AT5G39740	-0.00756250964114976
AT3G55660	-0.00756248859558931
AT4G16480	-0.00756225382727393
AT1G11190	-0.00756193338689826
AT2G29660	-0.00756191127051705
AT1G75560	-0.00756111230837938
AT4G01070	-0.00756102179755858
AT4G18020	-0.0075608178959766
AT1G06780	-0.00756055006117888
AT3G58590	-0.00756021036040741
AT1G56180	-0.00755979404212468
AT4G29230	-0.00755978363411766
AT2G01640	-0.00755970277940989
AT1G70660	-0.00755936477998183
AT4G38420	-0.00755924859625332
AT3G17000	-0.00755911100847436
AT3G53930	-0.00755884380590376
AT4G10930	-0.00755867021304398
AT4G09040	-0.00755815319799669
AT3G17750	-0.00755815080468755
AT1G19110	-0.00755813432097539
AT1G53635	-0.00755676301840475
AT4G16270	-0.00755664890744088
AT5G45420	-0.00755631077395689
AT5G64960	-0.00755607158718965
AT5G65560	-0.00755584757584891
AT1G06760	-0.00755566611199713
AT2G39725	-0.00755504817457231
AT2G15690	-0.0075549429279466
AT3G09200	-0.00755479833875589
AT2G34970	-0.0075546002953484
AT4G26960	-0.00755445102632381
AT5G44230	-0.00755368789747313
AT4G33565	-0.0075527466476351
AT5G56130	-0.00755255417102875
AT3G02180	-0.00755117055693106
AT1G10522	-0.0075511435914649
AT5G04420	-0.00755106175491915
AT5G52560	-0.00755106004050794
AT2G19490	-0.00755087025081269
AT4G11380	-0.00755068865661245
AT5G43820	-0.00755041812263467
AT2G03340	-0.00754998208630696
AT2G34640	-0.00754944218813424
AT4G23070	-0.00754936543361584
AT3G11950	-0.00754926200876
AT1G59760	-0.00754825158823337
AT2G22490	-0.00754750408803741
AT4G35130	-0.0075473176062851
AT4G30950	-0.00754721441745588
AT1G04310	-0.00754692271378044
AT1G49720	-0.00754652213659247
AT1G50500	-0.00754589834481148
AT4G33460	-0.00754531092886329
AT5G21920	-0.00754416764676966
AT4G00740	-0.00754406596901643
AT1G79260	-0.00754393920123524
AT1G31360	-0.00754383156505024
AT3G09162	-0.00754375982731687
AT2G42010	-0.00754369823284704
AT3G55110	-0.0075430325871926
AT1G17530	-0.00754220773387578
AT2G22270	-0.00754186458351433
AT2G04630	-0.00754169693270751
AT2G37050	-0.00754153973079023
AT2G25910	-0.00754132130758497
AT5G10190	-0.00754093058120948
AT3G61710	-0.00754089498634813
AT4G13493	-0.00754087257723973
AT1G53800	-0.00753978256549589
AT5G11700	-0.00753973222988769
AT1G12090	-0.00753943235888331
AT1G36280	-0.00753927104015768
AT3G09250	-0.00753921704501557
AT3G07780	-0.00753861220008289
AT1G14830	-0.00753848476838145
AT5G67240	-0.00753792442524301
AT4G03200	-0.00753770919185534
AT1G76540	-0.00753758243803422
AT4G29310	-0.00753739349966897
AT1G02140	-0.00753736008388157
AT4G03140	-0.00753730774726161
AT5G46840	-0.00753706386704503
AT5G18850	-0.00753697941484177
AT3G18640	-0.0075368559313276
AT4G29390	-0.00753637972548092
AT2G22310	-0.00753636481200595
AT1G47410	-0.00753616107067594
AT1G54460	-0.00753615472670201
AT5G03450	-0.00753544494039897
AT1G67800	-0.00753530132279716
AT3G09440	-0.00753526799540884
AT5G50320	-0.00753506027740452
AT3G02580	-0.00753486825851272
AT3G03380	-0.00753432935760962
AT3G33530	-0.00753427178714041
AT1G49630	-0.00753426209240301
AT4G28430	-0.0075334639751875
AT4G29110	-0.00753296848490402
AT3G14860	-0.00753277330063276
AT2G28740	-0.00753271740365366
AT5G59160	-0.00753263729854165
AT5G42150	-0.00753259036700081
AT1G61810	-0.00753229807826029
AT3G15353	-0.00753199326948987
AT5G19020	-0.00753165059887266
AT3G18660	-0.00753125982365387
AT5G45620	-0.00753099692622291
AT4G23740	-0.0075308065929597
AT3G61580	-0.00753050635263
AT1G32360	-0.00753009599817322
AT5G47860	-0.00752923778785991
AT5G48070	-0.00752892486582863
AT3G43430	-0.00752876843347346
AT1G17890	-0.00752869772421857
AT1G25220	-0.00752827412486715
AT5G05240	-0.0075279216691298
AT1G16010	-0.00752779792910189
AT3G01440	-0.00752716524463499
AT2G05830	-0.00752712094146099
AT5G62690	-0.00752708902224547
AT1G02170	-0.0075267775728314
AT3G20330	-0.00752609148696582
AT1G53040	-0.00752554992150571
AT2G25530	-0.00752547790530477
AT3G13845	-0.00752521501279224
AT1G77840	-0.00752504449534575
AT3G12750	-0.0075248971394365
AT1G34120	-0.00752480902127551
AT2G21160	-0.00752466899324732
AT1G63170	-0.00752459009721312
AT5G65180	-0.00752405502868534
AT5G02490	-0.00752379504722837
AT4G08350	-0.00752363230474906
AT2G32120	-0.00752358322091741
AT5G06610	-0.00752337063471398
AT5G47440	-0.00752334541013614
AT4G23550	-0.00752331290493101
AT4G34540	-0.00752326590744739
AT1G54030	-0.00752311140558177
AT3G46730	-0.00752286902960763
AT1G71400	-0.00752243136273583
AT2G38700	-0.00752232859863188
AT3G51090	-0.00752211499138617
AT1G11303	-0.00752179319017389
AT1G02130	-0.00752176988941518
AT4G20050	-0.00752138573453986
AT4G36850	-0.00752136879618494
AT5G48450	-0.00752080377091266
AT1G20380	-0.00752030842587482
AT5G17490	-0.00752003401361739
AT2G18520	-0.00751963331278031
AT5G67130	-0.00751921072757787
AT2G42610	-0.00751882247762028
AT2G18220	-0.00751854191357966
AT5G02470	-0.00751820840239382
AT5G50420	-0.00751792409102303
AT4G13170	-0.00751778850381457
AT4G34180	-0.00751775650794298
AT2G39710	-0.007517562048284
AT1G64590	-0.0075172825897415
AT2G40030	-0.00751725831755371
AT3G55440	-0.00751717393635806
AT2G03310	-0.00751671312091782
AT3G47000	-0.00751629107136431
AT2G44230	-0.00751627728932277
AT1G70590	-0.00751625015641144
AT1G29760	-0.00751585736006577
AT1G65920	-0.0075155575733281
AT2G17130	-0.00751541767959529
AT2G45620	-0.0075153321658164
AT5G41560	-0.00751526300417592
AT5G62700	-0.00751505324410936
AT4G36250	-0.00751456919930722
AT1G67850	-0.00751450569825542
AT3G11840	-0.00751442923922313
AT3G32030	-0.00751440404398522
AT4G18040	-0.00751409449198712
AT1G31650	-0.0075140536065945
AT3G15660	-0.00751328883920982
AT1G22275	-0.00751322300360823
AT3G17340	-0.00751313402674323
AT4G17800	-0.00751298647383936
AT1G33560	-0.00751281192397196
AT4G22260	-0.00751269830799961
AT4G39780	-0.00751250536940882
AT2G34430	-0.00751240054612221
AT4G37180	-0.00751187495802589
AT1G11910	-0.00751157357978899
AT2G31660	-0.00751149335498801
AT1G18700	-0.00751117589219588
AT5G61020	-0.00751021637562709
AT1G05010	-0.00750985852540994
AT1G56210	-0.00750976962385339
AT4G37020	-0.00750949665618149
AT5G47360	-0.00750906493692373
AT3G10870	-0.00750883142877028
AT2G46560	-0.00750846376653558
AT4G08290	-0.00750830839830103
AT2G43770	-0.00750814392163402
AT2G36720	-0.00750793330715325
AT1G02780	-0.00750777504244595
AT4G29930	-0.00750747687494756
AT4G28690	-0.00750728037758394
AT5G57920	-0.00750718584004623
AT1G75400	-0.00750710553240184
AT5G04410	-0.00750672164577539
AT5G11810	-0.00750663161364837
AT2G38970	-0.00750608865947491
AT1G47900	-0.00750592650414223
AT4G12650	-0.00750580501740415
AT2G22740	-0.00750573642844876
AT5G07020	-0.00750527233603328
AT4G11850	-0.00750519717572998
AT4G31750	-0.00750469140425942
AT2G15290	-0.00750459418232031
AT1G53430	-0.00750442969043637
AT5G37690	-0.00750440788484958
AT5G26570	-0.00750427616454429
AT3G25100	-0.0075041885604291
AT5G39530	-0.0075041314327509
AT1G73950	-0.00750404603543744
AT3G10140	-0.00750401239443397
AT5G58020	-0.00750385744742455
AT1G75690	-0.00750383551982902
AT3G48340	-0.00750374978130213
AT1G13520	-0.00750362392410344
AT1G76320	-0.00750352743323736
AT5G53900	-0.00750308278684031
AT5G57900	-0.00750296776131378
AT2G47670	-0.00750267341124164
AT5G53540	-0.00750263863118252
AT1G55240	-0.00750241091248538
AT2G40010	-0.00750194990220777
AT1G62400	-0.0075018779275471
AT3G11450	-0.00750184064586783
AT1G04985	-0.00750173262660049
AT3G13490	-0.0075015269721545
AT1G50620	-0.00750111511672024
AT2G28760	-0.0075009781520939
AT5G08710	-0.00750088402978255
AT1G19600	-0.00750054797543845
AT5G64340	-0.0075003389414701
AT5G13570	-0.00750015924705814
AT5G58520	-0.00749969481998278
AT3G12980	-0.00749968173124857
AT3G01350	-0.00749931070240035
AT3G08930	-0.00749897984817714
AT2G18560	-0.00749886198722715
AT5G03870	-0.00749878071356168
AT1G74340	-0.00749843723972719
AT3G01670	-0.0074981176283979
AT2G06520	-0.00749733545233912
AT5G63020	-0.00749733201362372
AT3G13235	-0.00749732100312161
AT1G63160	-0.0074970209244306
AT3G14810	-0.00749649188580363
AT4G22890	-0.00749633108741276
AT4G37460	-0.00749624951823747
AT1G79430	-0.00749609916060443
AT1G36990	-0.00749587402941815
AT1G19000	-0.00749584841002748
AT5G12400	-0.00749583231599068
AT2G04090	-0.0074957478864249
AT3G04680	-0.00749552409898761
AT5G11390	-0.00749540045937362
AT2G16950	-0.007495122445274
AT3G59110	-0.0074950117402337
AT1G48230	-0.00749492726621337
AT1G11870	-0.00749486984214149
AT3G47960	-0.00749479370291745
AT2G47110	-0.00749345344518923
AT1G14350	-0.00749320166927157
AT5G62610	-0.00749222178740228
AT3G12530	-0.00749205235328111
AT5G03100	-0.0074917587491947
AT1G53250	-0.00749172481817418
AT4G01600	-0.00749149032929087
AT1G62830	-0.00749124053337788
AT4G18370	-0.00749106846984851
AT5G10630	-0.00749065079626127
AT5G01960	-0.00749040477018686
AT3G58840	-0.0074900976510769
AT2G26900	-0.00749007414741555
AT4G21710	-0.00748962271153469
AT2G45060	-0.00748943162774924
AT1G68730	-0.00748897372654438
AT4G20400	-0.00748892306762438
AT1G75380	-0.0074888952238894
AT5G16980	-0.00748888562194428
AT3G23450	-0.00748871398296549
AT5G55220	-0.00748842507093921
AT5G35200	-0.00748825481009734
AT1G62480	-0.0074881842612946
AT1G49970	-0.00748770467068288
AT1G61850	-0.00748767771868647
AT5G04260	-0.00748753401589505
AT1G65020	-0.00748723088851586
AT1G18800	-0.00748713101612486
AT4G32830	-0.00748700190406015
AT3G51430	-0.00748652323464352
AT1G80940	-0.00748601959796145
AT5G65460	-0.00748591972300695
AT5G51300	-0.00748586509099383
AT1G16445	-0.00748583670063928
AT2G18120	-0.00748548223133641
AT1G03475	-0.00748539145661268
AT3G06760	-0.007485348184047
AT5G05520	-0.00748522010277395
AT3G59270	-0.00748508942012034
AT4G31460	-0.00748481520719526
AT3G51310	-0.00748479853855681
AT2G31670	-0.00748444786808637
AT2G36400	-0.00748371187413092
AT4G22860	-0.00748368331947318
AT5G65090	-0.00748352693474702
AT3G03580	-0.00748297020944965
AT2G45770	-0.00748259252991372
AT5G42060	-0.00748155008263005
AT5G38530	-0.00748135866535854
AT2G27460	-0.00748133618564159
AT5G25840	-0.0074813061811263
AT1G69290	-0.00748116708565072
AT3G51340	-0.0074810240507909
AT3G45600	-0.00748089719165885
AT1G28395	-0.00748075656013192
AT1G75250	-0.00748026754184741
AT5G05760	-0.00747989696437185
AT1G62914	-0.0074795177317322
AT5G18525	-0.00747943684992708
AT4G38800	-0.00747935731825847
AT3G52280	-0.00747934409435294
AT1G49240	-0.00747891370980111
AT1G50600	-0.00747826214624412
AT1G16390	-0.00747814886363658
AT1G53510	-0.00747806768475516
AT2G19670	-0.0074778336025612
AT2G32950	-0.00747777073918642
AT3G04690	-0.00747749209557197
AT1G79620	-0.00747748013703898
AT2G24940	-0.00747746998676919
AT5G47390	-0.00747726254922312
AT1G69160	-0.00747716256062267
AT5G45140	-0.00747714597185202
AT4G13950	-0.00747701942125105
AT2G14960	-0.00747688926426628
AT5G52430	-0.00747687457870194
AT1G74510	-0.00747575328275081
AT4G22930	-0.00747563640882918
AT5G20200	-0.00747543312582492
AT4G26690	-0.00747505663122798
AT2G28520	-0.00747492741458393
AT3G54950	-0.00747489400000702
AT3G56370	-0.00747444946790212
AT3G06010	-0.00747393803756186
AT4G01940	-0.00747377335888872
AT2G01770	-0.00747294806358616
AT2G01330	-0.00747267425869213
AT2G27350	-0.00747196615874151
AT1G08320	-0.00747184882953993
AT4G38500	-0.00747181696679763
AT5G11720	-0.00747171676529804
AT5G14170	-0.00747073019300809
AT5G58750	-0.00747041879652863
AT5G01920	-0.0074703306481304
AT5G19850	-0.00747033010861536
AT1G14780	-0.00746992548290851
AT3G19280	-0.00746942699541184
AT2G36480	-0.0074686061283237
AT3G54010	-0.00746797056121576
AT2G29730	-0.00746792499435739
AT3G49990	-0.00746723112121588
AT3G48150	-0.0074672030291129
AT5G47690	-0.00746671367123064
AT1G77020	-0.00746658023257392
AT4G32330	-0.00746619023491632
AT2G24250	-0.00746604007444154
AT5G64420	-0.00746595913652202
AT1G07310	-0.00746577287593713
AT4G35940	-0.00746559415255508
AT1G77680	-0.00746558918433746
AT4G18740	-0.00746554196550249
AT2G31865	-0.00746545164353443
AT4G04770	-0.00746524296180381
AT4G07990	-0.00746504866070736
AT5G63630	-0.00746437384811945
AT1G76790	-0.00746354731484991
AT1G67920	-0.00746313931321908
AT3G63390	-0.00746310141798902
AT3G49050	-0.00746308384339292
AT2G16050	-0.00746291373381328
AT2G18750	-0.00746275489264006
AT5G61960	-0.0074624295423074
AT4G15802	-0.00746231403030436
AT1G30360	-0.00746157280318544
AT5G20170	-0.0074613952526078
AT4G24790	-0.00746127222892905
AT5G57240	-0.00746096854557478
AT3G59220	-0.00746060967087504
AT3G08960	-0.00746059679778947
AT3G27830	-0.00746003537144772
AT5G65310	-0.00745984160028076
AT5G02870	-0.0074596240492521
AT2G02230	-0.00745920254551635
AT3G59300	-0.00745890589526838
AT3G33520	-0.0074586175470672
AT4G37110	-0.00745783377531958
AT3G02640	-0.00745745157639542
AT4G38200	-0.00745727237506713
AT5G11250	-0.00745725651301792
AT5G58950	-0.00745703489093288
AT4G16390	-0.00745663479349215
AT5G44510	-0.00745660790060017
AT4G15810	-0.00745639654032888
AT2G45890	-0.00745631712262293
AT3G22104	-0.00745600137246837
AT4G29960	-0.00745593135382587
AT1G53025	-0.00745557125563125
AT5G17780	-0.00745494835448254
AT4G35030	-0.00745468239204095
AT3G10800	-0.00745454201939023
AT1G68890	-0.00745427800645381
AT5G14130	-0.00745425845906612
AT4G34610	-0.00745364504370411
AT1G79190	-0.00745330721016031
AT1G74100	-0.00745222326497167
AT4G15640	-0.00745210810986815
AT4G00570	-0.00745139809859654
AT3G47540	-0.00745131435700096
AT1G18070	-0.00745123628898271
AT1G29660	-0.00745092397925582
AT4G33090	-0.00745080661573098
AT5G11380	-0.00745029959933778
AT1G53530	-0.00745019153101141
AT1G80910	-0.0074498663713795
AT1G79830	-0.00744981419496728
AT5G39040	-0.00744929187422747
AT2G42400	-0.00744919161571019
AT2G38750	-0.00744897437968206
AT5G39785	-0.00744889067551062
AT4G30320	-0.00744827266203747
AT5G35580	-0.00744798876383565
AT1G22440	-0.00744796428033357
AT4G25980	-0.00744775992418719
AT1G18540	-0.00744756704474302
AT1G04690	-0.00744746494592284
AT3G10480	-0.00744716214897689
AT1G77280	-0.00744671375188423
AT1G80080	-0.00744663804345799
AT5G42570	-0.00744642040208992
AT1G08970	-0.0074461660944639
AT3G57060	-0.00744558425360477
AT5G55840	-0.00744551044504238
AT5G46340	-0.00744547210938445
AT4G29590	-0.00744540335310658
AT5G47435	-0.00744536120402149
AT4G37310	-0.00744526397036735
AT3G02220	-0.0074451609838578
AT1G06160	-0.00744484606855504
AT2G17520	-0.00744475272023311
AT3G49710	-0.00744443273695389
AT4G02580	-0.0074441492288776
AT3G25910	-0.00744392415608608
AT1G15870	-0.00744345838065114
AT1G59610	-0.0074432584033347
AT2G01270	-0.00744307051667913
AT4G00360	-0.00744304911500165
AT5G63510	-0.00744297445769338
AT4G20130	-0.00744282825322653
AT5G58005	-0.00744277602658433
AT3G14230	-0.0074425401371052
AT5G59410	-0.00744181218311805
AT5G23200	-0.00744180399665405
AT1G32220	-0.00744143649008497
AT1G04130	-0.00744111999385386
AT1G34640	-0.00744100185557973
AT3G01910	-0.00744094816999047
AT1G16710	-0.00743999114798774
AT3G51110	-0.0074398236385897
AT2G44870	-0.00743908554532255
AT3G60150	-0.00743809632126728
AT3G14750	-0.0074376496222043
AT5G63800	-0.00743742714248328
AT4G14240	-0.00743728671082898
AT5G34850	-0.00743682775452259
AT1G24510	-0.00743634832942485
AT4G23640	-0.00743593327904758
AT3G60110	-0.00743549480293605
AT1G03930	-0.00743542353972247
AT1G48690	-0.00743482294056771
AT2G19680	-0.00743462939030073
AT2G36650	-0.00743411867888673
AT5G61260	-0.00743393853551317
AT1G28100	-0.00743359741540765
AT3G61480	-0.00743345070972395
AT5G22220	-0.00743306734188662
AT1G55500	-0.00743292391561217
AT2G40130	-0.00743291640295989
AT1G49310	-0.00743276698458749
AT4G16535	-0.00743196599170412
AT2G20750	-0.00743059244617514
AT2G32000	-0.0074305066926602
AT1G60940	-0.00743041423010719
AT5G66680	-0.0074299599767314
AT4G11560	-0.00742985348421197
AT2G19600	-0.00742939004215206
AT4G19006	-0.00742932419385224
AT1G54360	-0.00742877762869749
AT2G31170	-0.00742874162006383
AT5G19760	-0.00742833040608732
AT1G55150	-0.00742807945060541
AT4G33650	-0.00742784771241681
AT5G46210	-0.00742758027011284
AT1G09543	-0.00742757004626239
AT4G34020	-0.00742756812622845
AT1G49670	-0.00742755039453712
AT4G25680	-0.00742744496236139
AT5G66510	-0.00742713465411255
AT2G17790	-0.00742674090206612
AT1G77360	-0.007426670229634
AT4G31500	-0.00742641357300448
AT1G44780	-0.00742611220843968
AT5G60460	-0.00742498427954899
AT3G06960	-0.00742486431367866
AT5G21990	-0.00742451606068856
AT3G54460	-0.00742447673834562
AT3G60080	-0.00742419649931701
AT1G02370	-0.00742405586923255
AT2G42910	-0.00742390723748127
AT1G70900	-0.00742388707530969
AT2G30460	-0.0074236649558856
AT3G13180	-0.00742362610251623
AT1G26850	-0.00742338577236181
AT1G27850	-0.00742336335885005
AT1G80950	-0.00742319017757197
AT1G10450	-0.00742299961892028
AT3G55510	-0.00742299186600929
AT3G01690	-0.00742295237484327
AT3G58650	-0.00742287050858058
AT3G47250	-0.00742279498281341
AT4G21140	-0.00742233458369594
AT2G36530	-0.00742230083232265
AT3G25860	-0.00742196217638804
AT3G44160	-0.0074216732501566
AT4G01935	-0.00742158548944928
AT1G56090	-0.00742150709183175
AT4G16155	-0.0074213800500137
AT1G47380	-0.00742107053731703
AT1G54115	-0.00742095745115397
AT3G55040	-0.00742087096956234
AT5G26610	-0.00742026630826004
AT3G57580	-0.00742017484947094
AT1G72710	-0.00741985847413653
AT4G22220	-0.00741967604306096
AT2G11520	-0.00741961355886608
AT4G36020	-0.0074195287387163
AT4G23020	-0.00741914358634739
AT1G25350	-0.00741905199051073
AT1G28150	-0.00741854651606674
AT1G50710	-0.00741824503484369
AT3G50690	-0.00741807838561138
AT3G09030	-0.00741800729586173
AT2G47900	-0.00741779684030858
AT4G21445	-0.00741747829492093
AT1G11750	-0.00741729434875109
AT2G46380	-0.00741723632061062
AT1G74560	-0.00741686523874546
AT1G16080	-0.00741669836145544
AT2G02970	-0.00741659814134112
AT2G13690	-0.00741629986210345
AT3G59910	-0.00741597790078482
AT4G29700	-0.00741561262591814
AT2G40300	-0.00741542821021873
AT2G42750	-0.00741533053457141
AT4G11110	-0.00741514791703126
AT2G39810	-0.00741505687490449
AT3G58970	-0.00741491227351477
AT2G30060	-0.00741437917337654
AT1G30460	-0.0074142407097207
AT1G34210	-0.00741389744112789
AT1G20460	-0.00741370944579154
AT3G23750	-0.00741353783831799
AT1G06660	-0.00741352377670359
AT3G14130	-0.00741267926013172
AT4G04870	-0.00741262513945993
AT1G75100	-0.00741212126650439
AT1G49820	-0.00741148780992526
AT4G22120	-0.00741112563374382
AT3G28860	-0.00741076104277035
AT3G14050	-0.00741068862629331
AT5G40640	-0.00740937683430589
AT2G35780	-0.00740912143434405
AT2G35240	-0.00740904444073915
AT4G30210	-0.00740881745062385
AT5G26800	-0.00740860861348397
AT2G15860	-0.00740845939169547
AT3G22840	-0.00740842814068838
AT1G29850	-0.00740840703790837
AT1G75310	-0.00740838879438893
AT5G36890	-0.00740835165640569
AT3G25870	-0.00740833593856781
AT5G02050	-0.00740770111324972
AT1G11280	-0.00740741811855998
AT5G61650	-0.00740740651572053
AT5G20000	-0.00740694981626628
AT5G42950	-0.00740693093740466
AT4G04570	-0.00740687042738156
AT1G69260	-0.00740675632024776
AT1G13030	-0.00740651310236211
AT5G62360	-0.00740647602881211
AT3G18600	-0.0074064187597461
AT2G47470	-0.00740638419820912
AT2G30505	-0.00740579423508507
AT4G18610	-0.00740481230602371
AT5G54940	-0.00740480837044642
AT2G02780	-0.00740480428124713
AT2G26600	-0.00740475723467906
AT3G25970	-0.0074042174774294
AT1G51690	-0.00740409907265849
AT1G64960	-0.00740283335598138
AT1G49760	-0.00740261634247057
AT1G54140	-0.00740218512741191
AT2G02800	-0.0074019757275666
AT3G16360	-0.00740178589624366
AT4G09140	-0.00740174110430198
AT1G33811	-0.00740154317753897
AT4G01920	-0.00740117615743044
AT1G10320	-0.00740104358336662
AT4G31920	-0.00740103021836078
AT2G35020	-0.00740101085537008
AT1G34260	-0.00740072467109352
AT3G19340	-0.00740038080687705
AT3G21480	-0.00740031072908896
AT3G44260	0.00739961429671563
AT5G47200	-0.00739891900579722
AT1G60650	-0.00739847866306389
AT1G13300	-0.0073984079285709
AT3G19780	-0.00739814339876641
AT3G23370	-0.00739797914838446
AT2G24230	-0.00739702089504124
AT1G16900	-0.00739689857357752
AT1G73940	-0.00739634155246774
AT5G05660	-0.0073960702130196
AT4G28550	-0.00739594009564253
AT2G22170	-0.00739563825836284
AT2G26780	-0.00739551001109093
AT2G46870	-0.00739544900559842
AT3G16370	-0.00739496968972031
AT4G34370	-0.00739492245642455
AT1G71100	-0.00739491935546429
AT2G35330	-0.00739477945218888
AT2G41820	-0.00739446891682499
AT3G16780	-0.00739443283658041
AT2G47580	-0.00739396513176077
AT4G37880	-0.00739386699760531
AT3G13190	-0.0073936452925082
AT5G44070	-0.00739357307341086
AT1G27680	-0.00739345488799758
AT1G18560	-0.00739341017063744
AT5G26751	-0.00739331527960142
AT5G41060	-0.00739330887725002
AT2G33835	-0.00739327380380976
AT3G58180	-0.00739311375707872
AT1G64550	-0.00739275690414042
AT3G28960	-0.00739240941048417
AT1G14440	-0.00739218463992323
AT1G60690	-0.00739207855218828
AT3G02530	-0.00739205933371433
AT3G24140	-0.00739199983404266
AT4G37400	-0.00739178797412939
AT5G46030	-0.00739176248658306
AT1G28510	-0.00739164398346148
AT5G42010	-0.00739076261191793
AT1G65900	-0.00739063246566895
AT2G47260	-0.00738992713445041
AT4G38320	-0.00738988348342485
AT2G33330	-0.00738965662373667
AT5G24314	-0.00738964234184789
AT1G79990	-0.0073894858534326
AT2G38650	-0.00738898681255351
AT2G21050	-0.00738889842709361
AT5G13850	-0.00738885944724594
AT1G07150	-0.0073886396579263
AT1G60140	-0.00738811195443505
AT4G10590	-0.00738789425545855
AT4G25900	-0.00738752637755567
AT1G70480	-0.00738704333626048
AT3G48810	-0.0073865293933788
AT1G17680	-0.00738580181668159
AT1G33240	-0.00738555534258193
AT2G24060	-0.00738515218005804
AT4G00500	-0.00738510396814375
AT3G62310	-0.00738488231907906
AT4G36120	-0.00738434503730343
AT5G57130	-0.00738392055909809
AT1G29400	-0.00738351563745417
AT2G34860	-0.0073830874210109
AT5G60200	-0.00738295065173562
AT4G22360	-0.0073822399639608
AT5G53180	-0.0073822115744615
AT2G18710	-0.00738214608891106
AT1G12360	-0.00738204907445749
AT1G10760	-0.00738172546959236
AT5G58430	-0.00738168510555643
AT3G53220	-0.00738152405371025
AT3G48420	-0.00738097912748189
AT3G22550	-0.00738091558371417
AT5G05840	-0.00738080417598476
AT2G42770	-0.00738061971336477
AT5G56580	-0.00738008244267192
AT3G21110	-0.00737999794456044
AT4G37270	-0.007379990799144
AT5G26830	-0.00737993200319952
AT2G43810	-0.00737978602214551
AT2G01350	-0.00737966973539921
AT4G35100	-0.00737924998671547
AT4G22513	-0.00737868801428772
AT2G36620	-0.00737678377921003
AT5G22390	-0.00737672655455934
AT1G09060	-0.00737668065679202
AT5G09570	-0.00737628333938306
AT3G07340	-0.00737536552850744
AT5G05610	-0.00737489225323378
AT2G41040	-0.00737473545183592
AT5G35750	-0.00737456869331746
AT1G22930	-0.00737449322036058
AT2G40140	-0.00737411594296981
AT2G40780	-0.0073738138585022
AT1G01630	-0.00737377311864708
AT1G70520	-0.00737375889976857
AT2G01470	-0.00737359504054572
AT2G39110	-0.00737322232575497
AT1G25490	-0.00737320525100557
AT4G22810	-0.00737312104868649
AT3G59550	-0.00737292123263979
AT5G05740	-0.00737260142962884
AT2G02080	-0.00737255260150036
AT2G38820	-0.00737236197317144
AT2G18040	-0.00737148543801311
AT4G04450	-0.00737139795015519
AT3G57430	-0.00737124777057088
AT5G05987	-0.00737027085244979
AT1G18720	-0.0073701394047188
AT3G17650	-0.00737011733296557
AT3G18240	-0.00736983430686188
AT4G38890	-0.00736975443826754
AT2G40390	-0.00736907837598113
AT5G55610	-0.00736875378414517
AT1G23310	-0.00736828873905623
AT3G45620	-0.00736813144609428
AT2G38180	-0.00736761276101291
AT3G22190	-0.00736726878020928
AT4G26170	-0.00736708958514319
AT3G60850	-0.00736651606867028
AT4G25640	-0.00736635646629884
AT1G10240	-0.00736635028551318
AT3G15120	-0.00736630324638053
AT4G26300	-0.00736625745891982
AT3G22220	-0.00736620943627274
AT5G14310	-0.00736608226136563
AT3G30841	-0.00736582015056122
AT5G35730	-0.00736578582804331
AT1G66280	-0.00736481408846707
AT4G34250	-0.00736457229215596
AT4G35900	-0.00736436310768555
AT3G46740	-0.00736391085638035
AT2G21270	-0.00736354247265433
AT3G12977	-0.00736327625065452
AT3G06330	-0.00736326419835957
AT4G22160	-0.00736323216054424
AT1G71960	-0.00736319840293659
AT4G34290	-0.00736300010024626
AT5G60790	-0.0073629572979623
AT1G31930	-0.00736274646615611
AT3G51550	-0.00736272074552878
AT5G26010	-0.00736262259585081
AT3G23600	-0.00736252403640667
AT5G15210	-0.00736249398865729
AT5G27460	-0.00736227395690058
AT1G52380	-0.00736224202451185
AT1G19730	-0.00736205468458363
AT1G75160	-0.00736160569481424
AT3G15520	-0.00736152396261565
AT2G14750	-0.00736132336955172
AT3G44310	-0.00736103680214607
AT1G78560	-0.00736037667898692
AT2G44610	-0.00736026880797978
AT3G17950	-0.0073600705305444
AT5G08400	-0.00735981670629375
AT4G10040	-0.00735950755555244
AT4G19710	-0.00735935470628673
AT3G44530	-0.00735927329010012
AT3G05858	-0.00735912155723262
AT1G08420	-0.00735903191309549
AT1G09130	-0.00735848969706606
AT3G12150	-0.0073581478541401
AT1G63980	-0.00735761063394281
AT1G71090	-0.00735671289435501
AT1G67195	-0.00735582990087758
AT5G65540	-0.00735564900560342
AT4G20340	-0.00735563694477426
AT3G13110	-0.00735555525118871
AT2G44100	-0.00735554888127263
AT5G08110	-0.0073555129438365
AT2G03450	-0.00735550571077924
AT5G04540	-0.00735548888660854
AT2G20190	-0.0073554836437168
AT1G48860	-0.00735496504456959
AT4G17010	-0.00735488144195751
AT1G48050	-0.00735468229018685
AT5G45720	-0.00735454415005197
AT1G17830	-0.00735429751617306
AT5G64870	-0.00735418105400858
AT1G01640	-0.00735414229058196
AT2G38290	-0.00735408034120573
AT2G14820	-0.00735358884569032
AT4G32160	-0.00735339551866043
AT2G43910	-0.00735326861854508
AT4G28660	-0.00735326025549554
AT1G12970	-0.00735296927083394
AT4G22300	-0.00735268154720665
AT1G16680	-0.00735267377249367
AT4G21450	-0.00735214757708615
AT4G26190	-0.00735214034769363
AT1G15470	-0.00735198128658471
AT5G35560	-0.00735171315265596
AT2G35600	-0.007351146618034
AT3G16430	-0.00735100252574039
AT5G45900	-0.00735099205183245
AT3G14270	-0.00734985385243647
AT5G38865	-0.00734965595919147
AT4G12240	-0.00734952643036157
AT5G03200	-0.00734943460712154
AT3G03720	-0.00734923180666361
AT4G37210	-0.00734897413863994
AT1G29300	-0.00734885481478952
AT4G12750	-0.00734883692105103
AT4G00800	-0.00734862198511223
AT5G64300	-0.00734842944507529
AT1G14130	-0.00734828943083162
AT5G41580	-0.00734798052082017
AT5G23850	-0.00734754021678597
AT4G28230	-0.00734720021001861
AT3G53960	-0.00734679054397882
AT1G79490	-0.00734666090722517
AT3G52240	-0.00734636516010405
AT3G43800	-0.00734611782629733
AT5G50380	-0.00734517836923038
AT2G40950	-0.00734506873713133
AT1G67170	-0.00734479814864961
AT4G09560	-0.00734448321367778
AT5G57580	-0.00734446813463029
AT3G27330	-0.00734442311704653
AT1G22690	-0.00734390085569306
AT1G11680	-0.00734373194276528
AT5G39890	-0.00734293450501598
AT3G09090	-0.0073418125681075
AT1G01970	-0.00734179663315907
AT2G38780	-0.00734154965334136
AT2G43200	-0.00734152136127232
AT5G06600	-0.00734114483692747
AT5G50250	-0.00734090257034558
AT3G10410	-0.00734089240234153
AT5G61970	-0.00734035410379928
AT2G47410	-0.00734027333964181
AT4G36240	-0.00734008302983013
AT3G59060	-0.00733998438848713
AT1G05590	-0.00733986984146613
AT4G05160	-0.0073396239683086
AT3G45160	-0.00733913209360992
AT4G02700	-0.00733901346354127
AT2G29690	-0.00733787645510649
AT2G17510	-0.00733743182247178
AT1G10950	-0.00733722685480086
AT3G10520	-0.00733721528076098
AT1G64440	-0.00733684064153359
AT3G21190	-0.00733666790645797
ATCG00760	-0.00733595223093143
AT4G04670	-0.00733586782959656
AT1G64910	-0.00733565375808298
AT5G17690	-0.00733563986490413
AT4G22670	-0.00733557112616401
AT5G50850	-0.00733547520684289
AT1G12650	-0.00733524307312398
AT2G16440	-0.00733478313929361
AT5G14620	-0.00733476629882501
AT1G42440	-0.0073345847434388
AT2G18570	-0.00733457706242862
AT1G59840	-0.0073345745425326
AT5G65160	-0.00733432339558481
AT3G12290	-0.00733425796985846
AT1G49750	-0.00733422414226249
AT1G72320	-0.00733420476427658
AT5G48220	-0.00733403536783923
AT3G54080	-0.00733329873256018
AT1G75500	-0.00733318429748161
AT1G75130	-0.00733298063433769
AT3G13682	-0.00733297698618281
AT2G06040	-0.00733278364731475
AT3G27650	-0.00733274302113645
AT5G65910	-0.0073326935045406
AT3G10840	-0.00733240878230054
AT3G30340	-0.00733239849093355
AT1G15140	-0.00733212303834879
AT1G53910	-0.00733193921208081
AT2G43060	-0.00733191573813349
AT3G48550	-0.00733164457223817
AT3G48740	-0.00733148910752491
AT1G68410	-0.00733102978438578
AT4G15830	-0.0073310152811188
AT2G02955	-0.00733076548948766
AT1G52347	-0.00733050179149108
AT4G04950	-0.00732966922060921
AT5G22070	-0.00732954677222223
AT1G29940	-0.0073294346933697
AT4G01915	-0.00732921291991557
AT4G14320	-0.00732900405771616
AT5G59980	-0.00732876173891944
AT1G29790	-0.00732850406937808
AT1G20370	-0.00732814599429173
AT5G21090	-0.00732806219134651
AT1G55960	-0.00732802449113593
AT5G52450	-0.00732747810616842
AT2G16390	-0.00732737089958612
AT3G17900	-0.00732726123458848
AT4G02020	-0.00732687389475667
AT2G47540	-0.00732640956029137
AT5G33300	-0.00732613502897504
AT4G03070	-0.00732584624253672
AT3G26320	-0.00732564118621155
AT3G12120	-0.00732555753694779
AT5G24060	-0.00732474812072313
AT5G42740	-0.00732427320955717
AT5G11730	-0.00732425323479505
AT1G32540	-0.00732393634009482
AT3G06680	-0.00732386911806912
AT4G22150	-0.00732376594513077
AT1G54740	-0.00732363299590972
AT3G23710	-0.00732328682767343
AT1G04870	-0.0073230170277495
AT2G01570	-0.00732259710296142
AT4G24500	-0.00732251135810274
AT5G04870	-0.0073223854993655
AT2G01190	-0.00732177923607861
AT4G30990	-0.00732156118477187
AT4G05420	-0.00732149807860018
AT5G20840	-0.00732139441904715
AT3G06820	-0.0073211543626922
AT1G53710	-0.00732111941186701
AT5G35210	-0.00732104394223873
AT2G40690	-0.00732084485452959
AT5G43050	-0.00732082695364552
AT3G60320	-0.00732045647920032
AT3G11240	-0.00732029279425249
AT2G47960	-0.00732028236752537
AT3G20830	-0.00732017364077109
AT1G72720	-0.00731979358061669
AT1G25450	-0.00731937322080424
AT5G54810	-0.00731906337519413
AT1G21250	-0.00731877471662965
AT1G26270	-0.00731874820572689
AT1G48550	-0.00731814480374966
AT4G35630	-0.00731725730910286
AT4G03270	-0.00731725279691239
AT4G14880	-0.00731707852736735
AT1G07080	-0.00731682279663904
AT1G11290	-0.00731676811677582
AT1G13190	-0.007316758151413
AT1G54520	-0.00731672095122705
AT3G13860	-0.00731626025525933
AT5G21080	-0.00731608089803332
AT3G48890	-0.00731602097691931
AT3G05940	-0.00731575544137725
AT1G19490	-0.00731551155502262
AT1G67500	-0.00731474700849067
AT3G56680	-0.0073146289393707
AT1G47640	-0.00731354319455669
AT3G53610	-0.00731324394646546
AT3G63030	-0.00731240253763792
AT3G66652	-0.00731196088189192
AT2G36360	-0.00731187784555166
AT1G20220	-0.00731177861031081
AT4G26710	-0.00731139313040547
AT1G71695	-0.00731045221913472
AT4G21100	-0.00731037146593177
AT3G05980	-0.00731036465195122
AT2G44440	-0.00731025753521422
AT1G02350	-0.00731008565165977
AT4G27000	-0.00730965845325158
AT4G13010	-0.00730964970070413
AT4G12390	-0.00730916767298433
AT1G76850	-0.00730908920610392
AT4G01270	-0.00730852994606322
AT3G09480	-0.00730824798179831
AT3G58570	-0.00730815153389769
AT4G35360	-0.00730799726351678
AT4G03415	-0.00730790790348066
AT4G32760	-0.00730761567143344
AT3G52750	-0.00730743811711423
AT2G23100	-0.00730720498198706
AT1G74750	-0.00730691810072562
AT4G24940	-0.00730676693154509
AT1G35340	-0.00730671055186962
AT4G18340	-0.00730651164350593
AT3G22425	-0.00730594569990649
AT1G16850	-0.00730592441301121
AT5G62630	-0.0073054065958641
AT5G15150	-0.00730536762822088
AT4G03030	-0.00730534598196938
AT3G50520	-0.0073052006570281
AT1G77220	-0.00730492832862588
AT5G39950	-0.00730476046900684
AT1G11650	-0.00730464341298901
AT3G58660	-0.00730410212211462
AT5G16190	-0.00730374824724136
AT1G73400	-0.0073035365834377
AT5G51150	-0.00730329993385374
AT5G54890	-0.00730256070539917
AT5G62990	-0.00730216068114892
AT2G22690	-0.00730203321039377
AT5G66240	-0.00730188931543043
AT1G10740	-0.00730154094415749
AT4G24930	-0.00730150735766542
AT3G62250	-0.00730132843301133
AT2G17120	-0.00730114557630139
AT1G76380	-0.00730102582953939
AT1G79090	-0.0073007505112602
AT3G46980	-0.00730034555785251
AT1G54830	-0.00730029600792032
AT1G15740	-0.00730024703629837
AT5G37310	-0.007300210287377
AT1G34844	-0.00730004917046128
AT4G26650	-0.00730002323754358
AT2G22290	-0.00729985585039314
AT2G29670	-0.00729962413829085
AT2G02820	-0.00729940835332331
AT5G63290	-0.00729940723645322
AT3G01540	-0.00729920641092544
AT4G33690	-0.00729892331783641
AT2G32260	-0.00729865967771048
AT5G19590	-0.00729857063654413
AT1G78340	-0.00729840979671669
AT1G73340	-0.00729829325345083
AT5G36930	-0.00729825069325451
AT5G62270	-0.00729783671578054
AT5G23380	-0.00729738211824118
AT2G43090	-0.00729717760071419
AT3G02130	-0.00729714447000001
AT1G64950	-0.00729704089408632
AT5G65760	-0.00729700389314197
AT3G24000	-0.00729700281120658
AT2G25580	-0.00729671655368223
AT5G27720	-0.0072963862714305
AT4G02660	-0.00729615945744939
AT5G22840	-0.00729611172700556
AT5G46800	-0.00729610787284642
AT3G19960	-0.00729567199205415
AT1G15750	-0.00729566528013931
AT1G60890	-0.00729547785135604
AT1G43190	-0.00729540218970721
AT5G46060	-0.00729511601743675
AT1G53680	-0.00729426275608812
AT4G15415	-0.00729422185682882
AT2G20700	-0.00729416823429813
AT1G05320	-0.0072941492619787
AT1G02335	-0.0072941028195799
AT5G18630	-0.00729406477980109
AT2G47220	-0.00729403466577064
AT4G33700	-0.00729397874718093
AT1G67810	-0.00729374745418395
AT3G44020	-0.00729354305015712
AT1G18360	-0.00729263211154162
AT4G33770	-0.00729244043025432
AT1G21660	-0.00729167880348614
AT1G14810	-0.00729158597517253
AT4G22217	-0.00729158062984999
AT5G24260	-0.00729144258024888
AT3G27260	-0.00729138910469467
AT5G24780	-0.00729118621162639
AT2G28540	-0.00729118407041892
AT1G63730	-0.00729110575152367
AT3G11250	-0.00729099767933393
AT2G29680	-0.00729051776711558
AT3G55560	-0.00728928358482184
AT3G49310	-0.00728902162247015
AT1G10510	-0.00728830459045773
AT5G04800	-0.00728801911224764
AT3G05545	-0.00728779634066401
AT3G50000	-0.00728776122294709
AT3G10030	-0.00728770972961529
AT1G22520	-0.00728768198522165
AT5G12010	-0.00728699603498879
AT2G30270	-0.00728686395108793
AT3G17510	-0.00728628696609218
AT5G12880	-0.00728626433841954
AT2G38450	-0.00728619719702605
AT2G02150	-0.00728564959109933
AT1G13440	-0.00728560886642857
AT4G31810	-0.00728526175205547
AT5G46420	-0.00728497064106441
AT4G19410	-0.00728435387902253
AT5G48580	-0.00728396891688712
AT3G27950	-0.00728363216995522
AT4G29130	-0.00728339851086701
AT1G09290	-0.00728328617485587
AT5G53770	-0.00728314663109497
AT3G09370	-0.00728289030599566
AT3G60350	-0.00728256915590163
AT1G64600	-0.00728252739122053
AT5G18280	-0.00728225598595993
AT4G04800	-0.00728222666762261
AT1G01370	-0.00728198612488362
AT2G22770	-0.00728176699802447
AT2G23150	-0.00728174623647734
AT3G13330	-0.00728171034016796
AT3G57140	-0.00728101127581246
AT2G35030	-0.00728098778704134
AT3G61790	-0.00728061886354065
AT5G05010	-0.00728057044046165
AT1G80970	-0.0072802577729354
AT3G28070	-0.00727970663474374
AT5G63680	-0.00727928415843345
AT5G08200	-0.00727927673784593
AT3G08590	-0.0072790934069412
AT1G75880	-0.00727858121026482
AT3G20240	-0.00727802481948774
AT2G45830	-0.00727764817323152
AT3G27380	-0.0072775429912814
AT4G18905	-0.00727737439547374
AT1G70410	-0.00727726085174883
AT1G79450	-0.00727701055758068
AT1G67780	-0.0072765907107053
AT1G58170	-0.00727599688783914
AT1G62380	-0.00727591247253317
AT2G31970	-0.00727587923074482
AT1G70100	-0.00727534519584716
AT3G44110	-0.00727496140342783
AT1G53200	-0.00727487707501056
AT3G18160	-0.00727477167671109
AT3G63530	-0.00727461119918928
AT1G06590	-0.00727452146744306
AT4G04780	-0.00727446894903724
AT1G48440	-0.00727441213459018
AT3G63400	-0.00727420759794291
AT5G42050	-0.00727417498093767
AT4G09150	-0.00727332010186928
AT3G04590	-0.0072732434231512
AT5G65270	-0.00727322460445772
AT4G38270	-0.00727301513260066
AT4G38920	-0.00727295343791368
AT2G04100	-0.00727288393483365
AT3G48280	-0.00727267396754893
AT2G17870	-0.00727251574387307
AT2G22510	-0.00727237392383919
AT1G07250	-0.007272295747341
AT5G23840	-0.00727202524858875
AT1G27420	-0.00727189801748252
AT1G36310	-0.00727166045847732
AT4G00700	-0.00727144189434152
AT2G30530	-0.0072710587050683
AT1G54385	-0.00727098322764178
AT3G18930	-0.0072704100037928
AT4G36710	-0.00727023225895343
AT1G53300	-0.00727022299245812
AT5G18610	-0.00726992570564769
AT3G15640	-0.00726973776565307
AT3G07390	-0.00726955117109623
AT1G59660	-0.00726945820410318
AT2G40550	-0.00726942465414748
AT4G20010	-0.00726939505707975
AT3G23010	-0.00726885537172628
AT4G34490	-0.00726866641483037
AT5G50280	-0.00726822164608221
AT2G48010	-0.00726803191787257
AT3G09760	-0.00726799986763252
AT1G67440	-0.00726774586738961
AT2G31570	-0.00726766115065064
AT5G43790	-0.00726712079263269
AT4G17090	-0.00726694331258549
AT1G06100	-0.00726687024112045
AT4G31160	-0.00726672491350461
AT5G08040	-0.00726656510375111
AT2G20890	-0.00726636157931902
AT3G44100	-0.00726626314760668
AT4G38510	-0.00726530520641705
AT5G17810	-0.00726528769657844
AT3G23530	-0.00726512743638515
AT5G63770	-0.0072651076687625
AT2G18240	-0.00726369315390495
AT3G18370	-0.00726314338244025
AT5G49470	-0.00726266912676779
AT5G18830	-0.00726251446452424
AT3G23540	-0.00726244731942331
AT1G62930	-0.00726239649653801
AT2G33620	-0.00726206906642724
AT3G17710	-0.00726164491845282
AT4G31590	-0.00726120734486834
AT2G47600	-0.00726116162148254
AT3G04550	-0.00726115241588172
AT1G18080	-0.00726109695733784
AT3G52870	-0.00726099533665279
AT2G47630	-0.00726090760616052
AT1G02500	-0.00726084337140651
AT5G44870	-0.00726063198119921
AT2G33800	-0.00726025757011198
AT1G29910	-0.00726022702985817
AT1G51460	-0.00726019995901417
AT5G66540	-0.0072600965289926
AT3G18400	-0.00725989817671536
AT2G31650	-0.00725988076238146
AT1G02640	-0.0072592926645306
AT1G75420	-0.00725926828112426
AT1G58340	-0.00725871065516818
AT3G22660	-0.00725847059067359
AT3G06300	-0.00725840279298803
AT3G10820	-0.00725833013967628
AT3G50840	-0.00725829966476432
AT2G30050	-0.00725829223504643
AT3G05220	-0.00725733389461406
AT2G28315	-0.0072572105343065
AT2G17265	-0.00725704364423136
AT2G22480	-0.00725694350627353
AT1G10310	-0.00725687952994026
AT5G25510	-0.00725654597577321
AT5G21100	-0.00725647041639248
AT5G58100	-0.00725594556058222
AT2G03530	-0.00725582818893671
AT3G26520	-0.00725578082829189
AT3G02660	-0.00725556030105489
AT1G01190	-0.00725535784770071
AT3G61520	-0.00725510128994184
AT1G29220	-0.00725506601742231
AT4G34600	-0.00725496109841459
AT1G19440	-0.00725478989842263
AT5G01400	-0.00725458557283972
AT2G37590	-0.00725394662404782
AT1G16180	-0.00725390101819488
AT2G33500	-0.00725380986386038
AT4G14200	-0.00725328827149807
AT1G07700	-0.00725258537037525
AT5G14520	-0.00725248566790178
AT5G05060	-0.00725233978728969
AT3G62690	-0.00725222927620038
AT3G15352	-0.00725122117860303
AT5G05080	-0.00725101474129807
AT5G48150	-0.0072503152807674
AT3G49370	-0.00725016077837496
AT4G01990	-0.00725003580961326
AT2G33385	-0.00724999435777556
AT3G47650	-0.00724919961185199
AT3G44550	-0.00724879723751302
AT5G38890	-0.00724869809155404
AT1G67890	-0.00724806685856243
AT3G11270	-0.00724791051168286
AT2G35040	-0.00724772124993813
AT5G63450	-0.00724736412545598
AT3G10310	-0.00724707781119685
AT2G27285	-0.00724699791349384
AT1G14010	-0.00724657229561235
AT3G12990	-0.00724646720148293
AT4G31270	-0.00724632116546066
AT3G09780	-0.00724587022473421
AT5G48320	-0.00724569874062226
AT5G51200	-0.00724555133802286
AT5G21940	-0.00724472975446878
AT3G47830	-0.00724466263550494
AT5G52200	-0.00724446857756706
AT5G45600	-0.00724416756835911
AT1G56200	-0.00724405749804371
AT3G19490	-0.00724384372506518
AT4G00930	-0.00724359752377786
AT5G28610	-0.00724353138467519
AT1G06150	-0.00724336670461503
AT2G33150	-0.00724314377000461
AT2G36835	-0.00724257567229157
AT4G21530	-0.00724237954378397
AT4G39910	-0.00724177747462395
AT5G52790	0.00724168866486208
AT5G06839	-0.00724161271405558
AT5G38410	-0.00724155786428619
AT1G69780	-0.00724133171248062
AT1G05850	-0.00724101540061488
AT1G28360	-0.00724086981053674
AT4G33250	-0.0072408070191768
AT2G48110	-0.00724052621228616
AT1G78860	-0.00724025438534658
AT5G66250	-0.0072396330531925
AT1G51405	-0.00723876105463337
AT3G52500	-0.007238610500139
AT5G19990	-0.00723825457397973
AT2G31340	-0.00723818059714373
AT4G27970	-0.00723815748684696
AT4G31600	-0.00723815471138854
AT5G38880	-0.0072371000619145
AT2G32220	-0.00723696781325976
AT2G45880	-0.0072368917704908
AT1G26770	-0.00723679600996293
AT3G11850	-0.00723590336862416
AT2G20130	-0.00723590154381983
AT3G05840	-0.00723584826190244
AT5G45950	-0.00723566099475238
AT4G10710	-0.00723561250496522
AT4G34310	-0.00723547163915879
AT2G43820	-0.00723528057744296
AT5G63620	-0.00723523300207683
AT5G45275	-0.00723473597899043
AT1G10140	-0.00723469436112911
AT3G12620	-0.00723454300682549
AT3G49720	-0.00723372528664701
AT1G44050	-0.00723345954480624
AT1G76260	-0.00723334425788036
AT3G18060	-0.00723317842263426
AT2G33600	-0.00723284768446025
AT3G16260	-0.0072328240882154
AT1G48520	-0.0072327117544001
AT3G14840	-0.00723229453573632
AT3G60245	-0.00723225477469712
AT1G45000	-0.00723215027200061
AT2G43490	-0.00723187181916237
AT4G33410	-0.00723177003641278
AT5G20060	-0.00723167297859383
AT1G64630	-0.00723131915427993
AT5G06680	-0.00723097553934109
AT4G36860	-0.00723075274149832
AT3G61870	-0.00723069497613296
AT1G72090	-0.00723058961624772
AT1G48480	-0.00723047662653678
AT5G41980	-0.00723047100876916
AT5G45250	-0.00723031551210193
AT4G28410	-0.00723000644598297
AT3G12270	-0.00722992631468009
AT1G03350	-0.00722934911915503
AT3G57050	-0.00722890732814652
AT5G23050	-0.00722882758568221
AT4G40042	-0.00722858982339215
AT1G18490	-0.00722818132048626
AT1G29050	-0.00722792776526717
AT3G24860	-0.00722749198012369
AT4G03410	-0.00722711948003608
AT2G30320	-0.00722681260409628
AT5G40520	-0.00722670770169278
AT2G44530	-0.00722670197597902
AT1G04420	-0.00722655557590751
AT3G53390	-0.00722625334475354
AT5G20380	-0.00722568862015068
AT5G63960	-0.007225674375619
AT1G51710	-0.00722546701148744
AT2G40650	-0.00722533634420341
AT1G13900	-0.00722483504567154
AT2G37250	-0.00722480750942612
AT2G18670	-0.00722449793043811
AT1G55970	-0.00722402467260898
AT3G08780	-0.00722392300807935
AT3G25020	-0.00722358167601169
AT1G22960	-0.00722323743681167
AT3G49600	-0.00722289199374923
AT1G09040	-0.00722247994819961
AT1G58120	-0.00722234341085091
AT4G28150	-0.00722210410658493
AT4G00895	-0.00722207452003481
AT4G22290	-0.00722200355029451
AT2G28100	-0.00722193050670907
AT3G27670	-0.00722181992629629
AT3G04930	-0.00722175176076467
AT4G21150	-0.00722160154235253
AT5G23430	-0.00722150519608454
AT3G07400	-0.00722137684293945
AT1G15820	-0.00722125359268857
AT1G72180	-0.00722122396652475
AT1G78170	-0.00722118799472661
AT3G55450	-0.00722113194359292
AT1G13750	-0.00722102858004744
AT1G77470	-0.00722083217002524
AT1G80810	-0.00722049929239249
AT1G67430	-0.00722045875134487
AT3G49640	-0.00722036796652179
AT3G08550	-0.0072202578635314
AT1G27140	-0.00721986109634956
AT5G02410	-0.0072198573795527
AT1G55360	-0.00721972641562886
AT5G49480	-0.00721969256948033
AT4G27480	-0.00721952336053599
AT3G17790	-0.00721949801135622
AT5G58370	-0.00721927263234474
AT5G01880	-0.00721896142455534
AT1G73180	-0.00721852989846278
AT2G46500	-0.0072183529982642
AT2G44860	-0.00721826414170966
AT1G77770	-0.00721798021599365
AT4G14340	-0.00721778037971028
AT2G01070	-0.0072171303905923
AT3G18130	-0.00721703314756136
AT4G10110	-0.00721702349982752
AT4G19450	-0.00721682515358488
AT1G24625	-0.0072167836523287
AT4G17220	-0.00721666660156815
AT4G13345	-0.00721661717537053
AT1G08470	-0.00721644461680295
AT3G53700	-0.00721624344960952
AT5G28080	-0.00721613777362898
AT3G54360	-0.00721612601656922
AT1G26630	-0.00721609713723188
AT4G36390	-0.00721574404099876
AT3G27580	-0.00721566713505189
AT5G41970	-0.00721561356833092
AT1G30580	-0.00721544139188
AT3G45330	-0.00721523776238314
AT5G06550	-0.00721519490575403
AT3G59760	-0.00721503009402771
AT1G29270	-0.00721501558047643
AT2G18300	-0.00721477432191773
AT5G15550	-0.00721477414901478
AT3G24770	-0.00721467767349682
AT4G17650	-0.00721453558955679
AT2G20980	-0.00721450874075038
AT4G35270	-0.00721431612166702
AT1G76400	-0.00721403054715176
AT1G51650	-0.00721360639884169
AT5G11110	-0.00721358785548145
AT3G25780	-0.00721341357360156
AT4G27720	-0.00721309277991011
AT3G23080	-0.00721294077340994
AT2G42600	-0.0072128231683748
AT2G32980	-0.00721281387971573
AT1G06900	-0.00721265878533768
AT2G35650	-0.00721251573688436
AT5G42810	-0.00721212341603595
AT3G03110	-0.00721191796797878
AT1G23750	-0.0072118284811605
AT1G54270	-0.00721130511330932
AT2G19860	-0.00721113218526832
AT4G15180	-0.00721094516641203
AT2G40085	-0.00721078133265816
AT2G27310	-0.00721009956331473
AT1G35580	-0.00721000313666705
AT5G24530	-0.00720990900897671
AT4G20430	-0.00720961981808845
AT5G53020	-0.00720902166192915
AT3G56770	-0.00720898879806289
AT5G14080	-0.00720878630554832
AT5G11780	-0.00720863284096546
AT5G08590	-0.00720852711864306
AT2G15790	-0.00720820812842456
AT4G26255	-0.00720802745315925
AT5G20850	-0.00720794979330293
AT1G17210	-0.00720788389119375
AT1G50840	-0.00720764640236588
AT2G18400	-0.00720761660307732
AT3G48440	-0.00720724709814048
AT4G14870	-0.00720696397835071
AT5G66420	-0.00720685884931101
AT4G30720	-0.0072067091061408
AT1G08680	-0.00720655924736168
AT2G20495	-0.00720614996792704
AT2G34470	-0.00720605733051011
AT1G65430	-0.0072060482211171
AT4G23050	-0.0072060264442168
AT5G25160	-0.00720589176977322
AT1G22030	-0.00720585904011437
AT5G26180	-0.00720537910763836
AT5G04900	-0.00720502504997503
AT2G05180	-0.00720501524548282
AT4G09760	-0.00720498159995976
AT3G26610	-0.00720472305223299
AT3G09085	-0.0072044363096803
AT3G02710	-0.00720403322453318
AT3G54290	-0.00720267274965627
AT5G23540	-0.00720262802907558
AT3G13882	-0.00720239921242219
AT5G61270	-0.00720196252545717
AT1G59970	-0.0072018233408243
AT3G17170	-0.00720176202370193
AT5G43250	-0.00720160673946185
AT3G05625	-0.0072013939250586
AT2G06050	-0.00720120841845169
AT3G51970	-0.00720071115434095
AT5G66720	-0.00720049374532675
AT4G12700	-0.00720031811321056
AT4G30710	-0.00720026947196683
AT2G40430	-0.00719958358865475
AT1G20110	-0.00719931278399658
AT4G15090	-0.0071988525083274
AT3G08700	-0.00719885218571871
AT2G39950	-0.00719871986118405
AT5G40200	-0.0071981150351351
AT4G17890	-0.00719778327664451
AT5G14390	-0.00719774776463037
AT5G17910	-0.00719746403803624
AT5G45190	-0.00719726133718343
AT2G01320	-0.00719723058294297
AT5G12230	-0.00719706602569295
AT5G35680	-0.0071968770538367
AT2G47070	-0.00719669306164979
AT3G24200	-0.00719661439340581
AT2G15900	-0.00719627315233152
AT2G40420	-0.00719554678247313
AT1G26930	-0.00719495119109098
AT5G41050	-0.00719484947684158
AT1G21390	-0.00719450438545808
AT4G36580	-0.00719448855531044
AT3G53180	-0.00719424429292642
AT1G70140	-0.00719415590969365
AT4G11010	-0.0071940009421917
AT3G17830	-0.0071939699920226
AT4G32520	-0.00719395432239589
AT5G15820	-0.0071936664721719
AT2G37640	-0.00719331192424957
AT5G07140	-0.00719266521718739
AT1G66240	-0.0071923094457668
AT1G69350	-0.00719225995481394
AT1G76980	-0.00719208398016582
AT5G24840	-0.00719142790804639
AT1G34160	-0.00719097366451759
AT5G65380	-0.00719072924416172
AT1G10960	-0.00719063590966975
AT4G03820	-0.00719053567888539
AT4G39900	-0.00719040415512029
AT4G30550	-0.0071903089504355
AT5G41020	-0.00718996233657894
AT5G05880	-0.00718988004872271
AT4G38040	-0.00718939911031082
AT2G38410	-0.0071891050831396
AT5G40890	-0.0071890373704025
AT4G32890	-0.00718890732512173
AT1G09340	-0.00718884298493658
AT1G31870	-0.00718884081250705
AT1G64355	-0.00718870770135977
AT1G68238	-0.00718844089487575
AT5G65840	-0.00718806790835907
AT2G34000	-0.00718802957811898
AT2G18390	-0.00718800828029442
AT1G02220	-0.00718769703937239
AT1G50120	-0.00718751177924571
AT4G28630	-0.00718735792235789
AT3G61890	-0.00718644389162793
AT1G51830	-0.007186366497133
AT2G01200	-0.00718609741920038
AT2G01130	-0.00718548366602871
AT1G45249	-0.00718543226395363
AT5G06110	-0.00718496274847486
AT2G30390	-0.00718488110790769
AT5G07330	-0.00718447905342371
AT4G20300	-0.00718446995794963
AT1G21410	-0.00718439614640432
AT1G51420	-0.00718414253037943
AT1G14030	-0.00718413280213002
AT2G26730	-0.00718397954765092
AT3G25610	-0.00718389099961057
AT3G10690	-0.00718371433455119
AT2G40590	-0.00718366592506228
AT5G48520	-0.00718342084263051
AT5G50840	-0.00718303767094159
AT3G27850	-0.00718302872579544
AT2G01680	-0.00718270376206657
AT1G26920	-0.00718228509899713
AT3G12560	-0.00718223837763037
AT3G54660	-0.0071818708101302
AT2G20780	-0.00718113681981189
AT1G78690	-0.00718096690473648
AT1G75440	-0.00718047922066276
AT5G42320	-0.00718004438507488
AT5G03470	-0.00717962069167495
AT1G11380	-0.00717951008537251
AT5G51550	-0.00717942450133533
AT5G22330	-0.00717920158910956
AT1G48160	-0.00717892541274831
AT4G13730	-0.00717858021312994
AT4G38930	-0.00717840824565036
AT4G39350	-0.007178327469946
AT2G47620	-0.00717819329854462
AT2G29960	-0.00717812113852655
AT3G04260	-0.0071777910612431
AT3G19760	-0.00717756640198495
AT5G16360	-0.00717745219322684
AT2G17780	-0.00717742040557106
AT4G27180	-0.00717722244528398
AT5G57940	-0.00717695389523346
AT5G59420	-0.00717677291576607
AT1G21080	-0.00717674608602732
AT1G49010	-0.0071766514786705
AT1G19450	-0.0071765675425845
AT3G02760	-0.00717629420385333
AT3G11690	-0.0071757160582721
AT2G39280	-0.00717555881689852
AT1G66980	-0.00717552475303627
AT4G33140	-0.00717542253673768
AT5G61830	-0.00717497252632399
AT4G33350	-0.00717493145090648
AT2G34830	-0.00717476106982235
AT5G64180	-0.00717459904376038
AT5G45300	-0.00717437739491563
AT4G30600	-0.00717432159341098
AT4G36420	-0.00717394695016026
AT1G80930	-0.00717380315618438
AT1G09960	-0.00717377260927129
AT1G68430	-0.00717355581225467
AT3G04840	-0.00717330656702072
AT3G26400	-0.00717319715323631
AT1G50010	-0.00717318524549439
AT1G16320	-0.00717295363201776
AT5G20280	-0.00717249755648875
AT4G21660	-0.00717172694275467
AT2G35155	-0.00717157831143506
AT5G20870	-0.00717130013771152
AT5G51140	-0.00717118696949909
AT2G18990	-0.00717092596937909
AT3G07290	-0.00717055561997832
AT2G38840	-0.0071705262300442
AT4G31700	-0.00717012024628689
AT2G32640	-0.00716977633794306
AT5G67320	-0.00716948434307386
AT2G03350	-0.0071694075027966
AT1G71860	-0.00716930145191755
AT5G46100	-0.00716921076215966
AT1G68725	-0.00716914641191955
AT5G26850	-0.00716897609510264
AT2G24630	-0.00716880503242393
AT1G08480	-0.00716877438140616
AT4G15280	-0.00716856503829441
AT5G16290	-0.0071683059700644
AT4G31355	-0.00716758493770587
AT5G55860	-0.00716727366476598
AT1G23400	-0.00716688207266204
AT4G28980	-0.00716686999676969
AT4G00060	-0.00716680909207763
AT2G36890	-0.00716670464199927
AT3G01960	-0.00716652720004306
AT3G60720	-0.00716630768469571
AT3G58470	-0.00716613781236647
AT3G47840	-0.00716598778219504
AT4G09680	-0.00716592067536427
AT1G50630	-0.00716588715990377
AT5G57870	-0.00716541879593736
AT1G80180	-0.00716522686177164
AT2G43950	-0.00716491631043632
AT5G05210	-0.00716469996865262
AT5G65210	-0.00716450794489321
AT5G10260	-0.00716440121638917
AT5G61010	-0.00716411213991917
AT1G22860	-0.00716379736952822
AT4G29830	-0.0071637213871335
AT1G47310	-0.00716369219879461
AT5G06160	-0.00716341602934001
AT5G02710	-0.00716307679011468
AT3G59340	-0.00716305994236889
AT5G01340	-0.00716263298469271
AT5G64090	-0.00716261383015301
AT3G50530	-0.00716194008722646
AT1G67040	-0.00716147558439728
AT3G22960	-0.00716112024857954
AT4G16720	-0.00716097015284109
AT5G61450	-0.0071609231714982
AT1G56500	-0.00716080562791065
AT5G23575	-0.00716080108479346
AT1G33790	-0.00716078074413081
AT2G23080	-0.00716073657420652
AT1G11800	-0.00716012421387464
AT4G34860	-0.00716004377701318
AT3G01320	-0.00715967043669857
AT5G62710	-0.00715918249119067
AT3G52390	-0.00715913230829522
AT5G24450	-0.00715910134699331
AT1G74740	-0.00715878493813722
AT5G02310	-0.00715865499817322
AT2G41890	-0.00715861991539024
AT2G01818	-0.00715781318973488
AT3G13050	-0.00715768935762231
AT1G03560	-0.00715761903125509
AT2G22660	-0.00715720778818392
AT2G34150	-0.00715676643076015
AT4G22880	-0.00715665492466949
AT2G42395	-0.00715581114015418
AT4G39670	-0.00715521728709088
AT5G61210	-0.00715500693099988
AT3G54680	-0.00715391387411178
AT5G16560	-0.00715342550417319
AT5G57370	-0.00715313361239868
AT4G39420	-0.00715283735752986
AT5G56650	-0.00715264497345249
AT3G62790	-0.0071525397758624
AT3G01175	-0.00715242375435941
AT1G28320	-0.00715240135030037
AT5G15180	-0.00715219293928094
AT4G30200	-0.00715189509852662
AT1G01990	-0.00715156646680126
AT3G05290	-0.00715152917205298
AT1G70290	-0.00715142269930755
AT5G36160	-0.00715108089679687
AT2G35370	-0.00715099675595273
AT5G41190	-0.00715084735365806
AT5G54670	-0.0071507850527989
AT5G18410	-0.00715071453064464
AT3G19540	-0.0071506501994432
AT5G44030	-0.00715046977147804
AT1G76550	-0.00715041966605522
AT1G16560	-0.00715040569101543
AT5G15700	-0.00715030832295446
AT1G74920	-0.00715023418862285
AT3G10490	-0.00714978228394484
AT4G24470	-0.00714916982005626
AT5G16750	-0.00714894739454893
AT2G40840	-0.00714886081856343
AT4G02740	-0.00714836688832781
AT3G01640	-0.00714817606517843
AT1G20760	-0.00714811519336477
AT5G23820	-0.00714799530675231
AT1G05790	-0.0071479858611013
AT5G04470	-0.00714779774662599
AT5G67460	-0.00714745060744776
AT1G29240	-0.00714725524948121
AT4G36920	-0.00714690881942846
AT2G34630	-0.00714678205892114
AT2G16700	-0.00714659463584378
AT3G09690	-0.00714651512559122
AT5G61190	-0.00714649313101788
AT4G18050	-0.00714610552153561
AT1G23900	-0.00714558883832509
AT5G51130	-0.00714553716805102
AT5G44370	-0.0071454927330089
AT1G26730	-0.00714516566806189
AT2G20770	-0.00714513907100748
AT1G06210	-0.00714497280911733
AT1G77760	-0.0071445993370724
AT4G02590	-0.00714457068516911
AT5G06280	-0.00714456974459057
AT2G30160	-0.00714416731970105
AT1G49600	-0.00714413604386985
AT3G19290	-0.00714407987577471
AT1G68920	-0.00714382582438263
AT1G70790	-0.00714355683072757
AT4G17430	-0.00714353253817638
AT2G39290	-0.00714319528551501
AT2G21870	-0.00714309265490225
AT1G70350	-0.00714306986337215
AT1G37150	0.00714299191767917
AT2G26100	-0.00714260513975647
AT3G18480	-0.00714249235293947
AT3G28007	-0.00714219095973459
AT1G54690	-0.00714214121661509
AT3G24660	-0.00714179985179189
AT4G05400	-0.00714161230027252
AT1G49710	-0.00714138493229642
AT1G20260	-0.00714132006316416
AT3G17890	-0.00714126247896286
AT1G58520	-0.0071411260409169
AT2G47830	-0.00714102579313553
AT5G51660	-0.00714080619024986
AT1G65270	-0.00714080166172636
AT3G09920	-0.00714077867433122
AT5G20700	-0.00714067021119654
AT1G48175	-0.00714034420544795
AT5G01050	-0.00714024295443432
AT1G50300	-0.00714006466252614
AT4G31985	-0.00713958295831847
AT5G15750	-0.0071393542834739
AT4G27640	-0.00713933954056673
AT5G65670	-0.0071387510134837
AT5G35590	-0.00713870761119568
AT5G27600	-0.00713841525718482
AT3G15920	-0.00713839394981506
AT5G01890	-0.00713811425648317
AT3G45780	-0.00713800812644591
AT5G63640	-0.00713793218544817
AT1G62780	-0.00713779616578148
AT4G00710	-0.00713778650080246
AT5G06470	-0.00713776134553087
AT5G54440	-0.0071375840257071
AT5G58787	-0.00713673466674395
AT3G29375	-0.00713668639813017
AT1G44835	-0.00713657987791153
AT4G00460	-0.00713650351800236
AT1G21270	-0.00713634935192861
AT1G76510	-0.00713596938726942
AT3G17220	-0.00713596638214716
AT5G16940	-0.00713504419111279
AT5G15340	-0.00713499034161016
AT5G54650	-0.0071348511638245
AT4G35540	-0.00713469738103227
AT1G70500	-0.00713453055255034
AT2G22890	-0.00713441438652774
AT3G04580	-0.00713424189751939
AT2G47380	-0.00713383412931032
AT1G33350	-0.00713355258184132
AT3G46820	-0.00713354862713824
AT1G69295	-0.00713329268525901
AT5G12040	-0.00713299663406132
AT2G24330	-0.00713253731397853
AT5G45800	-0.00713241222496386
AT1G73090	-0.00713117366971372
AT4G23460	-0.00713111736672979
AT3G62140	-0.0071309960329285
AT1G50280	-0.00713096075469184
AT5G50230	-0.00713084543972003
AT3G14470	-0.00713072288756305
AT2G25355	-0.00713047886220473
AT1G04210	-0.00712992359562588
AT3G20260	-0.00712989317950583
AT3G55260	-0.00712985598556398
AT2G29200	-0.00712951281088918
AT2G01290	-0.0071294746866461
AT5G26110	-0.0071293554852807
AT5G02740	-0.00712916692795074
AT5G64050	-0.00712878746739048
AT4G17070	-0.00712838321508465
AT4G36195	-0.00712830720335564
AT5G61640	-0.0071281666881681
AT1G80230	-0.00712778860923811
AT3G62370	-0.00712752471665629
AT1G07570	-0.00712747940668
AT5G13300	-0.0071270548413181
AT5G16270	-0.00712693443771688
AT2G04340	-0.00712693164874098
AT1G61300	-0.00712658768881275
AT4G20840	-0.00712654019807998
AT3G60370	-0.00712647300932878
AT3G08950	-0.007126196034087
AT2G23070	-0.00712603486936068
AT3G24830	-0.00712596923263472
AT5G19500	-0.00712535850497261
AT3G01190	-0.0071253339819651
AT5G23320	-0.00712523692816003
AT5G14420	-0.00712518714832124
AT1G79750	-0.00712447241571991
AT2G47360	-0.00712425562163902
AT1G01050	-0.0071242263012361
AT5G25980	-0.00712403466057558
AT4G34730	-0.00712336782919637
AT2G44940	-0.00712325059044562
AT5G19330	-0.0071232156264544
AT5G17710	-0.00712310346130507
AT2G35635	-0.00712258536294058
AT5G17020	-0.00712227486330432
AT3G20620	-0.00712211848926627
AT3G18190	-0.00712211254693258
AT4G19840	-0.00712183217533479
AT5G51700	-0.00712163293334594
AT1G78180	-0.00712146890315699
AT5G61400	-0.00712143860561681
AT1G55390	-0.00712116453607467
AT5G01980	-0.00712088365140061
AT3G14830	-0.00712078144223539
AT5G24810	-0.00712064381823972
AT1G02870	-0.00712040644619544
AT2G19480	-0.00712012538354558
AT5G42870	-0.00712006820725432
AT2G02060	-0.00711928409138406
AT4G39730	-0.00711910987857874
AT4G01370	-0.00711850668981384
AT5G45750	-0.0071183929158106
AT4G15820	-0.00711825393209007
AT4G11060	-0.00711820495785955
AT2G31070	-0.00711781248229883
AT4G01400	-0.00711761195638615
AT1G21740	-0.00711737665869067
AT1G04430	-0.0071173309929956
AT1G17070	-0.0071172706987503
AT2G17390	-0.00711724580882979
AT1G13320	-0.00711706296371117
AT1G29950	-0.00711660268034122
AT5G04060	-0.00711659221030208
AT2G35050	-0.00711636027355049
AT3G27550	-0.00711605289663377
AT3G21175	-0.00711568625900676
AT4G15010	-0.00711560124345406
AT3G46220	-0.00711547000565763
AT3G51850	-0.00711528339311094
AT5G12200	-0.00711527525330259
AT4G14430	-0.00711521754845401
AT5G49280	-0.00711494948723181
AT1G15270	-0.00711458614576527
AT5G05590	-0.00711453666695143
AT4G00090	-0.00711447261432992
AT5G22140	-0.00711444056700381
AT2G45070	-0.00711429355442829
AT3G48560	-0.00711375286288127
AT2G47490	-0.00711375004821113
AT4G16420	-0.00711363609941772
AT5G35180	-0.00711340448066375
AT3G11410	-0.00711320339378265
AT1G68810	-0.00711258740088478
AT1G60070	-0.00711240756701344
AT1G50200	-0.00711214215612479
AT3G01660	-0.00711213041233815
AT1G33980	-0.00711200645483343
AT2G37100	-0.0071116881108961
AT4G33170	-0.00711157725777324
AT2G35620	-0.00711073755471384
AT4G35950	-0.00711071369294091
AT3G28040	-0.00711050655456556
AT5G64250	-0.00711032132855355
AT3G46720	-0.00711023892297613
AT3G11700	-0.00710962959272139
AT5G40670	-0.00710919198945733
AT1G80260	-0.00710906810156349
AT4G33100	-0.00710892289526784
AT3G53820	-0.00710816597017319
AT5G20120	-0.00710770064795695
AT5G52240	-0.00710753840359352
AT3G24430	-0.00710736514453835
AT5G01480	-0.00710729695400003
AT5G60640	-0.00710714725693443
FBti0019096	0.00710680141224807
AT5G09810	-0.00710665771792324
AT3G51370	-0.00710650666047835
AT1G01440	-0.0071057750230904
AT1G64840	-0.00710558560143307
AT4G33630	-0.00710540185158073
AT4G29870	-0.00710528963786376
AT1G16460	-0.00710489570787745
AT1G56310	-0.00710460997366676
AT2G22475	-0.00710455456057599
AT2G29570	-0.00710441070263144
AT1G49530	-0.00710423140057887
AT1G71240	-0.00710396591817633
AT2G26510	-0.00710395834068505
AT2G40790	-0.0071038819219435
AT2G41770	-0.00710383302890219
AT2G30720	-0.00710373216359697
AT3G12010	-0.00710350975931289
AT3G56690	-0.0071029520736229
AT2G41835	-0.00710260660798999
AT5G17760	-0.00710218059151399
AT5G10780	-0.00710193172740486
AT4G08580	-0.00710190597965241
AT4G13980	-0.00710185242397342
AT1G12050	-0.00710169774408104
AT4G21350	-0.00710169170748592
AT5G54500	-0.00710113350184138
AT1G56230	-0.0071010575690921
AT1G43620	-0.00710025748733501
AT2G45340	-0.00709960070765432
AT5G38480	-0.00709928381022451
AT5G02180	-0.00709928317683822
AT4G32820	-0.00709906364688299
AT5G52630	-0.00709876099287722
AT1G19430	-0.00709871253979721
AT1G16070	-0.00709843866713866
AT4G27430	-0.00709832086535755
AT2G38480	-0.00709812226963836
AT5G03230	-0.00709764961437475
AT5G35700	-0.00709758435713041
AT1G53210	-0.00709736400866967
AT2G42080	-0.00709724073561698
AT1G01540	-0.00709700199445895
AT2G20240	-0.0070963938327951
AT3G54620	-0.00709635213893507
AT3G20920	-0.00709623953010102
AT3G03690	-0.00709602162624586
AT4G17640	-0.0070958649793454
AT5G09440	-0.0070956261935982
AT1G22940	-0.00709548785352412
AT1G23140	-0.00709505264814074
AT5G20930	-0.00709486168482255
AT3G47510	-0.00709469583923182
AT2G26430	-0.00709334610974824
AT2G29540	-0.00709333929480277
AT1G54340	-0.00709331695041897
AT1G07210	-0.00709324861032875
AT5G06060	-0.0070930914580742
AT1G78810	-0.00709294286665368
AT5G16260	-0.00709250512190275
AT1G53390	-0.00709237480636649
AT1G72125	-0.00709223860833426
AT1G08840	-0.00709186456008754
AT1G05670	-0.00709163283913838
AT4G11090	-0.00709107734950713
AT4G29440	-0.00709094841705461
AT1G54250	-0.00709094642276998
AT4G14600	-0.00709086288756691
AT5G52410	-0.00709085802887613
AT3G24030	-0.00709085610806391
AT5G48930	-0.00709079803808302
AT5G56950	-0.00709077727657278
AT3G18524	-0.00709065238002758
AT4G26910	-0.00709047053549818
AT1G49475	-0.00709045833946132
AT5G67570	-0.00709035886234997
AT1G56550	-0.00709024299913965
AT5G47310	-0.00709019382520328
AT3G55720	-0.00708998618617841
AT3G51325	-0.00708977429837538
AT2G26060	-0.00708955335036857
AT1G30690	-0.00708946492605906
AT1G20410	-0.00708946329072825
AT4G23790	-0.00708891334487363
AT5G18520	-0.0070883738194314
AT1G23030	-0.0070883081438607
AT3G49590	-0.00708822903730427
AT1G63690	-0.00708793453031323
AT1G58210	-0.00708777224417474
AT2G29890	-0.00708764950061338
AT4G13270	-0.00708747463474095
AT3G45770	-0.00708693581990085
AT2G42650	-0.00708691268306097
AT4G24520	-0.00708675951900327
AT1G12920	-0.00708577207020753
AT1G55620	-0.00708527856915652
AT3G48820	-0.00708497296871716
AT5G62650	-0.00708467615320589
AT5G53480	-0.00708462447090762
AT1G06490	-0.00708434560981308
AT2G45710	-0.0070839351131561
AT1G64350	-0.0070838495359356
AT4G36680	-0.00708311869096498
AT4G30890	-0.00708298351161425
AT2G03667	-0.00708260562278452
AT3G58030	-0.00708244126640963
AT3G29410	-0.00708241866859793
AT4G14360	-0.00708198542311208
AT1G16810	-0.00708168528616494
AT3G26000	-0.00708075092869249
AT3G53520	-0.00708071929289627
AT5G27690	-0.00708030200541475
AT4G16190	-0.0070802433583066
AT4G12710	-0.0070801416782867
AT5G59140	-0.00707994858487041
AT5G37660	-0.00707981267451217
AT3G15130	-0.00707972679018671
AT2G38760	-0.00707962377416768
AT1G60505	-0.00707954619549212
AT4G34450	-0.00707940712005299
AT3G49210	-0.00707925992452742
AT3G21100	-0.00707900871689632
AT5G61760	-0.00707893837420231
AT2G34140	-0.00707857308423481
AT5G14500	-0.00707845120356034
AT2G27900	-0.00707803693753694
AT2G40620	-0.00707762941796334
AT1G80290	-0.00707759981893509
AT3G18485	-0.00707742679174649
AT4G19070	-0.00707694418753271
AT5G48040	-0.00707690422325603
AT1G75210	-0.00707684181896355
AT3G54880	-0.00707681690604685
AT5G37350	-0.00707665353558389
AT5G16280	-0.00707648276320794
AT1G31850	-0.0070760659076723
AT1G48970	-0.00707605891831477
AT1G02230	-0.00707605206263363
AT3G54640	-0.00707586976555383
AT2G29310	-0.00707535566404546
AT3G07990	-0.0070751086360626
AT1G20910	-0.00707465035402477
AT5G20290	-0.00707456680686414
AT2G45330	-0.00707444846665768
AT3G06290	-0.00707423743122044
AT4G27600	-0.00707364924471542
AT3G27240	-0.00707358414264248
AT1G79690	-0.0070734500317207
AT1G01390	-0.00707325199668127
AT3G06350	-0.00707215062298683
AT3G05030	-0.00707202353695145
AT4G40050	-0.00707183897145839
AT1G16220	-0.00707171928227162
AT5G42920	-0.00707155725181222
AT4G35570	-0.00707149383840021
AT4G06075	-0.00707129359635997
AT1G07610	-0.00707065545265574
AT5G09900	-0.00707018434062
AT3G55620	-0.00707006800892563
AT2G05260	-0.00707005545677261
AT5G53430	-0.00707002586029179
AT2G46270	-0.00707001751241924
AT2G21170	-0.00706999301913176
AT4G39890	-0.0070697082231044
AT3G23910	-0.00706914018196391
AT3G48880	-0.0070682456515211
AT1G73020	-0.00706800162198418
AT3G49110	-0.00706780575691451
AT3G61050	-0.00706772166598336
AT3G04670	-0.00706762066014845
AT3G18350	-0.00706745175603877
AT5G19630	-0.00706739084399131
AT4G35460	-0.00706723024757932
AT1G17720	-0.00706712372679766
AT1G62280	-0.00706704624536338
AT1G51720	-0.00706674053111654
AT2G32700	-0.00706668447974128
AT4G26140	-0.00706666586754235
AT3G49660	-0.0070666643399171
AT5G39840	-0.00706663678974396
AT3G20290	-0.00706651511496171
AT4G32450	-0.00706634732314175
AT1G27120	-0.00706617344409045
AT4G09640	-0.00706592401623364
AT4G28210	-0.00706592209068773
AT1G71500	-0.00706591599328602
AT2G44360	-0.00706583484662323
AT1G67580	-0.00706531072440682
AT3G24315	-0.0070652349286383
AT1G11475	-0.00706509747127334
AT1G27690	-0.00706494017691569
AT4G16970	-0.00706469430914607
AT4G30130	-0.00706469175468623
AT4G10510	-0.00706465981796246
AT5G07740	-0.00706460164513128
AT2G05160	-0.00706449901494
AT1G80450	-0.00706438653298569
AT4G26980	-0.00706395252201946
AT1G14430	-0.00706378939831898
AT5G20040	-0.00706370538323516
AT5G43130	-0.00706355121504121
AT4G25515	-0.00706335597616147
AT1G28260	-0.00706314159900402
AT2G43240	-0.00706285476650313
AT4G38160	-0.00706282056813566
AT5G09990	-0.00706260489649407
AT3G03180	-0.00706243002963115
AT3G12590	-0.00706211723283401
AT4G21570	-0.00706198506526962
AT5G13720	-0.00706166490788956
AT1G57820	-0.00706165307180029
AT5G25780	-0.00706163478495946
AT5G19660	-0.00706154334691059
AT4G28260	-0.00706117253303142
AT2G29090	-0.0070611069387713
AT1G78730	-0.00706084502698325
AT5G58420	-0.00706039960876066
AT1G55110	-0.0070601752636314
AT4G12230	-0.00705972288831237
AT1G02570	-0.00705944870905779
AT3G09490	-0.00705915306911629
AT1G11600	-0.00705897873019284
AT5G44620	0.00705872020567166
AT2G02220	-0.00705871152524843
AT2G40280	-0.00705870282720441
AT4G02790	-0.00705855439484308
AT3G08920	-0.00705824171888779
AT3G45650	-0.00705820519029708
AT3G26850	-0.00705769181735764
AT1G05600	-0.00705762357369373
AT3G03300	-0.00705760775537209
AT2G01990	-0.00705740856977849
AT3G16740	-0.0070573941729492
AT4G22680	-0.00705637941189958
AT2G31980	-0.00705599695906732
AT4G22740	-0.00705583512860163
AT3G20310	-0.00705509611307615
AT3G52730	-0.00705475642453999
AT3G62130	-0.00705465992204153
AT4G17390	-0.00705457889167741
AT3G23150	-0.00705407284996063
AT3G55320	-0.007053029258769
AT5G15330	-0.00705298852417136
AT2G41670	-0.00705293983290163
AT1G48210	-0.00705255485675238
AT5G18750	-0.00705238578975072
AT4G16310	-0.00705234996662945
AT1G29040	-0.00705198297995349
AT1G06270	-0.00705183809876183
AT2G41080	-0.00705164828456248
AT3G23660	-0.0070509919951193
AT4G03610	-0.00705084489499296
AT1G23780	-0.00705056374163515
AT2G44090	-0.00705037209879119
AT3G12350	-0.00705026691229763
AT1G11820	-0.00705024004465804
AT5G27270	-0.00704969132009723
AT2G28080	-0.0070496647103784
AT1G77230	-0.00704961370508334
AT5G59540	-0.00704891728478446
AT3G01480	-0.00704882883455844
AT4G32250	-0.00704849964025709
AT4G12620	-0.00704817188532334
AT1G23890	-0.00704811501819487
AT5G60870	-0.00704784766363022
AT1G32740	-0.0070477723530119
AT5G55290	-0.00704758899163431
AT5G61840	-0.00704645342911548
AT5G58940	-0.00704627311018476
AT4G06599	-0.0070458090517871
AT3G56840	-0.00704577968942031
AT2G27210	-0.00704561526438267
AT4G29260	-0.00704547380922045
AT3G50260	-0.00704524938500988
AT3G13740	-0.00704488002577418
AT3G22110	-0.00704469122042626
AT4G30860	-0.00704464361568458
AT3G52120	-0.00704390364026596
AT5G61220	-0.00704375471167127
AT1G50180	-0.00704365683590186
AT1G62330	-0.00704356767561647
AT1G65660	-0.00704351532918652
AT1G16440	-0.00704332695431907
AT4G37830	-0.00704269513009013
AT1G35330	-0.00704265281375186
AT3G62280	-0.00704260409635634
AT1G20823	-0.00704246732314902
AT1G77580	-0.00704192743479019
AT4G26415	-0.00704191515908605
AT2G19790	-0.00704128078833023
AT5G26030	-0.00704088577986051
AT5G47960	-0.00704084994059046
AT4G39030	-0.00704084569973406
AT1G31910	-0.00704075998417706
AT1G61980	-0.00703996745010987
AT5G52380	-0.00703992987872154
AT5G57480	-0.00703981850636551
AT1G54380	-0.00703968680470355
AT1G24764	-0.00703962521789278
AT5G09660	-0.00703961334813041
AT4G32000	-0.00703868919949655
AT4G30610	-0.00703848146182142
AT3G13160	-0.00703820723906813
AT1G68710	-0.00703787176421042
AT4G39870	-0.00703769788643283
AT4G24260	-0.00703761285989154
AT3G48430	-0.00703747900787251
AT3G19910	-0.00703732235949792
AT2G31600	-0.00703703232140878
AT2G44710	-0.00703698396327615
AT1G53290	-0.00703695245008783
AT4G31890	-0.00703680916545608
AT1G10200	-0.00703653149055444
AT5G01230	-0.00703597729431212
AT4G00240	-0.00703530643856203
AT5G16780	-0.0070352191834568
AT4G31180	-0.00703479748481282
AT2G17300	-0.00703479508103271
AT5G56020	-0.00703467665024084
AT1G80120	-0.00703415014514692
AT5G47930	-0.00703389782130864
AT4G14410	-0.00703371332191511
AT3G27070	-0.00703368190804374
AT3G14120	-0.00703359529736866
AT4G00480	-0.00703291147405284
AT4G22230	-0.00703281160729434
AT1G03970	-0.00703253876363202
AT4G13680	-0.00703245469468884
AT2G27775	-0.0070322233047735
AT4G19150	-0.00703222076438822
AT3G05020	-0.00703181148629388
AT1G18320	-0.00703135793256939
AT1G28240	-0.00703123368936737
AT3G58510	-0.00703103579694185
AT5G44520	-0.00703093833081142
AT3G60590	-0.00703077422091968
AT1G48350	-0.00703045559370312
AT4G29170	-0.0070294165513887
AT5G53330	-0.00702933749731071
AT4G16380	-0.00702909316688243
AT5G23520	-0.00702878582252615
AT5G64950	-0.00702851177744634
AT4G27910	-0.00702782383268356
AT4G22770	-0.00702782253208923
AT2G24360	-0.00702741510438754
AT2G44525	-0.00702701253889772
AT5G20720	-0.00702689807514993
AT4G27780	-0.00702687831111263
AT5G19450	-0.00702675428787979
AT1G48110	-0.00702617667752912
AT3G15110	-0.00702521665204037
AT1G73500	-0.00702511091023843
AT5G15860	-0.00702342606804705
AT1G16720	-0.00702335601049606
AT5G53090	-0.00702323817056141
AT3G62840	-0.00702294412452769
AT5G40860	-0.00702254128357282
AT1G22870	-0.00702185658587137
AT5G23535	-0.00702178979633061
AT2G01590	-0.00702157579126535
AT4G36380	-0.00702116004645889
AT4G22285	-0.00702083289122235
AT1G06680	-0.00702080820550475
AT4G15610	-0.00702071782883807
AT4G18760	-0.00702065873757776
AT1G78120	-0.00701987744403175
AT1G52980	-0.00701986532895435
AT5G51350	-0.00701975861566749
AT5G14280	-0.00701965827956876
AT1G03400	-0.00701962127645323
AT2G21150	-0.00701959915640629
AT1G52300	-0.0070194198085677
AT2G20000	-0.00701928694272272
AT1G47340	-0.00701881125901088
AT4G00830	-0.00701867599145536
AT5G21430	-0.00701852276030112
AT3G03210	-0.00701753735921702
AT5G58300	-0.0070166255035614
AT5G36000	-0.00701653520502528
AT2G46280	-0.00701645030690058
AT4G38670	-0.00701639967329561
AT4G25610	-0.00701578395080222
AT1G53690	0.00701578269028896
AT1G08035	-0.00701536292747707
AT4G17600	-0.00701496995097396
AT5G46600	-0.00701404232998397
AT1G47550	-0.00701370607427711
AT1G78300	-0.00701355557365189
AT5G05750	-0.00701335698953233
AT2G45260	-0.00701335091103098
AT4G34710	-0.00701307841731892
AT1G36980	-0.00701285420422282
AT1G52260	-0.00701243985130786
AT4G18840	-0.00701210577542139
AT3G06540	-0.00701201355766283
AT4G19130	-0.00701194532374061
AT3G07270	-0.00701190474388244
AT2G35350	-0.00701166683172749
AT3G49350	-0.00701166083571008
AT4G22850	-0.00701146611343506
AT2G26930	-0.00701131409915719
AT4G03020	-0.00701108214921199
AT2G34900	-0.00701095529858459
AT5G65290	-0.00701089034682284
AT2G23700	-0.00701062608373827
AT4G10140	-0.00701005944076931
AT4G35220	-0.00700991318081842
AT3G18165	-0.0070098468483433
AT5G49100	-0.00700968817686394
AT3G43600	-0.00700960895128471
AT5G18650	-0.00700921431713456
AT4G31805	-0.00700921211030589
AT5G11070	-0.0070091217707415
AT4G12330	-0.00700899860323841
AT3G47290	-0.00700859732047925
AT5G11960	-0.00700815414063259
AT5G51340	-0.00700804207164484
AT1G55270	-0.00700774785497375
AT3G28730	-0.00700768600242526
AT1G27150	-0.00700735933088107
AT5G49940	-0.00700724476750012
AT1G11430	-0.00700668120543829
AT3G22290	-0.00700659261859484
AT3G58520	-0.00700634647786328
AT5G56940	-0.00700623669618779
AT5G62560	-0.00700594008277477
AT4G29730	-0.00700526959072251
AT3G15140	-0.00700515314694231
AT5G41210	-0.00700501231637151
AT3G19440	-0.00700501175902306
AT2G39460	-0.00700470461868558
AT5G67540	-0.00700464527027883
AT1G01830	-0.00700464382824157
AT2G46640	-0.00700396569879128
AT1G12930	-0.00700387973228585
AT4G34412	-0.00700353308538024
AT4G32400	-0.00700266917701807
AT4G25520	-0.00700252095813791
AT5G11350	-0.00700192561298637
AT3G60540	-0.00700166410206768
AT1G53280	-0.00700138454505465
AT5G11340	-0.00700123556041315
AT1G06550	-0.00700092060087455
AT3G11000	-0.00700029358063364
AT5G03240	-0.00699988392827959
AT2G31510	-0.00699980870964288
AT3G59410	-0.00699952092104983
AT3G18773	-0.00699934831503394
AT2G25730	-0.00699928416698547
AT1G54790	-0.00699922233867287
AT4G03560	-0.00699920108196232
AT4G33810	-0.00699916116428158
AT3G01650	-0.006999145208915
AT1G17760	-0.0069991281826662
AT4G27620	-0.00699871086279802
AT1G66590	-0.00699831050939263
AT4G39800	-0.00699808318248781
AT4G19670	-0.00699784711714428
AT2G26340	-0.00699775711515389
AT5G63850	-0.00699724770199682
AT5G03370	-0.00699648477804267
AT2G03060	-0.00699642293999322
AT3G28715	-0.00699616279526946
AT2G31380	-0.00699581109500277
AT1G70570	-0.00699550312274201
AT3G57230	-0.00699538810055261
AT3G53460	-0.00699538399784935
AT5G07130	-0.00699526499025738
AT2G25280	-0.00699525744305283
AT4G29520	-0.00699499220929856
AT1G65030	-0.00699476616494775
AT1G64920	-0.00699459826411199
AT1G03230	-0.00699450346923468
AT1G21480	-0.00699447395731463
AT1G27595	-0.00699418028469329
AT1G03365	-0.00699376640373925
AT3G50410	-0.00699361953253579
AT2G25940	-0.00699358721086538
AT3G06060	-0.00699314265408806
AT3G55530	-0.00699304145362379
AT3G56340	-0.00699273261009277
AT1G15390	-0.0069924632973448
AT1G72310	-0.0069922352797725
AT3G20250	-0.00699147820885943
AT2G16930	-0.00699144203189654
AT2G28840	-0.00699108715398769
AT5G17680	-0.00699108488970671
AT5G26310	-0.00699063957663075
AT1G53600	-0.00699047168325971
AT3G15630	-0.00699025305321843
AT3G04600	-0.00698992917002775
AT1G53590	-0.00698937275902267
AT3G22410	-0.00698928863678002
AT4G27760	-0.00698826410663301
AT4G32840	-0.00698806750573695
AT3G19810	-0.00698800592308195
AT4G08330	-0.00698770558614881
AT4G20940	-0.00698744620116631
AT4G01850	-0.00698728164765414
AT1G43790	-0.00698712259149391
AT4G38490	-0.00698704827334877
AT1G80400	-0.00698661381633485
AT5G20090	-0.00698604970186665
AT2G46810	-0.00698596640857546
AT3G03710	-0.00698596624782936
AT1G13000	-0.00698561076317276
AT1G31860	-0.00698488253298778
AT2G16640	-0.00698482506442072
AT4G39240	-0.00698473954262945
AT5G48460	-0.00698411994276358
AT3G46680	-0.00698397634683914
AT4G01150	-0.00698386055720313
AT5G19025	-0.00698378265235387
AT5G57610	-0.00698328486860796
AT3G20230	-0.00698271814251126
AT1G49320	-0.00698261823324055
AT2G32900	-0.00698205304788669
AT2G38720	-0.00698181946188355
AT2G38040	-0.00698160252386174
AT5G39210	-0.00698159236373762
AT3G52300	-0.00698145556681695
AT2G17530	-0.00698137737028358
AT5G14610	-0.00698114101839345
AT4G01320	-0.00698054994045914
AT5G27970	-0.00698015987731095
AT4G22000	-0.00698008791881025
AT3G53750	-0.00697989077990679
AT2G44160	-0.0069797659637956
AT1G74500	-0.00697939630667609
AT3G20090	-0.00697882246080266
AT1G19170	-0.00697876614634052
AT2G04270	-0.00697852383592682
AT4G23100	-0.00697830577927879
AT5G51750	-0.00697790967997936
AT3G57040	-0.00697752730724731
AT5G28770	-0.00697707011339671
AT4G18205	-0.00697701155119052
AT1G77620	-0.00697682694798648
AT4G23700	-0.00697624154562419
AT4G23860	-0.00697513495931272
AT3G55420	-0.00697498709166937
AT1G65190	-0.00697487660648255
AT5G64130	-0.00697482584181319
AT2G43280	-0.00697470598194829
AT4G15110	-0.00697461594643662
AT3G11830	-0.0069742289290873
AT3G26100	-0.00697405803999365
AT1G51370	-0.00697370554485739
AT1G55170	-0.0069735228176222
AT5G23120	-0.00697269138564558
AT3G11810	-0.00697252517935336
AT1G03030	-0.00697229714642491
AT1G06890	-0.00697213479803099
AT3G56060	-0.00697148368152091
AT2G36000	-0.0069712658241642
AT1G65470	-0.0069711653902822
AT4G28030	-0.00697102767057413
AT1G73720	-0.00697082358863169
AT1G14140	-0.00697075256665655
AT4G25940	-0.00697028674602507
AT4G31880	-0.00697025823189126
AT5G60660	-0.0069693898428176
AT1G10390	-0.00696921525468493
AT3G19650	-0.00696914485678896
AT1G35710	-0.00696885056172375
AT1G58100	-0.00696881953527694
AT3G46320	-0.00696874688529706
AT4G02390	-0.00696856212921493
AT3G18710	-0.00696811825371627
AT2G37750	-0.0069679959417372
AT3G02490	-0.00696792388100435
AT4G17060	-0.00696779326813745
AT4G29720	-0.00696772768867503
AT5G55230	-0.00696762449528635
AT1G05090	-0.0069673784773915
AT3G22690	-0.00696679625231307
AT5G22950	-0.00696673079723888
AT1G64360	-0.00696628471525132
AT4G32915	-0.00696600201935402
AT5G23420	-0.00696566870845854
AT3G54220	-0.00696559729447198
AT2G22900	-0.00696557606189547
AT1G67550	-0.00696557084496495
AT3G10405	-0.00696549957406909
AT4G29330	-0.00696545063248648
AT5G54585	-0.00696503256466468
AT5G01460	-0.00696456802054521
AT4G21410	-0.00696447580893654
AT4G36760	-0.00696414053798574
AT3G09570	-0.00696410123527912
AT5G36940	-0.00696395535336978
AT2G43630	-0.00696381554017727
AT2G40935	-0.00696365288178767
AT5G46330	-0.0069635025952401
AT2G27100	-0.0069631911744276
AT5G15580	-0.00696316697351667
AT4G29670	-0.00696303643610287
AT3G10770	-0.00696277335967814
AT3G45400	-0.00696273726116794
AT4G32010	-0.00696244051986513
AT3G55730	-0.00696232283393764
AT5G58560	-0.00696186614804019
AT5G19870	-0.0069617368554377
AT4G18975	-0.006961673410222
AT3G20060	-0.00696162130237417
AT5G60720	-0.0069615634752063
AT1G26910	-0.0069615377275195
AT2G47610	-0.00696152171658967
AT4G24730	-0.00696115437448897
AT1G62820	-0.00696108956677468
AT3G05970	-0.00696085041615181
AT2G14170	-0.00696054819622079
AT5G06270	-0.00696030900719936
AT5G57815	-0.00695996034564666
AT1G19130	-0.00695978362917252
AT1G76670	-0.0069587398690915
AT5G49970	-0.00695868021621344
AT1G53570	-0.00695858152453793
AT2G16870	-0.00695855482044042
AT2G26110	-0.00695852037325337
AT1G80280	-0.00695847596140552
AT2G29640	-0.00695846412902535
AT2G25760	-0.00695789664027211
AT2G31140	-0.00695762359983075
AT1G60230	-0.0069575397756722
AT3G59010	-0.00695732223808277
AT5G57500	-0.00695727807314474
AT2G23950	-0.00695716319723502
AT4G23470	-0.00695708647406378
AT1G68440	-0.00695693110205653
AT4G32180	-0.00695691368161802
AT5G66410	-0.00695661113346471
AT3G56500	-0.00695660644202929
AT1G07110	-0.00695634219344379
AT5G24930	-0.00695630812292583
AT3G03340	-0.00695599230940722
AT4G03510	-0.00695572151756483
AT5G22340	-0.00695540788814135
AT3G48170	-0.00695534181202348
AT2G25260	-0.00695519575929815
AT4G38120	-0.00695515429835299
AT4G24100	-0.00695513259489221
AT1G06500	-0.00695490499176835
AT5G61230	-0.00695456016668662
AT3G52610	-0.00695445230053477
AT5G38110	-0.00695428583679657
AT3G19200	-0.00695379007225367
AT5G56100	-0.00695359852351105
AT3G10080	-0.00695347561618642
AT3G60400	-0.00695340804919759
AT2G14660	-0.00695298614280488
AT4G25550	-0.00695284775199812
AT1G30530	-0.00695281423399416
AT5G42500	-0.00695239135079462
AT5G55680	-0.00695230712234776
AT5G21040	-0.00695216157546902
AT1G28410	-0.00695183624874881
AT4G38570	-0.0069516903434997
AT4G29010	-0.00695085080834202
AT2G07360	-0.00695064327464666
AT1G61870	-0.0069504365148306
AT3G19515	-0.00695038105229794
AT1G49650	-0.00694960617834878
AT3G24010	-0.0069494371960575
AT4G16265	-0.00694943169237582
AT5G05130	-0.00694938793328115
AT3G47380	-0.00694880362411491
AT2G04865	-0.00694836051055329
AT4G03320	-0.00694817740574995
AT4G30530	-0.00694808182871213
AT5G09450	-0.00694790420794046
AT5G26360	-0.006947623695206
AT1G32940	-0.00694719821772573
AT1G02690	-0.00694719632933602
AT3G06778	-0.00694715797332788
AT5G42650	-0.00694689508068612
AT1G74230	-0.00694676357261595
AT1G30850	-0.00694667843968906
AT3G61570	-0.00694640401468095
AT3G45410	-0.00694607701529008
AT5G46750	-0.00694570811157206
AT4G24820	-0.00694546432787838
AT1G60810	-0.0069454607650133
AT2G03670	-0.00694458922002597
AT4G27120	-0.0069442864730427
AT1G12390	-0.00694367882558364
AT5G61170	-0.00694349411337209
AT5G43530	-0.00694347144347844
AT5G09950	-0.0069433191651448
AT5G49530	-0.00694325529226478
AT4G31300	-0.00694308711455361
AT1G19690	-0.00694304495738622
AT1G76730	-0.00694300338197728
AT1G46264	-0.00694284308099112
AT5G42100	-0.00694244214789616
AT1G50140	-0.00694239436051911
AT3G25520	-0.0069417837914011
AT1G72890	-0.00694164315007284
AT3G18140	-0.00694143570133779
AT5G24610	-0.00694140384630631
AT3G62870	-0.00694129241065818
AT3G62200	-0.00694093373961948
AT2G21280	-0.00694045133562187
AT5G26000	-0.00693788097278277
AT1G65690	-0.00693780960053775
AT4G25707	-0.00693769621982016
AT3G21465	-0.00693767815163405
AT5G53500	-0.00693767395851254
AT2G28360	-0.00693720062681239
AT5G11630	-0.00693716875768454
AT2G37330	-0.00693681106016995
AT5G40300	-0.00693667448394684
AT4G26240	-0.00693636062356509
AT5G19580	-0.00693606911473855
AT2G04900	-0.00693604559131979
AT4G14520	-0.00693567110585993
AT2G43945	-0.00693540252098192
AT3G51460	-0.00693536979332673
AT2G31800	-0.00693492278794134
AT3G27870	-0.00693490689891321
AT2G27330	-0.00693451713079579
AT1G26170	-0.00693398646554834
AT2G18160	-0.00693397532835818
AT3G08820	-0.00693374378624991
AT5G55140	-0.00693313148099799
AT4G17370	-0.00693274292052274
AT2G30920	-0.00693266416638683
AT1G06400	-0.00693265715237809
AT1G15670	-0.00693243130337406
AT2G39705	-0.00693182957161826
AT1G79250	-0.00693180441563587
AT1G01860	-0.00693173077715604
AT1G01725	-0.00693159647857333
AT3G26932	-0.00693129229730453
AT2G48100	-0.00693092277364404
AT1G75270	-0.00693090827407875
AT5G20045	-0.00693083282632509
AT4G37470	-0.00693038042177623
AT2G21060	-0.00693031419390104
AT4G38940	-0.00692984586491387
AT1G08200	-0.00692982131371544
AT2G30590	-0.00692978840186098
AT3G10340	-0.00692973892518221
AT2G47895	-0.00692927495097541
AT5G63570	-0.00692921917077521
AT3G25400	-0.00692903265263212
AT3G60880	-0.00692893799966739
AT4G11100	-0.00692864852339645
AT1G13220	-0.0069278020135933
AT3G06140	-0.00692755173909112
AT1G62710	-0.00692728829933465
AT4G23440	-0.00692702810782637
AT1G64520	-0.00692684101059433
AT1G28120	-0.00692641793944813
AT1G30470	-0.00692630318045547
AT5G43830	-0.00692564768456837
AT1G50410	-0.00692544243322088
AT2G20410	-0.00692537584714585
AT1G15810	-0.00692492242695846
AT4G11920	-0.0069245683359731
AT3G19950	-0.00692417856259507
AT4G21770	-0.00692403179149771
AT5G22750	-0.00692355756049235
AT1G34370	-0.00692317403242426
AT5G19860	-0.00692313837289747
AT1G62520	-0.00692274647144843
AT5G56590	-0.00692254792784519
AT2G16370	-0.00692172092719855
AT2G15490	-0.00692105507251746
AT3G54850	-0.00692095612569612
AT3G11130	-0.00692086413408161
AT5G36950	-0.00692083693900504
AT3G23590	-0.00692050370004221
AT2G42710	-0.0069203668656535
AT3G11460	-0.00691871220629984
AT5G42785	-0.00691864543397232
AT1G43900	-0.00691857752404119
AT1G14740	-0.00691845124538861
AT5G16710	-0.00691814780721785
AT3G25480	-0.00691796604201485
AT5G06300	-0.00691778438185105
AT5G01700	-0.00691738282783074
AT1G64710	-0.00691738220750537
AT3G12180	-0.00691720939308197
AT5G18110	-0.00691702258493798
AT3G19510	-0.0069168896361179
AT1G20770	-0.00691688665082938
AT2G30550	-0.00691678443225183
AT5G37130	-0.00691670655916332
AT4G33620	-0.0069166893347311
AT3G11050	-0.00691662533937529
AT3G50240	-0.00691605869618817
AT1G55830	-0.0069158240813847
AT2G11215	-0.0069153097508312
AT3G53880	-0.00691520100243277
AT3G19190	-0.00691506757987894
AT3G05920	-0.00691496634858598
AT3G11040	-0.00691465504050343
AT3G05910	-0.00691422102932621
AT4G29160	-0.00691416342155495
AT5G13050	-0.00691390964589403
AT3G06670	-0.00691370312319892
AT3G09880	-0.00691363435114542
AT3G52525	-0.0069134660090605
AT5G49980	-0.00691298209939469
AT4G39920	-0.00691275691779037
AT3G08910	-0.00691232702107457
AT1G72480	-0.00691202764744983
AT1G09815	-0.00691194745368202
AT3G23280	-0.00691174456028933
AT1G49490	-0.00691169875010655
AT2G37025	-0.00691164292740438
AT1G36320	-0.0069114682288636
AT2G30980	-0.00691136380490726
AT2G35120	-0.00691115621296015
AT4G16700	-0.00691103564655226
AT4G31020	-0.0069109308344164
AT3G42950	-0.00691091903618758
AT2G36430	-0.00690992060104395
AT5G21010	-0.00690955652754819
AT5G63490	-0.00690953353942488
AT3G14720	-0.00690942040453392
AT2G45850	-0.00690940199088057
AT3G66658	-0.00690910334356884
AT5G54860	-0.00690888598164926
AT3G56120	-0.00690876087176621
AT1G73170	-0.00690851766469435
AT5G44900	-0.00690823216568265
AT2G32600	-0.00690815893824758
AT2G27810	-0.00690775474628033
AT1G18450	-0.00690759477265269
AT4G29690	-0.00690753540126253
AT2G24300	-0.0069072218795494
AT4G34280	-0.00690712795120931
AT4G24120	-0.00690630779666171
AT4G04210	-0.00690615722662725
AT3G26430	-0.0069059014598975
AT3G44330	-0.00690572337690321
AT5G17370	-0.00690564548386537
AT2G22840	-0.00690553860347121
AT5G23100	-0.0069054048767506
AT3G03490	-0.00690540117135184
AT5G61410	-0.00690512119607188
AT3G28920	-0.00690511235950343
AT5G62350	-0.00690442391252534
AT4G28990	-0.00690441456499877
AT5G49220	-0.00690432471863883
AT2G37550	-0.0069042671449292
AT1G11060	-0.00690413806396898
AT1G06200	-0.00690405555862348
AT4G38370	-0.00690404159737889
AT3G53090	-0.00690402432529893
AT3G27560	-0.00690357260579133
AT2G21188	-0.00690345507055812
AT1G77210	-0.00690320650536468
AT1G01160	-0.00690316009976984
AT5G08450	-0.00690285329644067
AT1G63110	-0.00690223067286239
AT3G24120	-0.00690215459704331
AT2G26180	-0.00690194879034699
AT3G10010	-0.00690134071105857
AT2G42790	-0.0069012187196003
AT3G11890	-0.00690089842553634
AT3G15060	-0.00690089171743191
AT5G62820	-0.00690068117101033
AT3G47850	-0.00690048846839719
AT3G61320	-0.00690044089849654
AT2G38170	-0.00690043711703667
AT2G38270	-0.00690026917824707
AT1G51060	-0.00690004218308832
AT4G28370	-0.00689991046065425
AT4G36790	-0.00689986601860888
AT5G14090	-0.00689981233742855
AT3G53810	-0.00689977653754366
AT2G48070	-0.00689951574469024
AT5G66950	-0.00689936030393715
AT4G34740	-0.00689920933769879
AT1G55130	-0.00689910575916061
AT5G52470	-0.00689899518444409
AT3G55240	0.00689896514239536
AT5G54520	-0.00689860049460915
AT5G63970	-0.00689857789533616
AT1G50670	-0.00689842702192629
AT5G23530	-0.00689816520270336
AT3G07800	-0.00689784894213201
AT1G69010	-0.00689780840630091
AT5G20630	-0.00689777482797432
AT1G25580	-0.00689767089762442
AT2G43210	-0.0068976103718296
AT5G08370	-0.00689745780298125
AT5G27470	-0.00689715108535427
AT5G11610	-0.00689712492766707
AT2G38160	-0.00689677601439532
AT3G07090	-0.00689609424531881
AT1G09840	-0.00689593016684649
AT5G02150	-0.00689581316380122
AT3G09550	0.00689579012009342
AT1G50730	-0.0068953087143379
AT4G39220	-0.00689509122583225
AT1G20190	-0.00689462552640168
AT5G44100	-0.0068944140459172
AT5G05700	-0.00689424288343623
AT1G06350	-0.00689393119524662
AT1G65440	-0.00689383973486336
AT1G08280	-0.00689364406567936
AT3G26760	-0.00689344331256978
AT1G51390	-0.00689313164283083
AT2G37790	-0.00689283704139256
AT4G14800	-0.00689262839971745
AT2G26280	-0.00689240380064861
AT3G22470	-0.00689237202397221
AT5G52850	-0.00689224954617628
AT5G36880	-0.00689188427874914
AT5G26910	-0.00689168151657833
AT3G11770	-0.00689158333441899
AT5G33370	-0.00689142966765961
AT3G06483	-0.00689113918764187
AT5G03990	-0.00689110034225915
AT5G04440	-0.00689089384803348
AT4G23060	-0.0068901465414457
AT3G01040	-0.00689008250984782
AT3G57490	-0.00688984157296013
AT5G38630	-0.00688945624387623
AT4G04040	-0.00688909998040628
AT1G53500	-0.00688894083109438
AT1G57720	-0.00688876774731934
AT3G63080	-0.00688854981889912
AT1G54170	-0.00688847952079025
AT4G35000	-0.00688843937049539
AT4G04695	-0.00688805761122598
AT4G22580	-0.00688768578277434
AT5G54780	-0.00688751070013208
AT5G62180	-0.0068874490667595
AT3G46100	-0.00688744765443663
AT5G09995	-0.00688731140553577
AT1G74960	-0.00688699847286784
AT1G33260	-0.00688663315129306
AT5G58160	-0.00688657056987826
AT5G15570	-0.00688614557077005
AT1G55840	-0.00688599720374569
AT3G54120	-0.00688595580414824
AT1G70980	-0.00688510861089499
AT1G68240	-0.00688507538446661
AT1G05140	-0.00688495905090349
AT3G11200	-0.00688495814172335
AT3G43210	-0.00688494902137994
AT1G31885	-0.00688454530388292
AT3G58530	-0.00688449231504428
AT3G62390	-0.00688448187497744
AT4G01020	-0.00688434086844722
AT1G56590	-0.00688417071996604
AT1G64140	-0.0068840879504343
AT2G40765	-0.00688360679000738
AT1G27600	-0.00688357144552504
AT3G14460	-0.00688350723344066
AT5G27840	-0.00688347493526745
AT4G15510	-0.00688334151546572
AT3G22750	-0.00688303894796285
AT1G60170	-0.00688275501835505
AT4G14130	-0.00688266429268462
AT2G33700	-0.00688258999103808
AT3G25430	-0.00688252040381322
AT2G29910	-0.00688242829060629
AT1G62430	-0.00688231262982394
AT4G21460	-0.00688222319152519
AT4G25880	-0.00688215152859603
AT3G44670	-0.00688186281609418
AT5G42660	-0.00688105181464353
AT1G72740	-0.00688051763203867
AT5G16890	-0.0068803196261614
AT2G32860	-0.0068800947086764
AT3G49400	-0.0068797255403849
AT3G51040	-0.00687965787595103
AT3G04890	-0.00687958789915621
AT3G53920	-0.00687920157939855
AT5G05470	-0.0068789646711345
AT1G16340	-0.00687883803464288
AT4G34270	-0.00687849071155148
AT1G24320	-0.00687846489861064
AT5G46790	-0.0068784610470176
AT5G01620	-0.0068774905499319
AT3G44430	-0.006877425571857
AT5G40010	-0.00687737152422924
AT2G19500	-0.00687735368001312
AT5G03030	-0.00687698690729826
AT5G36210	-0.00687691566737879
AT2G05910	-0.00687685313309402
AT4G18970	-0.0068768396597702
AT1G77750	-0.006876779403064
AT5G18580	-0.00687643943536451
AT5G08620	-0.00687642088925784
AT3G11760	-0.00687632049905949
AT1G61930	-0.00687603994348939
AT5G37630	-0.00687553237526746
AT5G42690	-0.00687486917890453
AT2G41430	-0.00687486605972483
AT1G49910	-0.00687459909156263
AT2G44740	-0.00687450627700163
AT4G16340	-0.00687431954782262
AT1G01610	-0.00687419048931183
AT1G66190	-0.00687411623862573
AT3G06550	-0.00687383271389489
AT4G25225	-0.0068732763837109
AT1G15310	-0.00687305721333522
AT5G09860	-0.00687279805498244
AT5G23680	-0.00687228899864381
AT1G49430	-0.00687221055773147
AT3G10960	-0.00687216583087337
AT5G09670	-0.00687116592327973
AT3G57000	-0.00687109212657243
AT5G14460	-0.00687084353606275
AT2G03470	-0.00687072899239529
AT3G03610	-0.00687051285202709
AT4G39600	-0.00687043688826288
AT3G19320	-0.0068703496701096
AT5G58760	-0.00687022790527458
AT5G07680	-0.00686978269096015
AT2G13800	-0.00686933439173117
AT1G51350	-0.0068684580159645
AT3G02320	-0.00686792250632942
AT1G49360	-0.0068677560155297
AT5G58590	-0.00686774612897014
AT3G56360	-0.00686717899267579
AT5G27520	-0.00686679128174058
AT1G16610	-0.00686645403775715
AT4G08850	-0.00686642551604063
AT1G52360	-0.00686632630311237
AT4G05050	-0.00686623419253085
AT4G24840	-0.0068658910701268
AT1G31310	-0.00686568323027367
AT1G22570	-0.00686541635992739
AT1G73960	-0.00686431850902394
AT3G55020	-0.00686427749299232
AT4G31560	-0.00686405528979955
AT2G27510	-0.0068638371546955
AT4G27860	-0.00686382464289913
AT4G33760	-0.00686334167934573
AT1G14700	-0.00686304948384916
AT2G35430	-0.00686299082076173
AT3G47700	-0.00686259337979689
AT5G41315	-0.00686252390690772
AT3G44600	-0.00686235539778631
AT4G31360	-0.00686203412727575
AT1G04750	-0.00686139536952416
AT2G20360	-0.00686072795874548
AT5G06810	-0.00686059881223363
AT4G17180	-0.00686054914987401
AT4G00850	-0.00686033822106661
AT3G54500	-0.00685958370291014
AT5G66180	-0.00685924799064855
AT2G47090	-0.00685914447864671
AT3G15355	-0.00685892196592862
AT4G23250	-0.0068588526502792
AT5G43850	-0.00685863087836222
AT2G02020	-0.00685858437517142
AT3G19630	-0.00685848989147989
AT1G20575	-0.00685792823147984
AT4G16450	-0.00685781428331338
AT1G12260	-0.00685754498461582
AT1G52560	-0.00685748113575139
AT4G32470	-0.00685745543305165
AT3G56140	-0.00685736014466998
AT1G69450	-0.00685732149916974
AT1G01550	-0.00685678723351934
AT1G74730	-0.00685665137858125
AT1G29395	0.0068565965739235
AT2G04850	-0.0068565948892529
AT4G01310	-0.00685641723789222
AT3G25545	-0.0068561135594028
AT5G35630	-0.00685588584016065
AT5G63270	-0.00685564605305006
AT3G22680	-0.0068554771325392
AT1G42480	-0.00685488541654877
AT3G43240	-0.00685479055260307
AT2G17360	-0.00685478992702284
AT2G02870	-0.0068546638283854
AT1G74000	-0.00685408034043864
AT1G11185	-0.00685399126168464
AT2G47230	-0.0068536856636921
AT3G09020	-0.00685344591594737
AT4G31670	-0.00685331103806449
AT5G59560	-0.00685323149464969
AT3G17120	-0.00685282652852333
AT3G20020	-0.00685280336456805
AT5G04020	-0.00685274764345483
AT2G40080	-0.00685258396136053
AT2G39960	-0.00685236544675709
AT2G41710	-0.00685222973601935
AT5G49410	-0.00685199224685134
AT4G37250	-0.00685185389555676
AT1G52160	-0.00685164965144596
AT2G32920	-0.00685127747145101
AT1G76150	-0.00685108759182718
AT2G25930	-0.00685029283702915
AT5G02370	-0.00685025072706158
AT2G37670	-0.00684999538118145
AT5G23880	-0.00684952835432104
AT3G57830	-0.00684944155416995
AT2G43070	-0.00684915785006701
AT5G20400	-0.00684907837604973
AT5G44720	-0.00684879086059276
AT4G36750	-0.00684853841637302
AT1G64970	-0.00684813312437953
AT3G52170	-0.00684793075582132
AT2G46470	-0.00684744500195445
AT3G59900	-0.00684650463039096
AT3G14080	-0.00684619484724063
AT5G14360	-0.00684606993127363
AT1G12430	-0.00684565704161122
AT4G30360	-0.00684553534401901
AT1G29160	-0.00684549375691
AT2G19060	-0.00684458457585514
AT3G51010	-0.00684445698234467
AT1G13920	-0.0068431697670102
AT4G01610	-0.00684309640773321
AT1G21730	-0.00684296392332475
AT5G67300	-0.00684213315879136
AT2G21200	0.00684167221959783
AT3G24160	-0.00684153213138662
AT2G24040	-0.00684137407674058
AT3G26540	-0.00684116707916757
AT1G70310	-0.00684096468390959
AT1G22370	-0.00684027929660024
AT5G40580	-0.00683958503237354
AT1G18610	-0.00683952289169442
AT3G16500	-0.00683940903554315
AT1G07930	-0.00683940087361052
AT5G24760	-0.00683900388932218
AT1G27020	-0.00683852586416191
AT5G19310	-0.00683821721218598
AT1G22070	-0.00683811185321543
AT3G51060	-0.00683807395757731
AT5G66320	-0.00683769855199867
AT3G01400	-0.00683761359708601
AT3G27925	-0.00683757993609331
AT4G32570	-0.00683739105701244
AT1G04400	-0.00683737292957946
AT1G28130	-0.00683725809706284
AT5G37380	-0.00683721646472163
AT3G42790	-0.0068366853490709
AT4G38520	-0.00683633031007819
AT4G32150	-0.00683606778814324
AT1G58350	-0.00683590730242774
AT2G38670	-0.00683581743234826
AT3G12090	-0.00683574463455319
AT1G12080	-0.00683526525393952
AT3G57940	-0.00683523177030084
AT1G71950	-0.00683503458677583
AT4G24015	-0.00683496489121089
AT5G22640	-0.00683481536511712
AT1G27930	-0.0068343627765084
AT2G39795	-0.00683434922294073
AT3G10160	-0.00683389758390581
AT3G04810	-0.00683386913496579
AT5G16050	-0.006833710170233
AT3G20800	-0.00683364472599895
AT1G72450	-0.00683297447846741
AT5G25930	-0.00683255647108027
AT5G23250	-0.00683243689828833
AT1G17080	-0.00683188603555594
AT2G13360	-0.00683184173069638
AT4G30060	-0.00683179185346603
AT1G26370	-0.00683161291676049
AT5G26080	-0.00683153068337623
AT1G50575	-0.006831359549086
AT1G03687	-0.00683133453435085
AT2G47170	-0.00683132996135627
AT3G59990	-0.006831115687425
AT3G53110	-0.00683109417825282
AT3G60310	-0.00683107544445376
AT1G32090	-0.00683089285470807
AT1G08370	-0.00683088041723501
AT4G15770	-0.00683075992386662
AT5G08740	-0.00683061318426653
AT5G22010	-0.00683031780107704
AT5G57270	-0.0068300110452973
AT3G12680	-0.00682997791950492
AT2G25430	-0.00682977398002162
AT5G60580	-0.0068296711149566
AT3G29160	-0.00682964135370081
AT1G34130	-0.00682934720132203
AT4G24880	-0.00682932350305596
AT5G15350	-0.00682929788658044
AT5G05820	-0.00682919785466682
AT4G25650	-0.00682911875786645
AT1G27310	-0.00682907816117637
AT3G51790	-0.00682906335100311
AT3G23240	-0.00682891983183658
AT2G25290	-0.00682860111245634
AT5G01290	-0.00682860056844495
AT4G33495	-0.00682822737143575
AT2G04660	-0.00682819861026245
AT5G55200	-0.00682780005012994
AT3G27310	-0.00682769134523558
AT2G37510	-0.00682751288885474
AT2G20680	-0.00682724197195794
AT2G37310	-0.0068271014950026
AT2G23530	-0.00682687819193859
AT3G21690	-0.00682613406121449
AT3G43960	-0.00682609342932511
AT1G09300	-0.00682608132230749
AT3G49010	-0.00682595042774005
AT4G39200	-0.00682590544941194
AT1G66150	-0.00682566714308802
AT1G51870	-0.006825245731292
AT3G06040	-0.00682521206330017
AT4G02750	-0.00682478778233342
AT3G42640	-0.00682463734686389
AT2G44020	-0.00682362459770058
AT4G15230	-0.00682344826938644
AT4G35230	-0.0068231796792748
AT3G54740	-0.00682269525082771
AT1G22450	-0.00682159090905786
AT4G17530	-0.00682151809149839
AT4G21580	-0.00682134854542192
AT1G65220	-0.00682067118356604
AT5G04050	-0.00682058951711766
AT3G25070	-0.00682002494643602
AT1G71990	-0.00681986933700469
AT5G07270	-0.00681942749904549
AT4G12420	-0.00681939544542176
AT4G18300	-0.00681880821966977
AT5G28220	-0.00681862091837162
AT3G23980	-0.00681835864310002
AT2G30575	-0.006817638809402
AT3G13760	-0.00681728017074018
AT3G01790	-0.0068172392063424
AT1G24120	-0.00681687391572176
AT2G26560	-0.00681680541590446
AT1G68100	-0.00681663968631474
AT5G64390	-0.00681660150785913
AT2G42570	-0.00681657664176392
AT5G52040	-0.00681641692738323
AT1G11785	-0.00681586498738022
AT5G02100	-0.00681537731028217
AT5G47540	-0.00681494657304109
AT2G43760	-0.00681463567646275
AT1G03980	-0.00681438464094864
AT5G17000	-0.00681438418334494
AT4G02450	-0.00681437218382206
AT5G65260	-0.00681433321033751
AT1G76010	-0.0068143229920379
AT3G55880	-0.00681428631101989
AT1G05270	-0.00681423978735365
AT1G33470	-0.00681357202810902
AT3G60830	-0.00681343456693572
AT4G03930	-0.00681299558790382
AT5G41240	-0.00681256139047908
AT3G14770	-0.00681253084733865
AT3G11400	-0.00681247360754388
AT3G20720	-0.00681168159774305
AT5G07320	-0.00681149597981914
AT5G55730	-0.00681126096658464
AT5G07080	-0.0068112606943617
AT1G21190	-0.0068112185665473
AT5G17560	-0.00681121763843864
AT5G23210	-0.00681111169761484
AT2G01740	-0.00681103665622904
AT2G37975	-0.00681087302434086
AT2G13840	-0.00681067450163854
AT1G17240	-0.00681031411334532
AT1G15060	-0.00681030496912103
AT2G39770	-0.00681012928748121
AT5G56540	-0.00681010322551057
AT1G03770	-0.00680987052454336
AT1G30970	-0.00680952906075471
AT2G26230	-0.00680930338044219
AT1G10730	-0.00680871818596526
AT5G12410	-0.00680870758764632
AT5G45060	-0.00680861211317789
AT3G58630	-0.00680801858932939
AT3G62880	-0.00680781439331708
AT5G09410	-0.00680746780145318
AT3G52072	-0.00680707870255256
AT3G14090	-0.00680691255611963
AT1G78770	-0.00680651363529555
AT3G20370	-0.00680629503811213
AT4G02860	-0.00680586933931194
AT3G26060	-0.00680572819405397
AT1G09863	-0.00680556547591644
AT3G53650	-0.00680524677709732
AT1G72440	-0.00680509606536187
AT3G47460	-0.00680477729367725
AT3G06360	-0.00680475935271038
AT1G24095	-0.00680460647251226
AT1G18860	-0.00680445156844571
AT4G11970	-0.00680422213072326
AT1G54100	-0.00680422081446382
AT3G05180	-0.00680420007615767
AT5G56010	-0.00680406684503868
AT1G11920	-0.00680372724340436
AT4G15340	-0.0068037085680078
AT3G13410	-0.00680365665513331
AT2G01250	-0.00680350500777946
AT4G26580	-0.0068034902773251
AT5G18190	-0.00680318881535184
AT5G49945	-0.00680245397021436
AT1G15080	-0.00680241807019127
AT2G16070	-0.00680237238391267
AT1G80610	-0.00680191699260299
AT1G22330	-0.0068017252971919
AT5G63000	-0.00680166156747153
AT5G26940	-0.00680158380480944
AT2G42660	-0.00680154922613386
AT4G18060	-0.00680147922188315
AT1G66020	-0.00680102410499702
AT5G60980	-0.00680086779872457
AT4G16890	-0.00680073635172086
AT4G24805	-0.00680028993111013
AT5G47920	-0.00680015223026121
AT5G16540	-0.00679972366776549
AT3G10880	-0.00679930994907872
AT2G22300	-0.00679899854588164
AT3G19710	-0.00679876572560637
AT5G26200	-0.00679874052131194
AT4G24290	-0.00679851776777816
AT3G05430	-0.00679827959985758
AT5G13680	-0.00679769457981314
AT5G41950	-0.00679761261912258
AT2G18280	-0.0067975207691102
AT5G09630	-0.00679656028375578
AT3G49730	-0.00679654447062439
AT2G21410	-0.00679618924172457
AT5G05620	-0.00679614326328446
AT1G06510	-0.00679579563976327
AT4G28450	-0.00679579406836952
AT5G45790	-0.00679566883782074
AT3G51270	-0.00679555463248954
AT2G20585	-0.0067954195028166
AT3G27180	-0.00679515369239473
AT1G65060	-0.0067948925283685
AT1G30380	-0.00679481355888317
AT2G23290	-0.0067946288481242
AT3G05510	-0.00679458670003504
AT1G63020	-0.00679449318929597
AT4G21190	-0.00679442743142175
AT1G30540	-0.00679342083098119
AT4G02620	-0.00679335622749751
AT1G71720	-0.00679299179371346
AT2G33470	-0.00679291752049063
AT1G64160	-0.00679275641901984
AT5G46620	-0.00679245612444646
AT1G71270	-0.00679213943068727
AT3G50750	-0.00679208207911654
AT1G52370	-0.00679187879640709
AT2G19810	-0.00679151532281896
AT1G45207	-0.0067913807140864
AT5G12270	-0.00679103982736921
AT3G60500	-0.00679070532485293
AT5G24010	-0.00679067567186638
AT2G23820	-0.00679044859238028
AT1G74830	-0.00679029614735468
AT4G29790	-0.00678996938355051
AT3G58460	-0.00678992281627772
AT5G50950	-0.00678977820977223
AT5G45290	-0.00678973187189296
AT5G43155	-0.00678944190366252
AT2G30480	-0.00678940979368013
AT2G36990	-0.00678908861304062
AT5G23390	-0.00678886842431468
AT2G17570	-0.00678872356888756
AT2G30870	-0.00678868166515102
AT4G25400	-0.00678864246533813
AT3G47080	-0.00678838291420974
AT1G21840	-0.00678784424659641
AT1G60220	-0.00678778526628711
AT2G43330	-0.00678759768699813
AT1G78890	-0.00678751358788295
AT1G55040	-0.00678711223267365
AT5G18420	-0.00678710033424234
AT5G23940	-0.0067855882964932
AT3G13920	-0.00678557886318092
AT2G23130	-0.00678539375140204
AT1G15880	-0.00678524656226164
AT2G02710	-0.00678480701539054
AT1G65840	-0.00678473369648566
AT2G20635	-0.00678468611630105
AT3G05710	-0.00678465065009881
AT2G45530	-0.00678450513122434
AT3G14172	-0.00678441950882798
AT2G32179	-0.0067840603489034
AT3G58090	-0.00678366361029971
AT2G22930	-0.00678332868624761
AT5G64930	-0.00678322450184246
AT1G54330	-0.00678243734074776
AT2G33390	-0.00678237892704784
AT5G10300	-0.0067814976046876
AT3G54910	-0.00678140459135763
AT5G09920	-0.00678138702435007
AT1G79420	-0.00678126222458199
AT3G47836	-0.00678094596239079
AT2G18410	-0.00678079821501781
AT5G36220	-0.00678071710187646
AT2G02050	-0.00678069035958247
AT3G47370	-0.00678065648440079
AT3G26020	-0.00678056480230505
AT1G04630	-0.00678047799410987
AT1G55250	-0.00678039983550617
AT2G15020	-0.00678000184282454
AT5G54760	-0.00677949414364489
AT2G37620	-0.00677920821866062
AT4G12020	-0.00677908878631258
AT2G37580	-0.00677907954995684
AT1G09410	-0.00677903033437238
AT4G15780	-0.00677900435832075
AT3G62120	-0.00677900402019369
AT1G07970	-0.00677874400498772
AT2G30340	-0.00677862837814103
AT5G57970	-0.00677839570446045
AT2G33735	-0.00677814551701707
AT1G49030	-0.00677724561107966
AT2G24990	-0.00677694857849319
AT3G02540	-0.00677683513643919
AT4G30330	-0.00677649841916146
AT1G29930	-0.00677625199941417
AT4G29950	-0.00677617234056351
AT2G41650	-0.0067759222298427
AT5G05370	-0.00677581440746444
AT4G02610	-0.00677533363458975
AT2G45960	-0.00677463005289483
AT3G03640	-0.00677454632569684
AT4G25270	-0.00677372069600726
AT1G54850	-0.00677338078864763
AT1G11100	-0.00677324880230593
AT2G43510	-0.00677302531547861
AT4G18390	-0.00677286097394038
AT1G22950	-0.00677277014401181
AT5G23450	-0.00677275856033633
AT1G31330	-0.00677269135629296
AT1G55510	-0.00677251218054992
AT1G15980	-0.00677226662999931
AT5G65280	-0.00677219123314561
AT1G72370	-0.00677139746939144
AT5G18180	-0.00677123321316854
AT3G02510	-0.00677122515187022
AT3G03770	-0.00677082913106654
AT2G37480	-0.0067706481534402
AT2G17830	-0.00677063725234276
AT5G16140	-0.00677063647254621
AT1G29730	-0.00677015480592713
AT5G43470	-0.00677014056098591
AT3G60980	-0.00677003488688456
AT1G27000	-0.00676961715988841
AT1G72220	-0.00676835298007572
AT3G16110	-0.00676832936355051
AT3G24760	-0.00676827713348297
AT2G26680	-0.00676801041347212
AT1G08230	-0.00676789607342602
AT3G19830	-0.00676746318210392
AT2G31300	-0.00676739047432717
AT5G10080	-0.00676705524881379
AT2G25690	-0.00676686970947279
AT4G10060	-0.00676684113662492
AT5G10650	-0.00676649351435665
AT2G36250	-0.00676632724753556
AT1G49140	-0.00676580473549997
AT5G56680	-0.00676541887111367
AT1G03000	-0.0067651142868109
AT4G00752	-0.00676472052332634
AT4G14030	-0.00676450218967136
AT4G39880	-0.00676447734315661
AT3G50910	-0.00676444476181519
AT1G54060	-0.00676367287536382
AT1G12640	-0.00676363744661934
AT5G09850	-0.00676345264707801
AT1G07410	-0.00676341041838674
AT4G17570	-0.00676332598105919
AT4G25770	-0.00676328909409366
AT4G04190	-0.00676295710633597
AT5G02820	-0.00676235254054845
AT2G22780	-0.00676215095246347
AT3G23390	-0.00676211195193902
AT3G09455	-0.00676206280915943
AT4G16835	-0.00676199003654309
AT1G63970	-0.00676197153672483
AT3G49690	-0.00676197129870063
AT2G32170	-0.00676195267051089
AT4G08150	-0.00676171909771632
AT5G56460	-0.00676156876574638
AT4G01000	-0.00676125159668186
AT1G14170	-0.00676077491101403
AT5G48240	-0.00676051696666509
AT1G80900	-0.00676025944362766
AT1G69080	-0.00675919645475498
AT2G19540	-0.00675842701214971
AT2G46790	-0.00675839997331232
AT2G03800	-0.00675834880622877
AT5G59050	-0.00675831819763986
AT3G04490	-0.00675781513739667
AT2G40240	-0.006757213447316
AT2G45420	-0.00675715030245304
AT4G14110	-0.00675713550273063
AT2G01120	-0.00675712627844445
AT3G44690	-0.00675705384201763
AT4G38630	-0.00675671350269346
AT2G40260	-0.00675654186098916
AT1G54490	-0.00675558228877067
AT5G46290	-0.00675557023551422
AT5G02780	-0.00675556499014298
AT5G44170	-0.00675519086993011
AT3G58940	-0.006754720909809
AT1G55380	-0.00675447845623262
AT5G43310	-0.00675433711281112
AT1G80380	-0.0067542559272657
AT5G60150	-0.0067542183229809
AT5G01810	-0.0067537864377704
AT2G19120	-0.00675375761764021
AT4G15417	-0.00675364188379918
AT4G19191	-0.00675359833012509
AT1G45150	-0.00675346874139132
AT1G78090	-0.00675295150615446
AT4G00990	-0.0067529101970308
AT1G32160	-0.00675287575307033
AT4G12670	-0.00675284896841796
AT3G61750	-0.00675250122015449
AT5G17300	-0.00675247249408522
AT1G07990	-0.00675153047658008
AT5G66810	-0.00675148420273277
AT5G40780	-0.00675141714824914
AT2G42810	-0.00675113647015456
AT1G11720	-0.0067505703996713
AT5G63940	-0.00675042907501009
AT5G27320	-0.00675036384164513
AT5G48120	-0.00675007172830433
AT2G26990	-0.00674977668153922
AT4G21065	-0.00674962719423131
AT4G17410	-0.00674930761576033
AT1G74240	-0.00674916258665061
AT2G05940	-0.00674884224624745
AT4G21910	-0.00674881638561792
AT1G57700	-0.00674858039289428
ATCG01110	-0.00674846124687092
AT3G15200	-0.00674801432593447
AT2G44120	-0.00674782541691137
AT4G09320	-0.00674620525132191
AT1G30010	-0.00674567978553192
AT2G34500	-0.00674556591873601
AT4G31910	-0.0067454736963072
AT4G14490	-0.00674545807897615
AT3G09360	-0.00674381544143668
AT4G13880	-0.00674379302414812
AT3G59520	-0.00674378972506109
AT5G16070	-0.00674378680253841
AT5G46390	-0.00674297059300838
AT1G05410	-0.00674295435105384
AT2G32010	-0.00674262354311665
AT1G53190	-0.00674254482711201
AT2G41312	-0.00674234786659376
AT5G13120	-0.00674219216972217
AT1G65930	-0.00674215369544679
AT1G10030	-0.00674215081931944
AT1G49340	-0.00674199981213298
AT4G30010	-0.00674198400670453
AT5G25590	-0.00674194069912558
AT5G41370	-0.00674147141089398
AT5G60860	-0.00674128461882128
AT4G01210	-0.00674117878770024
AT3G48187	-0.00674114002807869
AT1G07530	-0.00674051423779178
AT4G01560	-0.0067405009384378
AT5G10480	-0.00674010460062382
AT5G64410	-0.00674000624475014
AT5G09390	-0.00673983051442398
AT1G16240	-0.00673976517306208
AT3G03920	-0.00673961415849622
AT4G34920	-0.00673933339148631
AT5G20230	-0.00673929740185084
AT5G08440	-0.00673916176653532
AT1G27130	-0.00673907335913674
AT3G49080	-0.00673896172838115
AT5G50160	-0.0067387775164578
AT3G45100	-0.00673868787169541
AT1G69020	-0.00673836027023276
AT4G05450	-0.00673831365482921
AT3G20930	-0.00673761225604414
AT1G03870	-0.00673751737996747
AT2G45270	-0.00673744673733908
AT5G43100	-0.00673726663947747
AT5G11840	-0.00673705425422892
AT5G28650	-0.00673674401621639
AT3G28345	-0.0067365810370118
AT1G80030	-0.0067365001869757
AT4G32285	-0.00673596144849597
AT5G08650	-0.00673591429012518
AT5G52910	-0.0067358644511824
AT2G44140	-0.00673586278525614
AT5G58530	-0.00673483858691111
AT5G40330	-0.00673472139753428
AT1G79570	-0.00673458533698791
AT4G07390	-0.00673447936210209
AT5G09890	-0.00673445950923916
AT1G06840	-0.00673442935852075
AT3G03470	-0.00673442254883087
AT1G16700	-0.00673433428597914
AT1G09920	-0.0067341617499922
AT4G03520	-0.0067339886429014
AT4G37040	-0.00673382256022856
AT4G16830	-0.00673366907754695
AT1G62790	-0.00673355324738459
AT3G24518	0.00673339817883903
AT1G02460	-0.0067333486342024
AT5G51545	-0.00673310122911827
AT1G52750	-0.00673293733029537
AT5G02600	-0.00673280146894132
AT1G13640	-0.00673279371098272
AT3G12240	-0.00673263556678817
AT3G02110	-0.00673258038588886
AT1G79410	-0.0067325696412681
AT5G27280	-0.00673244646127154
AT1G60900	-0.00673236959163439
AT1G77405	-0.00673234783575644
AT3G23210	-0.00673232224008152
AT1G57870	-0.00673231199148209
AT3G49880	-0.00673186996125461
AT2G46540	-0.00673174102530952
AT5G64910	-0.00673148745065616
AT2G37570	-0.00673132923671856
AT1G22460	-0.00673128978605286
AT3G42725	-0.00673084900352248
AT2G17410	-0.00673018630018645
AT4G25240	-0.00673004534673917
AT5G10070	-0.00672930015398986
AT3G04350	-0.00672929869620096
AT4G39390	-0.00672907976219448
AT1G07790	-0.00672897281613619
AT4G04720	-0.00672873098987743
AT4G14100	-0.00672869682775628
AT4G20870	-0.00672864633564867
AT1G08380	-0.00672831876120459
AT5G57360	-0.00672818404508085
AT3G56170	-0.00672801347402212
AT1G72560	-0.00672778867196171
AT5G35360	-0.00672751018959083
AT1G09450	-0.00672708859098985
AT1G15730	-0.00672701175649587
AT1G06040	-0.00672693823503099
AT2G43980	-0.00672683145784913
AT1G80190	-0.006726681401223
AT5G12210	-0.00672654591403209
AT2G28130	-0.00672641790527156
AT4G25230	-0.00672633346836768
AT2G37500	-0.00672630594110789
AT3G51130	-0.00672620699199892
AT5G48360	-0.00672616413895156
AT3G55000	-0.00672616379665011
AT4G32940	-0.00672614619931895
AT1G33890	-0.00672575170049541
AT4G16400	-0.00672464174238265
AT1G19740	-0.00672382364824093
AT1G19880	-0.00672372294114271
AT2G42485	-0.00672350103886165
AT5G51290	-0.00672321170697452
AT1G49210	-0.00672317581478203
AT5G56030	-0.00672310426725433
AT4G08310	-0.00672296724256752
AT2G19180	-0.00672291437196715
AT1G03360	-0.00672283015312273
AT3G16270	-0.00672272984521051
AT1G04000	-0.00672271376390024
AT2G01260	-0.00672249812910014
AT3G46690	-0.00672200769232767
AT2G25840	-0.00672132444147104
AT4G34660	-0.00672118759926997
AT4G29510	-0.00672078352204362
AT1G55760	-0.00672056834936435
AT1G14410	-0.00672032790507383
AT1G64330	-0.00672003647781193
AT5G10410	-0.00672002570888144
AT5G61460	-0.00671990232409178
AT1G27350	-0.00671966376823787
AT4G17870	-0.00671942188066423
AT5G48000	-0.00671925796579486
AT3G18030	-0.00671919959178665
AT3G43230	-0.0067188403659854
AT5G62760	-0.00671881932798264
AT1G06380	-0.00671872973474276
AT2G30230	-0.00671829367883432
AT1G78700	-0.00671804596242698
AT2G32940	-0.00671803072223266
AT5G22300	-0.00671768939837366
AT5G14770	-0.00671766807062418
AT4G25570	-0.00671760424658561
AT2G41620	-0.00671757433088128
AT1G67230	-0.00671698230141253
AT2G06210	-0.00671697728165897
AT5G41000	-0.00671679606674381
AT5G60030	-0.00671657424587123
AT5G17070	-0.00671590424009728
AT4G12460	-0.00671574175277891
AT5G10360	-0.00671542876779604
AT4G20060	-0.00671510685403682
AT5G59300	-0.00671503199582337
AT5G66160	-0.0067149362692668
AT2G30260	-0.00671474634619299
AT1G26820	-0.00671467624009967
AT2G46900	-0.00671433335574216
AT4G22340	-0.00671362187827899
AT2G25300	-0.0067135572971681
AT5G50310	-0.00671325317197742
AT4G28570	-0.00671316557067697
AT3G53940	-0.00671299185572149
AT4G25434	-0.00671211833077755
AT1G63180	-0.00671165985086693
AT3G56010	-0.00671110976778265
AT4G12382	-0.00671100512129749
AT1G45233	-0.0067109599480991
AT3G54170	-0.00671008517191915
AT5G63990	-0.00670986068208998
AT4G22305	-0.00670984194642371
AT5G18770	-0.00670974905623264
AT5G56730	-0.00670967875181588
AT3G01580	-0.00670954207065819
AT3G57157	-0.00670952596479449
AT5G02530	-0.00670911669515279
AT5G06120	-0.00670903065209309
AT5G04200	-0.00670900061749668
AT2G45200	-0.00670863637134913
AT2G24860	-0.00670859921830188
AT1G33870	-0.00670827961767562
AT3G49180	-0.00670804952855938
AT3G26330	-0.00670797081095559
AT2G45430	-0.00670792789581132
AT5G59400	-0.00670783885467446
AT4G04970	-0.00670706150857567
AT3G55990	-0.00670670335372509
AT1G10410	-0.00670669893703422
AT1G09070	-0.00670606035887998
AT2G30350	-0.00670594675925246
AT1G52825	-0.00670572012105611
AT5G38820	-0.00670540491570277
AT1G51500	-0.00670531001816707
AT1G75120	-0.0067048942353424
AT5G65880	-0.00670465430758851
AT1G16020	-0.00670446682919267
AT1G47230	-0.00670442240470505
AT5G67590	-0.00670411892625068
AT2G42500	-0.00670400332046492
AT1G05470	-0.00670388825087507
AT3G54230	-0.00670356929296028
AT5G47640	-0.00670342034931081
AT3G16240	-0.0067033555557308
AT4G20930	-0.00670327196317317
AT4G17620	-0.00670296592517448
AT5G44080	-0.00670284569899495
AT5G38000	-0.00670234071437508
AT2G43030	-0.00670225500191845
AT3G54610	-0.00670215064930667
AT4G10080	-0.00670201241288661
AT5G15390	-0.0067019388885766
AT2G20690	-0.00670180276215567
AT2G18380	-0.00670159181461741
AT1G68530	-0.00670137631862349
AT5G24490	-0.00670128285995453
AT3G16080	-0.00670089065566792
AT1G27500	-0.00670073053402429
AT2G42290	-0.00670062256386406
AT1G09795	-0.00670024899137014
AT3G45310	-0.00669963353915938
AT3G27190	-0.00669946031657223
AT2G46110	-0.00669911538782998
AT4G30420	-0.00669904860043383
AT1G62110	-0.00669902741872907
AT2G40190	-0.00669887670460716
AT3G56570	-0.00669842490487741
AT3G21160	-0.00669834312472529
AT3G59360	-0.00669763327767142
AT1G12580	-0.00669762621701042
AT3G24550	-0.0066973779444699
AT5G10620	-0.00669733397185184
AT3G25920	-0.00669671430566052
AT5G02515	-0.00669646653927317
AT4G02330	-0.00669631808950954
AT2G31410	-0.00669618616097068
AT1G35510	-0.00669615469633812
AT1G23860	-0.00669588477480982
AT4G17720	-0.00669585977964199
AT2G47440	-0.00669562177241123
AT3G02720	-0.00669561429892935
AT5G63905	-0.00669557633648046
AT3G19300	-0.00669531362559657
AT4G10640	-0.00669506687814403
AT3G23780	-0.00669468513677519
AT3G17330	-0.00669439265417108
AT5G66055	-0.00669406926369185
AT5G45100	-0.00669362203187851
AT4G12050	-0.00669360477121481
AT3G12760	-0.00669350016735035
AT1G29030	-0.00669348896717034
AT5G43500	-0.0066926148003186
AT1G09390	-0.00669251681845772
AT5G46170	-0.00669243936889912
AT1G53165	-0.00669225030503375
AT3G47070	-0.00669218027058444
AT1G13040	-0.00669159405039616
AT4G04910	-0.00669125048303942
AT1G80670	-0.00669090775473343
AT5G60960	-0.00669062742076943
AT4G39404	-0.00669023769065427
AT1G77350	-0.00669019410274482
AT4G26830	-0.00669013006270132
AT1G15550	-0.00669010540958995
AT4G35420	-0.00668990958097361
AT1G71015	-0.00668917633132774
AT5G15610	-0.00668896054276711
AT3G60810	-0.00668892345490837
AT3G03960	-0.00668872506046653
AT1G64561	-0.00668870364819469
AT5G47190	-0.0066887023400697
AT5G18310	-0.00668847895330296
AT1G13090	-0.00668844587224757
AT5G19300	-0.00668836737482214
AT2G34520	-0.0066881438705408
AT1G79220	-0.00668805380816819
AT5G13560	-0.00668774444850331
AT1G55460	-0.00668770406958646
AT1G65410	-0.0066876142547143
AT4G00550	-0.00668754030713253
AT3G10980	-0.00668746232373082
AT1G68795	-0.00668744063935205
AT4G00355	-0.00668709014857859
AT3G61470	-0.00668700632607041
AT5G49555	-0.0066868150544777
AT4G30993	-0.00668672143022032
AT3G10940	-0.00668668414020433
AT3G55280	-0.00668649344348973
AT2G26290	-0.00668638592453961
AT5G55190	-0.00668626980876241
AT2G42975	-0.00668611151965323
AT5G14270	-0.00668582731951767
AT1G18470	-0.00668579296590414
AT5G04810	-0.00668560734621527
AT3G17770	-0.0066855006577418
AT5G03660	-0.00668521026462833
AT5G45020	-0.00668480001776758
AT5G19130	-0.00668463439212699
AT4G15215	-0.00668412977255932
AT3G57870	-0.00668387053758307
AT2G25297	0.00668380481966332
AT1G17880	-0.00668361817918154
AT1G56450	-0.00668361099579753
AT5G55040	-0.00668265530233631
AT3G60890	-0.0066825278875382
AT3G07790	-0.00668248958780442
AT4G39470	-0.00668242420524463
AT2G34560	-0.00668188985625114
AT3G62830	-0.00668166568935611
AT1G23820	-0.00668123510961063
AT4G03180	-0.00668110696666759
AT1G53440	-0.00668102862936106
AT3G07040	-0.00668019596902411
AT1G45248	-0.00668011677597643
AT4G01995	-0.00667961870654539
AT1G08720	-0.00667917987997625
AT5G53486	-0.00667916518460134
AT5G02860	-0.00667890676982433
AT2G01830	-0.00667835641892845
AT5G48760	-0.00667831721931594
AT1G67350	-0.006678235238655
AT1G28230	-0.00667817543785144
AT2G39470	-0.00667800718133205
AT5G44860	-0.00667783623707058
AT2G22810	0.00667762211934997
AT1G54110	-0.00667739207421198
AT1G55740	-0.00667710956595793
AT1G59650	-0.00667682479718929
AT2G36960	-0.00667665944766487
AT5G51170	-0.00667565024945921
AT5G63560	-0.00667494153444796
AT3G02920	-0.00667482326231679
AT3G06590	-0.0066746243536357
AT5G20980	-0.00667459569301695
AT3G02470	-0.00667365818271449
AT5G09350	-0.00667356257344166
AT5G57910	-0.00667347816372217
AT4G40060	-0.00667307315495771
AT2G16880	-0.00667290937736289
AT1G69523	-0.00667264524520518
AT5G65930	-0.00667208769268419
AT1G36180	-0.00667208606154313
AT4G00810	-0.00667206338545653
AT5G10950	-0.00667165641109211
AT1G03990	-0.00667134609863369
AT3G53970	-0.00667114149322034
AT2G04890	-0.00667081835669961
AT1G07480	-0.00667061528735217
AT4G09520	-0.00667020422915223
AT5G11450	-0.00666992597368645
AT1G69040	-0.00666962804797239
AT3G13222	-0.00666912581152397
AT3G57560	-0.0066690905231594
AT1G70940	-0.00666874693545851
AT2G41200	-0.00666862537039744
AT1G67510	-0.0066685538017645
AT4G39820	-0.00666841108761594
AT4G23620	-0.00666833609102216
AT5G25800	-0.0066682859528247
AT4G34215	-0.00666824104926906
AT1G62360	-0.00666821551530393
AT5G35735	-0.00666816983148673
AT3G18410	-0.00666771776615352
AT1G07980	-0.00666723477316862
AT1G60560	-0.0066672158294738
AT1G63900	-0.00666716301301579
AT3G56960	-0.0066669895080422
AT5G42210	-0.00666689195618945
AT5G59830	-0.00666682294197975
AT5G55700	-0.00666682106490436
AT3G07670	-0.00666679890460752
AT1G59600	-0.00666676249514619
AT5G51050	-0.00666665758531597
AT5G45490	-0.0066663194789684
AT5G50290	-0.00666626981320807
AT1G07880	-0.0066659081797588
AT5G50460	-0.0066658588296119
AT4G29210	-0.00666584122697419
AT1G60430	-0.00666575129803783
AT4G31170	-0.00666574264918073
AT3G20170	-0.00666532202476671
AT1G08920	-0.0066648275665119
AT5G22790	-0.00666472061247593
AT2G28250	-0.00666471402776437
AT3G24750	-0.00666465808154163
AT3G27770	-0.00666462158829055
AT1G06870	-0.00666440071702737
AT1G17980	-0.00666367807869546
AT2G20290	-0.00666323335334421
AT5G57770	-0.006662956782168
AT5G58090	-0.00666292166274276
AT3G14075	-0.00666260819570686
AT5G12290	-0.00666250363581636
AT4G23850	-0.00666243150234781
AT3G54820	-0.00666235858163322
AT3G50080	-0.00666207417708954
AT2G19560	-0.00666154621562474
AT5G04760	-0.00666148166352925
AT3G25680	-0.00666133842818946
AT4G17050	-0.00666124333646548
AT3G60690	-0.00666066889154094
AT3G27740	-0.00666018485928103
AT5G62050	-0.00666009572028408
AT2G32250	-0.0066600638497334
AT1G08220	-0.00666004421428968
AT1G24070	-0.00665983929065004
AT5G14250	-0.00665947769731208
AT2G46220	-0.0066592322294849
AT4G37200	-0.00665886500650465
AT4G02420	-0.00665870503961352
AT5G40650	-0.00665861457878331
AT4G01040	-0.00665788242690021
AT1G19800	-0.00665772603022295
AT1G62310	-0.00665747816820811
AT1G71890	-0.00665731445146562
AT3G49140	-0.00665706490934821
AT2G46130	-0.00665695539557966
AT2G01510	-0.0066565887458301
AT1G70850	-0.00665640991282437
AT4G30350	-0.00665630914733308
AT5G45780	-0.00665623733134087
AT5G14350	-0.00665568565318577
AT3G14620	-0.00665566346592389
AT5G13610	-0.00665545164502555
AT1G31940	-0.00665540350292193
AT3G11397	-0.00665504889104516
AT2G15220	-0.00665500397054789
AT1G24440	-0.00665452081899178
AT3G18010	-0.00665438004242979
AT1G13550	-0.00665354067565996
AT2G17640	-0.00665338406456761
AT2G33680	-0.00665333146887335
AT3G10210	-0.00665325884392862
AT2G07042	-0.00665304182889704
AT4G38380	-0.0066525516345119
AT3G05670	-0.00665197232434588
AT1G05205	-0.00665183540211918
AT3G56630	-0.00665178856709375
AT4G17380	-0.0066516686688483
AT3G06210	-0.00665162300171718
AT5G23340	-0.00665145534873224
AT2G02148	-0.00665124181844824
AT3G07370	-0.00665065453358841
AT5G10720	-0.00665058536509422
AT1G77410	-0.0066503141125207
AT4G00560	-0.0066501554848282
AT1G29970	-0.00665013176441773
AT3G07170	-0.00664925342663346
AT5G07190	-0.00664922299541349
AT5G15730	-0.00664919636955713
AT1G55140	-0.00664909586957853
AT3G10190	-0.00664749247297214
AT1G04030	-0.00664739172413221
AT5G08750	-0.00664649009718643
AT1G75060	-0.00664644812429529
AT1G34780	-0.00664635711084315
AT1G61520	-0.00664599003011855
AT5G42350	-0.00664589764604344
AT1G12840	-0.00664560603301506
AT3G14530	-0.00664550649002117
AT1G05720	-0.00664527058956386
AT5G51270	-0.00664493955438662
AT2G20280	-0.00664490000165228
AT5G59530	-0.00664486369066647
AT1G21170	-0.00664477404562874
AT1G05120	-0.00664473945736872
AT3G13880	-0.00664376839759463
AT1G78620	-0.00664345127874539
AT4G34380	-0.00664280998571043
AT5G23030	-0.00664224779318216
AT1G62305	-0.00664211277356304
AT2G46225	-0.00664210786026741
AT3G26670	-0.0066420530658611
AT1G61140	-0.00664126138708005
AT5G28020	-0.00664098023518979
AT4G24270	-0.00664083993133914
AT5G49830	-0.00664072142319655
AT2G42120	-0.006640606514652
AT2G39550	-0.00664034357054867
AT1G71750	-0.00664032819381361
AT1G23220	-0.00664009541767747
AT5G26670	-0.00663996300946409
AT5G13070	-0.00663994800611833
AT2G19260	-0.00663986023585422
AT1G06060	-0.00663981263001229
AT4G04860	-0.00663923081739266
AT5G30510	-0.0066388033472841
AT1G62680	-0.00663872735545954
AT2G05620	-0.00663840146566102
AT2G46660	-0.00663835330848739
AT5G05790	-0.00663829880685264
AT2G37220	-0.00663787921381918
AT1G20010	-0.00663770691029726
AT3G05690	-0.00663723561643743
AT5G13500	-0.0066372114269335
AT2G37270	-0.00663715682545225
AT5G17220	-0.00663677645290863
AT4G08170	-0.00663641151381312
AT3G25140	-0.00663638622080959
AT3G22760	-0.00663572239869428
AT5G04280	-0.00663452004763603
AT2G38640	-0.00663444523989509
AT5G44380	-0.00663430916682882
AT3G04940	-0.00663412238889773
AT1G55590	-0.00663375290586653
AT1G09520	-0.00663364004012203
AT1G61350	-0.00663358834810784
AT5G15320	-0.00663348235474525
AT3G15260	-0.00663326059961886
AT3G08740	-0.00663276516428884
AT5G02440	-0.00663261079217912
AT1G64380	-0.00663256810803374
AT5G27430	-0.00663254034565712
AT2G05220	-0.00663247816332109
AT1G18140	-0.0066318530803936
AT5G60280	-0.00663184209894297
AT5G50400	-0.00663180286516113
AT4G28780	-0.00663177251781172
AT5G58930	-0.00663175732842745
AT5G63830	-0.00663146307650185
AT3G05480	-0.00663118257056201
AT5G05190	-0.00663073603524446
AT1G18600	-0.00663007990472939
AT5G46680	-0.00662954804471487
AT1G63650	-0.00662941255582902
AT2G36307	-0.00662937675657079
AT2G44065	-0.00662916566937671
AT3G46130	-0.00662886341408721
AT5G23900	-0.00662838850917852
AT3G44320	-0.0066281101728698
AT4G36410	-0.00662799560747687
AT5G47635	-0.00662733283443227
AT1G01910	-0.00662728109872835
AT4G32680	-0.00662709400858678
AT4G38350	-0.00662701416222036
AT2G32970	-0.00662665651108174
AT4G16580	-0.00662625110279087
AT2G29190	-0.00662611827802684
AT2G41840	-0.00662576209575745
AT5G12480	-0.00662562860254597
AT5G23610	-0.00662536194284468
AT1G69330	-0.00662526163573654
AT1G67690	-0.00662491137034173
AT3G10070	-0.0066249055181833
AT5G19690	-0.00662476222563065
AT4G25910	-0.00662451560879252
AT4G18070	-0.00662432148257543
AT4G26400	-0.00662411364943758
AT5G10750	-0.00662386326475217
AT1G55880	-0.00662295592119304
AT4G02920	-0.00662271892057998
AT5G45650	-0.00662232945474977
AT3G53360	-0.00662212491259773
AT3G25710	-0.00662172186414529
AT1G03280	-0.00662129858182403
AT5G16860	-0.00662101727564362
AT1G79950	-0.00662093275178861
AT3G30300	-0.00662060029573421
AT2G29340	-0.00662059173304052
AT4G20480	-0.00662043320557132
AT5G10210	-0.00662042134757748
AT1G15280	-0.00662027142922191
AT5G61810	-0.00662007303596843
AT2G21470	-0.00661935504639418
AT4G28200	-0.00661919086167125
AT4G18890	-0.00661890165006042
AT3G48760	-0.00661880587320961
AT1G17745	-0.00661867684014498
AT2G23980	-0.00661864278801832
AT2G30750	-0.00661823310295064
AT1G55160	-0.00661810652476146
AT4G31130	-0.00661808335609832
AT1G70450	-0.00661805602042882
AT4G14420	-0.00661773438479952
AT4G32390	-0.00661770859120682
AT5G47080	-0.0066173196930055
AT5G56220	-0.00661730955101435
AT5G08080	-0.00661729667908453
AT1G63490	-0.00661719198685007
AT5G59180	-0.00661707335340674
AT3G03890	-0.00661686038500793
AT2G35320	-0.00661681854397693
AT4G37980	-0.0066166730494071
AT4G13750	-0.00661667284679223
AT3G55010	-0.00661663992374047
AT2G40090	-0.00661661310497588
AT5G04830	-0.0066166086281894
AT3G56400	-0.00661654886786333
AT5G50150	-0.00661651387120341
AT4G00590	-0.00661641723584325
AT2G46180	-0.00661638296045407
AT1G10090	-0.00661624894843518
AT1G26180	-0.00661590745298914
AT5G16510	-0.00661590459416839
AT5G03110	-0.00661569263109264
AT3G60210	-0.00661532344922781
AT1G29840	-0.00661529996710859
AT2G43180	-0.00661528663142915
AT1G74020	-0.00661473278230981
AT5G51260	-0.00661470323782194
AT4G18210	-0.00661469493931736
AT1G65420	-0.00661449855374175
AT1G78895	-0.00661416869727002
AT3G22990	-0.00661413832783155
AT1G12330	-0.00661389501107807
AT1G77710	-0.00661347632373151
AT1G54390	-0.00661258548167019
AT3G01570	-0.00661256736491202
AT3G04290	-0.00661223625124975
AT4G18520	-0.00661195383825572
AT3G06190	-0.00661147335830595
AT1G15410	-0.00661131798410177
AT2G26240	-0.00661097978874185
AT5G41220	-0.00661092215085621
AT4G23930	-0.00661038152724474
AT4G14145	-0.00661030603289243
AT3G57410	-0.00661020240537258
AT2G43540	-0.00660962284990883
AT3G20560	-0.00660849922666969
AT5G24520	-0.00660825898078627
AT1G54130	-0.00660811655225988
AT4G27870	-0.0066077392662811
AT4G13850	-0.00660765827797625
AT5G42470	-0.00660705758179182
AT5G51730	-0.00660613055972501
AT1G53720	-0.00660552244982375
AT2G41300	-0.00660494492173171
AT4G37080	-0.0066047603289539
AT5G22350	-0.00660455905236696
AT1G27200	-0.00660452426044989
AT2G32500	-0.00660436148328658
AT3G04110	-0.00660415819909755
AT5G15530	-0.0066040212293728
AT1G33290	-0.00660399532510078
AT1G55915	-0.00660374479336632
AT5G16470	-0.00660329562411738
AT1G16470	-0.00660301096667723
AT5G01360	-0.00660248178578661
AT1G51730	-0.00660243926367757
AT1G27510	-0.00660152675548494
AT1G63120	-0.00660123651455457
AT5G07220	-0.0066004220818738
AT1G78420	-0.00660010710325082
AT3G06310	-0.00660008968464469
AT2G46820	-0.00659985836673777
AT5G51570	-0.00659982823601902
AT3G49390	-0.00659952219742379
AT5G61060	-0.00659945561824472
AT2G25670	-0.00659934492018731
AT5G46230	-0.0065989321319479
AT3G45030	-0.0065987137557049
AT4G30930	-0.00659821092368192
AT2G19950	-0.00659816458034555
AT1G76340	-0.00659813393152512
AT1G24240	-0.00659798800701211
AT5G02290	-0.00659792800126679
AT1G24610	-0.0065977251409929
AT5G10920	-0.00659767436418067
AT2G30200	-0.00659745485129881
AT5G49120	-0.00659743829802864
AT5G51740	-0.00659734826071524
AT2G08650	-0.00659718825669115
AT3G17820	-0.00659681593505365
AT1G49740	-0.00659622559645233
AT1G55630	-0.00659618662661527
AT2G42730	-0.00659599354872282
AT1G21690	-0.00659593767746996
AT3G01380	-0.00659555191776677
AT5G59500	-0.00659544240285144
AT1G29750	-0.00659520671901786
AT1G58030	-0.00659517270760099
AT2G28380	-0.0065944740151194
AT5G06050	-0.00659436295556354
AT5G24400	-0.00659420611925385
AT1G74910	-0.00659412391338793
AT5G63280	-0.00659408035876081
AT2G33530	-0.00659383413889234
AT4G24550	-0.00659363587362564
AT4G36290	-0.00659293636589916
AT4G17270	-0.00659276396371264
AT1G04820	-0.00659237883773827
AT1G33480	-0.00659212749400075
AT3G09060	-0.00659207633368004
AT1G79670	-0.00659163035470971
AT3G53900	-0.00659134011531542
AT4G14790	-0.00659128708432735
AT3G56480	-0.00659110790345216
AT4G17310	-0.00659102384395586
AT1G53270	-0.0065908557680297
AT5G44680	-0.00659084258922953
AT3G57320	-0.00659062664442238
AT5G19190	-0.00659057126899804
AT1G65070	-0.00659029953954562
AT1G64810	-0.00658990919266997
AT1G28380	-0.00658968152192404
AT5G10550	-0.00658963482564043
AT5G36170	-0.00658962024982058
AT1G73980	-0.00658949022242262
AT2G18210	-0.00658882496857421
AT2G04550	-0.00658869668456017
AT1G22630	-0.00658869498432705
AT5G46240	-0.00658861094876569
AT1G80560	-0.0065885736592153
AT2G42580	-0.00658849711489201
AT4G33500	-0.0065883397548907
AT1G79120	-0.00658802215691808
AT5G07860	-0.0065879979188419
AT5G55580	-0.00658789938906849
AT2G25650	-0.00658776008052486
AT2G23390	-0.00658761144135261
AT5G15630	-0.00658756686999936
AT3G07550	-0.00658708703551313
AT5G57180	-0.00658697466796117
AT1G29960	-0.00658684938956911
AT1G52930	-0.00658636133087923
AT5G56380	-0.00658616386876147
AT5G41810	-0.0065860493058958
AT1G61790	-0.00658581159288343
AT1G27900	-0.00658564151367982
AT2G27040	-0.00658535578302337
AT2G17020	-0.00658525849878987
AT5G08580	-0.00658519129629091
AT5G43190	-0.00658499158712158
AT1G02000	-0.00658483190583698
AT4G09080	-0.00658479235470143
AT1G62370	-0.0065843642116608
AT5G39050	-0.00658433254350146
AT2G45050	-0.00658387250835295
AT3G06620	-0.00658381917145393
AT5G47040	-0.00658377679369535
AT5G15300	-0.00658363151014595
AT3G19420	-0.00658356921725833
AT2G21620	-0.00658352325844375
AT5G53970	-0.00658326276467428
AT2G41475	-0.00658301007956866
AT5G08139	-0.00658280857538198
AT1G08820	-0.00658237631314101
AT5G59290	-0.00658171604236183
AT5G08790	-0.00658149874920331
AT5G66470	-0.00658144436832779
AT5G08630	-0.0065813609298019
AT2G41980	-0.00658125809546469
AT2G47640	-0.00658124239640467
AT5G59240	-0.00658119185301704
AT3G18980	-0.00658106791130604
AT5G01940	-0.00658081569532196
AT3G56760	-0.00657983721701556
AT5G13020	-0.00657966443863386
AT5G52010	-0.00657962079363828
AT5G40950	-0.00657959529270894
AT4G29050	-0.00657949096568765
AT4G00520	-0.00657919942865776
AT3G24440	-0.00657883485276243
AT1G17370	-0.0065785205702268
AT2G38140	-0.00657848091672158
AT1G20680	-0.0065782703947029
AT5G07800	-0.00657812633439897
AT4G32910	-0.00657789549058233
AT4G27750	-0.00657775239051846
AT1G17850	-0.00657769985371544
AT3G51360	-0.00657761919030025
AT1G14840	-0.00657749514728656
AT2G43790	-0.00657721007689443
AT3G14730	-0.00657679401356415
AT5G01270	-0.00657656825874911
AT2G14120	-0.0065764468738548
AT4G19510	-0.00657615881656487
AT5G10240	-0.00657614842418056
AT5G22820	-0.00657595482925065
AT1G80170	-0.0065755588156092
AT3G16190	-0.00657526208890875
AT4G15240	-0.00657500153986704
AT1G78800	-0.00657441316494507
AT1G14380	-0.00657408002715001
AT5G20890	-0.00657375540548598
AT5G19230	-0.0065734055644919
AT1G80880	-0.00657331548110299
AT1G09800	-0.00657302570845726
AT5G07300	-0.00657284670981009
AT5G50375	-0.00657227432822362
AT5G57110	-0.00657224654301368
AT3G47490	-0.00657218207399433
AT1G76020	-0.00657169885602741
AT2G37030	0.00657169170797853
AT3G53380	-0.00657159801129331
AT4G11845	-0.0065713698312111
AT5G48500	-0.00657124126927577
AT5G01850	-0.00657071714572803
AT1G08530	-0.00656985747970901
AT1G09470	-0.00656974453892918
AT5G24105	-0.00656963392991006
AT5G47250	-0.00656956238948074
AT3G63220	-0.00656944161093333
AT5G64200	-0.00656903957328066
AT1G64430	-0.00656888271391558
AT4G04180	-0.00656855085158014
AT2G39040	-0.00656821120281061
AT4G39860	-0.00656817837237533
AT3G13560	-0.0065681617982943
AT1G33990	-0.00656766788324151
AT4G30410	-0.00656724956361721
AT5G18680	-0.00656703725489457
AT1G26560	-0.00656643404790932
AT1G56350	-0.00656620530815289
AT1G03650	-0.00656617494377738
AT5G49770	-0.00656573511187326
AT3G03810	-0.00656570500145871
AT1G49860	-0.00656562390431864
AT5G35530	-0.00656549553658423
AT5G65440	-0.00656544285981629
AT3G11910	-0.00656535512581471
AT1G29060	-0.0065653347703293
AT3G01260	-0.00656510874169157
AT1G69230	-0.0065642743305177
AT1G06740	-0.00656368467287468
AT1G36390	-0.00656367082416516
AT3G26935	-0.00656365648025042
AT3G62330	-0.00656350626561936
AT4G09750	-0.0065633821296875
AT1G67310	-0.00656311171092785
AT3G55120	-0.00656292781789884
AT1G71420	-0.00656274156258751
AT4G31400	-0.00656255952234114
AT2G45250	-0.00656219532430627
AT3G56080	-0.00656196388200895
AT2G41410	-0.00656153379895075
AT1G70280	-0.00656142724441661
AT5G65510	-0.00656132888732677
AT1G30960	-0.00656121501723875
AT3G53840	-0.00656066130576661
AT5G43960	-0.00656056083410734
AT5G49400	-0.00656014944603134
AT5G14470	-0.00655985507845167
AT5G03760	-0.00655968060787566
AT5G03553	-0.00655927393880243
AT3G61360	-0.0065589839397635
AT1G29120	-0.00655858290643078
AT5G56780	-0.00655745364585194
AT3G18780	-0.00655614749706638
AT1G06470	-0.00655590093014448
AT4G08460	-0.00655442311258665
AT3G49850	-0.00655420777172316
AT4G04320	-0.0065535129126161
AT1G06120	-0.00655305586364517
AT4G10600	-0.00655275310012676
AT1G62010	-0.00655268307662229
AT2G28110	-0.00655264904279874
AT1G02720	-0.00655263466996268
AT4G30270	-0.0065525995646345
AT2G34480	-0.00655252842116143
AT1G07615	-0.00655250429132969
AT4G13440	-0.00655226326538433
AT4G30870	-0.00655214968682647
AT1G69800	-0.00655209635040979
AT1G58080	-0.00655199663992615
AT1G04960	-0.006551935976351
AT3G07110	-0.00655182625344519
AT5G57890	-0.00655148342475873
AT4G39150	-0.00655147680274701
AT5G25890	-0.00655084477071111
AT3G56190	-0.00655015063218849
AT1G13180	-0.00654994636351096
AT2G14255	-0.00654994146434458
AT2G18360	-0.00654975343205327
AT2G31900	-0.00654880553262491
AT1G20440	-0.00654860473778432
AT3G55230	-0.00654832503389619
AT1G16830	-0.00654800022346723
AT5G64990	-0.00654788247353635
AT4G19610	-0.00654728719178624
AT5G42620	-0.00654726405080956
AT3G18295	-0.00654724809193237
AT3G23175	-0.00654696683335715
AT3G19100	-0.00654685806191803
AT2G16270	-0.00654667109093301
AT5G39510	-0.00654666532398654
AT5G32440	-0.00654663510734571
AT3G18215	-0.00654659004178141
AT1G73550	-0.0065463568310296
AT1G06820	-0.00654599451910499
AT2G03510	-0.00654564842721735
AT3G17310	-0.00654551025734616
AT1G29630	-0.00654529826295149
AT1G72410	-0.0065451852640403
AT3G08020	-0.00654509711622265
AT1G01430	-0.00654433024307067
AT1G55480	-0.00654417262791891
AT1G62580	-0.00654409899535325
AT4G11360	-0.00654380090291182
AT1G74040	-0.00654320298701048
AT4G00231	-0.00654280366212261
AT5G14790	-0.00654260521912483
AT1G69880	-0.00654254871685921
AT5G13180	-0.00654218264422939
AT3G25800	-0.0065421494187781
AT5G03300	-0.00654200238260393
AT1G19100	-0.0065419659072231
AT1G55000	-0.00654171723853367
AT2G17050	-0.00654124924494058
AT1G14860	-0.00654122907735858
AT5G22780	-0.00654046679356281
AT5G13750	-0.00654026821216518
AT3G24820	-0.00654024051817924
AT1G13510	-0.00654017902381796
AT5G28640	-0.00654017660012699
AT2G46060	-0.00653997025319383
AT5G28530	-0.00653985943594037
AT2G24755	-0.00653977736690402
AT1G52270	-0.00653960687315816
AT5G02840	-0.00653942703745352
AT1G03250	-0.00653909688615827
AT5G50970	-0.0065389550821325
AT3G01860	-0.00653883795433099
AT4G21790	-0.00653866807918182
AT1G63220	-0.00653856787399723
AT5G20080	-0.00653853014262358
AT1G21680	-0.0065384451308819
AT5G15710	-0.0065378041981597
AT1G23080	-0.0065374535439613
AT3G01340	-0.00653680886155808
AT1G58025	-0.00653653747865148
AT1G63460	-0.00653516095887472
AT1G69340	-0.00653492963342237
AT4G01897	-0.00653474202252817
AT5G20600	-0.00653460884595067
AT1G15420	-0.00653454935850638
AT1G67325	-0.00653383840413706
AT1G01800	-0.00653350355774319
AT5G45150	-0.00653299218525771
AT1G02610	-0.00653285311596947
AT1G25277	-0.00653202366274731
AT3G05740	-0.00653173279292173
AT2G17620	-0.00653167446879021
AT2G45690	-0.00653113432283546
AT3G61760	-0.00653106522621807
AT5G45775	-0.00653070376489571
AT2G27920	-0.00653058652637909
AT5G18270	-0.00653047490505103
AT4G09670	-0.00653023000132301
AT1G17190	-0.00652992524086119
AT3G07750	-0.00652950758985886
AT5G55600	-0.00652946146341605
AT1G44810	-0.00652915136010622
AT4G31580	-0.00652896121734069
AT3G26750	-0.00652869781129719
AT5G45350	-0.00652867065356642
AT3G15840	-0.00652851914079084
AT1G66460	-0.00652826311750333
AT4G15000	-0.00652819000210827
AT5G47630	-0.00652817869677226
AT3G56310	-0.00652811206838215
AT1G32340	-0.00652797495300677
ATCG01080	0.00652788974253374
AT1G17730	-0.00652770390222943
AT1G80040	-0.00652715561780872
AT3G63470	-0.00652713410255706
AT5G19180	-0.00652643512460073
AT4G02460	-0.00652606632190588
AT1G71865	-0.00652593961587055
AT1G55450	-0.00652570123952655
AT2G07050	-0.00652548592277074
AT4G30480	-0.00652535815596719
AT1G04223	0.00652535231041136
AT1G47056	-0.00652522225542552
AT3G15410	-0.00652493911603002
AT5G08130	-0.0065248244575886
AT2G24420	-0.0065245927211922
AT1G18180	-0.00652450567436989
AT2G02990	-0.00652412778168566
AT3G09310	-0.00652384197784444
AT5G25560	-0.00652380090715409
AT4G19975	-0.00652364797649568
AT2G05320	-0.00652341849045139
AT3G10570	-0.00652321997830653
AT3G24900	-0.00652257370786991
AT1G71696	-0.00652247886810489
AT4G28070	-0.00652162125444332
AT1G06730	-0.00652154898881211
AT5G44090	-0.00652151029701991
AT1G11240	-0.00652134176681299
AT2G23890	-0.00652094406043284
AT2G41250	-0.00652086278935802
AT5G48170	-0.00652085548614154
AT5G16520	-0.0065203935972574
AT1G04790	-0.00652010474258859
AT1G04945	-0.0065200240949283
AT4G33780	-0.00651994618666666
AT2G33610	-0.00651981825925106
AT5G40380	-0.00651945572263276
AT1G48630	-0.0065187023996029
AT5G01190	-0.0065186505317434
AT1G76200	-0.00651864859841948
AT3G58500	-0.00651863519670129
AT4G24770	-0.00651852405477956
AT1G69900	-0.00651775212696659
AT5G06560	-0.00651768457196215
AT5G22400	-0.00651671466889612
AT5G65575	-0.00651671066849991
AT4G31110	-0.00651667411970477
AT1G10720	-0.00651646424281773
AT1G70330	-0.00651636349565913
AT4G36945	-0.00651629903258462
AT3G44700	-0.00651622629950877
AT5G44320	-0.00651621936832173
AT5G23550	-0.00651613028829185
AT2G31350	-0.00651589466996162
AT1G73100	-0.00651578089633562
AT4G34265	-0.00651566495814641
AT1G34270	-0.00651453047872115
AT5G51070	-0.00651426733261389
AT5G57400	-0.00651420893659002
AT3G02700	-0.0065139679815249
AT1G73620	-0.00651372871616341
AT1G58602	-0.00651307143054336
AT3G22845	-0.00651294013844683
AT5G10270	-0.00651289551992581
AT1G25682	-0.00651277515590227
AT5G56720	-0.00651261953776543
AT1G61030	-0.00651222453432545
AT1G19485	-0.00651128602475167
AT2G06990	-0.00651078128166259
AT3G51150	-0.00651070360524966
AT5G10930	-0.00651059320194701
AT4G33060	-0.00651011034937382
AT1G22750	-0.00650995785559955
AT4G09000	-0.00650939305905561
AT5G42790	-0.00650924814294154
AT2G34160	-0.00650897556495138
AT5G66230	-0.00650860529990772
AT4G37650	-0.00650854020187356
AT1G25275	-0.0065083332022999
AT4G35500	-0.00650790484560628
AT1G74930	-0.00650781726564805
AT1G49380	-0.00650755471892417
AT1G60850	-0.00650755231476191
AT2G39130	-0.00650745441626886
AT4G16845	-0.00650721268108919
AT2G19760	-0.00650685009363908
AT5G13590	-0.00650676893690314
AT4G00490	-0.00650664421580688
AT2G22990	-0.0065062045049735
AT3G16810	-0.0065061475656581
AT1G74060	-0.00650592346542739
AT5G21326	-0.00650554466085649
AT4G32040	-0.00650530822599379
AT1G05750	-0.00650483913664614
AT5G16130	-0.00650473121338043
AT4G33920	-0.00650441271584547
AT3G07080	-0.00650439396867758
AT1G02120	-0.00650429849181096
AT1G19396	-0.00650426083667011
AT2G17560	-0.00650425119629003
AT1G09270	-0.0065042320095939
AT1G76580	-0.00650416069693647
AT3G09100	-0.00650406241632311
AT3G51260	-0.00650321535430216
AT1G19900	-0.00650307850039523
AT4G08960	-0.00650299590304399
AT5G47140	-0.00650297655429304
AT5G63910	-0.00650246041740939
AT1G34110	-0.00650240727321038
AT1G14510	-0.00650224535924058
AT4G22840	-0.00650210944808849
AT3G12110	-0.00650172514025209
AT1G20340	-0.00650131451547809
AT2G01100	-0.00650122298038076
AT1G31830	-0.00650065483179538
AT1G31420	-0.00650047360244678
AT5G07460	-0.00650027073047675
AT1G74380	-0.0065001946016554
AT1G42430	-0.00649981423238668
AT5G19030	-0.00649978490755926
AT3G15390	-0.00649977307242629
AT3G51840	-0.00649923259902044
AT2G27020	-0.00649899521599694
AT4G20440	-0.00649874523742293
AT5G61380	-0.00649867063340767
AT5G35753	-0.0064985371845879
AT4G34910	-0.00649843567246346
AT3G57990	-0.00649841887828372
AT1G05890	-0.00649825849202022
AT3G08610	-0.00649816972638451
AT5G47980	-0.00649796959548401
AT5G06410	-0.00649790684265117
AT1G67960	-0.00649748865234176
AT2G44950	-0.00649731083035313
AT4G23760	-0.00649729177108849
AT3G62220	-0.00649707570093528
AT1G17120	-0.00649691824739851
AT1G32127	-0.00649666931272779
AT1G12860	-0.00649635609425825
AT4G25020	-0.00649630232148766
AT1G08760	-0.00649607138218621
AT2G45440	-0.00649605428218614
AT3G59950	-0.00649533345913089
AT2G16800	-0.0064951965842638
AT3G11280	-0.00649464610766113
AT3G29310	-0.00649411256281316
AT1G17750	-0.00649399495139861
AT2G34190	-0.00649346067127664
AT4G05000	-0.00649327637780323
AT3G49560	-0.00649313853205651
AT2G22910	-0.00649312419550633
AT5G04240	-0.00649304661899616
AT5G27395	-0.00649267899844331
AT1G77660	-0.00649224827031664
AT4G08505	-0.00649203106792156
AT1G47490	-0.00649189214370216
AT1G61740	-0.00649179614095521
AT2G36145	-0.00649178640974425
AT4G00030	-0.00649178235097037
AT5G43280	-0.00649164133746666
AT3G18750	-0.00649133497376504
AT1G22650	-0.00649132180741328
AT2G25560	-0.00649130262877786
AT1G29340	-0.00649051866403756
AT5G48160	-0.00649032714243481
AT3G53710	-0.00648978264443502
AT1G14320	-0.00648924957873264
AT5G64710	-0.00648857349774895
AT2G26590	-0.00648852877034975
AT1G77920	-0.00648785419229136
AT4G38640	-0.0064876743726561
AT2G41760	-0.00648753203780421
AT1G70160	-0.00648729728758862
AT5G17460	-0.00648680682804346
AT1G17280	-0.00648680181979294
AT5G61455	-0.006486621153824
AT5G47400	-0.00648612651241459
AT2G19740	-0.00648543602555657
AT1G09730	-0.0064846101320605
AT4G27020	-0.00648416720055077
AT2G41560	-0.006484150351097
AT3G01300	-0.00648414459623319
AT4G34000	-0.00648404393062966
AT3G27320	-0.00648390816353134
AT2G45810	-0.00648374165701654
AT1G80325	-0.00648345856986036
AT2G34170	-0.00648333003762116
AT2G06925	-0.00648227790843266
AT1G20630	-0.00648190025254776
AT3G20420	-0.00648164251287173
AT1G75335	-0.00648146419443288
AT2G34310	-0.00648106098740936
AT3G48380	-0.00648101098228689
AT1G12810	-0.00648084710468141
AT4G27300	-0.00648061144051583
AT1G74530	-0.00648047244346142
AT1G73210	-0.00647944062349685
AT5G47760	-0.00647890190596343
AT1G07820	-0.00647845214680767
AT1G73130	-0.00647821962284756
AT1G55680	-0.00647813002217232
AT2G02950	-0.00647793937103911
AT2G28120	-0.00647776116857465
AT5G43900	-0.00647728124133522
AT1G04170	-0.00647712576926802
AT1G52870	-0.00647704944295583
AT3G26510	-0.00647693683633548
AT1G72550	-0.00647667464085118
AT1G16300	-0.00647657706608853
AT3G60770	-0.0064759547903865
AT1G04080	-0.00647593059987905
AT4G39410	-0.00647580973908368
AT1G24280	-0.00647549359536059
AT1G24100	-0.00647547416777977
AT4G22920	-0.00647547145370558
AT1G34150	-0.00647534102641526
AT5G43990	-0.00647457492939235
AT3G53580	-0.00647439060117626
AT4G18130	-0.00647433819978913
AT4G19500	-0.00647397064667492
AT1G78880	-0.00647376175355301
AT3G27360	-0.00647370448305314
AT3G50700	-0.00647321503736665
AT1G23280	-0.0064731618837816
AT4G14465	-0.00647195728541533
AT1G69220	-0.00647191414158185
AT4G28010	-0.00647159233969844
AT1G75620	-0.00647155298987913
AT5G02610	-0.00647128003561251
AT5G66675	-0.00647087627511215
AT4G19030	-0.00647086762712651
AT4G11680	-0.0064705001844198
AT1G51160	-0.0064703756881831
AT5G41570	-0.00647036696120719
AT1G66330	-0.00647032126202541
AT2G36870	-0.00646994509836455
AT3G04370	-0.00646990752501862
AT5G03495	-0.0064698602856916
AT3G20470	-0.00646946120108546
AT3G20120	-0.00646917458873963
AT3G11385	-0.00646870239464738
AT5G45500	-0.00646861684472383
AT2G27860	-0.00646832877427713
AT3G48140	-0.00646807975182442
AT5G05800	-0.00646798099516767
AT5G27360	-0.00646755577175949
AT2G31230	-0.00646727812022918
AT5G44200	-0.00646662031427934
AT5G42560	-0.0064662987084924
AT3G08620	-0.00646610246259238
AT5G60940	-0.00646568292580693
AT5G49210	-0.00646534949562508
AT4G13350	-0.00646498505245151
AT5G27200	-0.00646487155673796
AT3G05120	-0.00646461561877324
AT2G37690	-0.0064644977850172
AT1G06070	-0.00646428083422205
AT5G13510	-0.00646414217444927
AT5G53210	-0.00646406950226905
AT3G51630	-0.00646391010272787
AT4G10380	-0.00646335794775868
AT1G35780	-0.00646321160733404
AT4G00026	-0.00646315165147533
AT5G35460	-0.00646305422891724
AT1G05087	-0.00646286606017206
AT1G65230	-0.006462776420502
AT5G01240	-0.006462568740887
AT5G51400	-0.00646256552723843
AT3G50100	-0.00646243749353339
AT4G13590	-0.00646230519272578
AT3G26370	-0.00646226693704466
AT1G71060	-0.00646186102987402
AT5G64350	-0.00646153654792849
AT5G51510	-0.0064614248047085
AT5G14600	-0.0064612996887413
AT1G11440	-0.00646123432913029
AT3G25040	-0.00646117332971413
AT1G11390	-0.0064609351465916
AT4G20280	-0.00646050151111255
AT1G32440	-0.00646011893199437
AT4G34840	-0.00645999665418849
AT3G27880	-0.00645952566840949
AT5G05460	-0.00645950875499841
AT5G48990	-0.00645938731443201
AT4G26795	-0.00645933291265963
AT5G06811	-0.00645922393573147
AT4G19640	-0.00645911113874059
AT4G04760	-0.00645905458742195
AT1G51610	-0.00645788457902517
AT5G06430	-0.00645783470167946
AT4G35770	-0.00645755992627582
AT5G58710	-0.00645745056238259
AT1G07320	-0.00645741462488453
AT5G63480	-0.00645719818099598
AT5G65590	-0.0064571031005341
AT3G26080	-0.00645701147709362
AT5G42360	-0.00645687599895689
AT5G47500	-0.00645686186882472
AT1G08110	-0.00645684433873006
AT2G46520	-0.00645676048759149
AT5G17270	-0.00645624684358442
AT3G11320	-0.00645585865645484
AT4G01710	-0.00645584407630387
AT3G16090	-0.0064557101050037
AT3G57290	-0.0064555988752126
AT2G43560	-0.00645485682890689
AT5G54855	-0.00645418487417865
AT1G05060	-0.00645399727887352
AT5G19930	-0.00645376438756938
AT4G36400	-0.00645294943593228
AT3G05750	-0.00645270581814555
AT2G31110	-0.00645260710588571
AT1G53850	-0.00645246750763871
AT5G66730	-0.00645170590584959
AT1G73080	-0.0064516128153418
AT5G49760	-0.00645158446607615
AT1G67105	-0.00645137253361863
AT1G62670	-0.00645122820948679
AT5G53560	-0.00645111225738074
AT2G36060	-0.00645110557493215
AT5G27640	-0.00645101600362904
AT1G72160	-0.00645101491871371
AT1G65650	-0.00645084601518914
AT2G45170	-0.00645038673621528
AT5G56260	-0.00645015270027138
AT1G75220	-0.00645009760665083
AT3G61420	-0.00644915897227423
AT3G56740	-0.00644897874272345
AT1G43670	-0.00644884504152664
AT4G25700	-0.00644871916960991
AT1G15220	-0.00644865560299547
AT3G50360	-0.00644829186008452
AT2G38810	-0.00644819369913828
AT1G24020	-0.00644789199952411
AT2G20340	-0.00644755182675629
AT1G10280	-0.00644751297943266
AT5G48545	-0.00644740074232538
AT1G21600	-0.00644711264035774
AT1G73250	-0.00644681977947804
AT5G03740	-0.00644669580756816
AT2G42780	-0.00644610222661438
AT3G47640	-0.00644513151466648
AT1G17690	-0.00644458100402297
AT5G50410	-0.00644437836619405
AT5G24313	-0.00644421245686738
AT4G18593	-0.00644391681697782
AT5G10160	-0.00644382250293976
AT1G44750	-0.00644361207246848
AT3G18990	-0.00644347149955848
AT1G01810	-0.00644333447806983
AT5G17880	-0.00644298588472715
AT5G06940	-0.0064423189527287
AT1G79650	-0.00644212122135095
AT5G38980	-0.00644210388419181
AT5G13110	-0.00644187899885133
AT3G22270	-0.0064416972543605
AT2G31740	-0.00644161711550241
AT1G75750	-0.00644128323924481
AT4G38390	-0.00644105836768855
AT5G57950	-0.00644070444802743
AT1G24600	-0.00644065892845037
AT4G35510	-0.0064403136899624
AT3G58170	-0.00644005941744294
AT5G65830	-0.00643992806506558
AT1G80690	-0.00643984259224087
AT2G31710	-0.00643977511366453
AT1G05710	-0.00643964169267386
AT3G55950	-0.00643956880792127
AT5G02460	-0.00643949132536903
AT1G76030	-0.00643949072205455
AT5G03140	-0.00643921850737359
AT1G71310	-0.00643920707391967
AT3G10730	-0.00643916193602858
AT1G54510	-0.00643889245316111
AT1G17870	-0.00643882319355905
AT3G23400	-0.00643821711266512
AT3G06430	-0.00643785373911384
AT5G67580	-0.00643765029481621
AT5G10200	-0.00643744728534075
AT3G06250	-0.00643679156498404
AT2G37110	-0.00643619396676685
AT1G43130	-0.00643603822682485
AT2G22860	-0.00643598238160224
AT2G31610	-0.00643590792453216
AT1G02205	-0.00643585767233968
AT3G06890	-0.0064353713024598
AT5G52920	-0.00643529692262231
AT1G28760	-0.00643503623648623
AT1G13770	-0.0064349180405676
AT5G58470	-0.00643444778297831
AT5G65520	-0.0064343247841872
AT1G33250	-0.00643352284772155
AT3G06580	-0.00643342720582166
AT3G21220	-0.00643342172129957
AT3G27520	-0.00643332448601595
AT3G47200	-0.00643316925431269
AT5G07390	-0.00643313274184439
AT5G51230	-0.00643308700572318
AT3G19180	-0.00643307051495107
AT2G20940	-0.00643298695884617
AT1G77500	-0.00643263734862892
AT1G47580	-0.00643259341273703
AT2G38560	-0.00643247743951787
AT3G24740	-0.00643236346828326
AT1G73760	-0.00643191191066023
AT5G55390	-0.00643162571205032
AT2G22190	-0.00643132894180323
AT2G22120	-0.00643118424358345
AT3G15360	-0.00643113408102265
AT1G20560	-0.00643097637564821
AT5G16950	-0.00643096122015122
AT4G37260	-0.00643072209553747
AT3G55350	-0.00643010945990288
AT1G17650	-0.00642969672855315
AT3G06720	-0.00642959449644235
AT3G55250	-0.00642952862221431
AT5G16880	-0.00642911303337003
AT5G17670	-0.00642891201805036
AT3G49760	-0.00642878344242485
AT5G47570	-0.0064286336302468
AT5G22040	-0.00642828128960132
AT2G34390	-0.00642825113180225
AT3G63310	-0.00642819452443027
AT4G14830	-0.00642774080223984
AT2G12461	-0.00642759171119374
AT1G23040	-0.00642732188923993
AT1G75166	-0.00642707055505083
AT5G25580	-0.00642688117811048
AT4G27080	-0.00642670256547854
AT5G11200	-0.00642650743174894
AT1G15020	-0.00642640320992686
AT5G23000	-0.00642596909551874
AT5G42960	-0.0064257619466855
AT2G16600	-0.00642572685652064
AT2G38025	-0.00642568372382294
AT4G15140	-0.00642561720633813
AT1G70990	-0.00642545156268594
AT5G57015	-0.00642525040917987
AT3G49790	-0.00642510013880446
AT1G69730	-0.00642471241142166
AT5G50180	-0.00642377406056617
AT5G03290	-0.00642312689839916
AT1G54990	-0.00642257782360788
AT3G14160	-0.00642251562199544
AT1G02860	-0.00642214811117347
AT1G35420	-0.00642199287002555
AT3G54350	-0.00642182121968711
AT5G54270	-0.00642180029794676
AT2G30990	-0.00642151567766076
AT1G19950	-0.00642124501775501
AT5G19070	-0.00642111198415953
AT5G07120	-0.00642068112675338
AT5G49060	-0.0064205739622295
AT4G08540	-0.00642052207403648
AT1G23440	-0.00642037257884252
AT1G71490	-0.00642032573341089
AT1G27190	-0.00641934972016056
AT4G10770	-0.00641849411239194
AT3G28430	-0.00641845496138701
AT4G15430	-0.006418443868549
AT2G29290	-0.00641826578920132
AT1G27880	-0.00641795304153334
AT2G29490	-0.00641761247722524
AT1G04930	-0.00641752639028432
AT5G62910	-0.00641721456456038
AT5G01160	-0.00641720311469301
AT1G56630	-0.00641701746105984
AT5G02970	-0.00641681636259831
AT4G26510	-0.0064166696554796
AT4G12900	-0.00641656574203455
AT5G17400	-0.0064163913453969
AT1G16860	-0.00641623831970637
AT1G63720	-0.00641620398241104
AT1G24360	-0.00641603463411862
AT2G36170	-0.00641500452979492
AT4G17895	-0.00641489068959791
AT1G07470	-0.00641443682530898
AT3G56240	-0.00641424142414057
AT5G45590	-0.00641415335860913
AT5G62720	-0.0064139654188946
AT1G61990	-0.00641336053285167
AT3G26700	-0.00641313883511179
AT1G26120	-0.00641293073725002
AT1G58470	-0.00641244854858068
AT3G18217	-0.00641242235811385
AT3G48425	-0.00641177649777423
AT5G28290	-0.00641163634359985
AT5G54910	-0.00641105155827348
AT4G11175	-0.00641077592724175
AT3G06440	-0.00641077382150569
AT1G79520	-0.00641065634081765
AT1G48490	-0.00641060211528387
AT5G20480	-0.00641044519599545
AT3G60190	-0.00641029609705229
AT1G08030	-0.0064101610660235
AT3G45590	-0.00640999081869145
AT5G24680	-0.00640966819316919
AT2G40320	-0.00640941678035483
AT5G06140	-0.00640882535463885
AT5G05970	-0.00640839757939018
AT1G56670	-0.00640830434898606
AT2G29360	-0.00640795241517728
AT2G46510	-0.00640777924028183
AT1G52720	-0.00640771367163904
AT4G05110	-0.00640766750469119
AT5G20650	-0.00640759249210339
AT3G26550	-0.00640737813666369
AT1G45180	-0.00640718849020986
AT2G48130	-0.00640658110613402
AT4G36740	-0.006405743352743
AT4G23980	-0.00640556068811898
AT5G23310	-0.00640516170851398
AT4G01860	-0.00640447925288288
AT2G01420	-0.00640441797482715
AT2G31360	-0.00640398583231955
AT1G75730	-0.00640392969393886
AT4G27230	-0.00640325977497312
AT2G48120	-0.00640321745777393
AT1G79985	-0.00640297956389666
AT1G68580	-0.00640290859897844
AT4G29560	-0.0064028734557243
AT2G42900	-0.00640281954498196
AT4G13970	-0.00640268832081033
AT2G33290	-0.00640264720805751
AT1G20610	-0.00640252249960622
AT1G76360	-0.00640223153802677
AT5G05360	-0.00640213829781229
AT3G11800	-0.00640201886240909
AT2G43360	-0.00640189479372592
AT1G30200	-0.0064011373158533
AT1G17020	-0.00640066460479103
AT5G12190	-0.00640050604861161
AT2G04845	-0.00640023540304547
AT1G26870	-0.006400215547054
AT4G15520	-0.00640019001914844
AT5G62190	-0.00640012414878198
AT5G57290	-0.00639997811617863
AT1G14900	-0.00639985326570141
AT2G41060	-0.00639956305159284
AT4G12450	-0.00639939751497846
AT5G47460	-0.00639917718185348
AT4G00820	-0.00639916848900617
AT4G24310	-0.00639887755913828
AT2G23930	-0.00639887448950681
AT2G05518	-0.00639837436125362
AT2G42160	-0.00639824790120386
AT2G39430	-0.00639781138532195
AT3G05100	-0.00639760495848873
AT5G09680	-0.00639668742993266
AT3G11540	-0.00639641117544864
AT3G52480	-0.00639634301032295
AT1G60620	-0.00639563564978751
AT4G08900	-0.00639561011439542
AT1G05960	-0.00639551542203519
AT5G63440	-0.00639539225245383
AT2G40290	-0.00639494730970643
AT3G17410	-0.00639485160680665
AT1G67910	-0.00639480624112867
AT1G79200	-0.00639475013769119
AT5G47700	-0.00639433269797876
AT2G43535	-0.00639423489651429
AT5G42200	-0.00639350437623695
AT1G78915	-0.00639336480390825
AT1G46768	-0.00639307580129418
AT3G15430	-0.00639271923125643
AT5G10870	-0.00639259263027279
AT5G39830	-0.00639224019949025
AT3G29035	-0.00639219263386024
AT5G03330	-0.00639194137256141
AT3G03140	-0.00639179618395862
AT5G54680	-0.006391703521556
AT2G35530	-0.0063913684372781
AT3G05570	-0.00639122669712921
AT3G23090	-0.00639073141474493
AT5G05980	-0.00639072987729505
AT1G61620	-0.00639053908503602
AT1G64480	-0.00639049846428971
AT5G29000	-0.00639007049595803
AT4G25890	-0.0063898280343326
AT1G71790	-0.00638921033713201
AT4G31450	-0.0063891294504146
AT5G20990	-0.0063889870788834
AT5G48840	-0.0063889632237375
AT5G19600	-0.00638876264682754
AT1G15240	-0.00638872511356723
AT2G05170	-0.00638872485746483
AT3G10540	-0.00638856577648977
AT3G20870	-0.00638835125905395
AT5G03180	-0.00638832148771144
AT3G13320	-0.00638824216532965
AT3G25510	-0.00638801605228489
AT5G67190	-0.00638795236386146
AT1G21590	-0.00638771681820154
AT2G17580	-0.00638746727212792
AT4G19010	-0.00638729882521007
AT3G05340	-0.00638727305778194
AT2G13820	-0.00638711853578962
AT3G49430	-0.0063870350371696
AT4G17500	-0.00638696756327842
AT4G12980	-0.00638690289005686
AT3G51870	-0.00638669997337848
AT2G37190	-0.00638663108399376
AT5G23360	-0.00638658151260194
AT5G08290	-0.00638652639447569
AT5G02880	-0.00638651562638192
AT4G29040	-0.00638625791785755
AT5G46430	-0.00638598615397055
AT3G57120	-0.0063856075407052
AT4G11190	-0.00638554870099317
AT3G23570	-0.00638463015643727
AT2G19640	-0.00638462967293804
AT3G63430	-0.00638452521589988
AT5G17640	-0.00638446564229327
AT3G63150	-0.00638394542412707
AT3G45210	-0.00638391813627208
AT5G18490	-0.00638373552203227
AT3G29590	-0.00638325916258919
AT4G24910	-0.00638314692029792
AT1G19860	-0.00638217103206216
AT2G30470	-0.0063808177649411
AT3G13550	-0.00638070959081378
AT2G33060	-0.00638040037528546
AT2G46200	-0.00638012210717421
AT5G53140	-0.00638004340109346
AT1G02850	-0.00637993112198682
AT4G32070	-0.0063798322362103
AT2G21300	-0.00637937443890596
AT1G55420	-0.00637932749763437
AT1G28200	-0.00637881791520514
AT3G05990	-0.00637827978663171
AT4G10400	-0.00637820134504465
AT3G16170	-0.00637784701191924
AT3G15300	-0.00637772093361635
AT1G77630	-0.00637766993188795
AT4G27960	-0.00637761461358198
AT3G07740	-0.00637755560150867
AT3G15090	-0.00637733210972875
AT5G47820	-0.00637713258168271
AT5G52020	-0.00637679421316838
AT1G08847	-0.00637657914658809
AT4G32710	-0.00637614474030556
AT1G04390	-0.00637604889793034
AT4G35060	-0.00637583660406867
AT1G12110	-0.00637535280692879
AT3G51950	-0.00637516312614441
AT3G15095	-0.00637495959313799
AT3G11100	-0.00637468630810042
AT2G38550	-0.00637464998036283
AT3G19260	-0.00637449056135491
AT5G02590	-0.0063741831358686
AT3G03150	-0.00637403748965534
AT4G15920	-0.00637394879181917
AT5G41685	-0.00637388534947528
AT4G01410	-0.00637366164967154
AT3G01710	-0.00637261775700219
AT2G23140	-0.00637221175292483
AT2G33540	-0.00637215594518956
AT5G65940	-0.00637189493496055
AT3G59710	-0.00637128375990349
AT3G03773	-0.00637113136120086
AT3G20320	-0.00637088080024302
AT3G44750	-0.006370636118967
AT3G05810	-0.00637038792030129
AT3G47620	-0.0063702002253442
AT3G21140	-0.00636988931392692
AT3G57550	-0.00636938339001531
AT3G52550	-0.00636907515417867
AT1G51130	-0.00636873715069551
AT4G26160	-0.00636867029791792
AT2G33760	-0.00636865714849384
AT2G15300	-0.0063684393382313
AT1G48240	-0.00636801385017877
AT1G15840	-0.00636775676615329
AT1G09810	-0.00636759713573311
AT1G47870	-0.00636713698949709
AT4G38790	-0.00636710000682932
AT2G40475	-0.00636692224854966
AT5G27490	-0.00636636338716837
AT5G08430	-0.00636629605265761
AT5G37550	-0.0063661891498002
AT5G63500	-0.00636575113296536
AT3G09980	-0.00636574565352933
AT1G21150	-0.00636572623729219
AT1G14560	-0.00636562998308732
AT2G45210	-0.00636556348929758
AT4G17880	-0.00636540230074188
AT5G53850	-0.00636538833418952
AT3G17100	-0.00636513950187097
AT5G13740	-0.00636507772356751
AT1G62920	-0.00636477111022064
AT5G47940	-0.00636437490102457
AT5G40340	-0.00636416583661971
AT5G06720	-0.00636390789769779
AT1G79590	-0.00636382942384638
AT1G08350	-0.00636355554559508
AT3G58020	-0.0063631113388375
AT5G11800	-0.00636310998733567
AT1G29520	-0.0063630803670874
AT2G32080	-0.00636229370424185
AT1G10120	-0.0063621158862276
AT4G10050	-0.00636197587025794
AT5G43600	-0.00636164056553046
AT1G65500	-0.00636074725070365
AT5G40250	-0.0063606377956573
AT1G80500	-0.00636061291343008
AT5G43930	-0.00636057708534323
AT3G24800	-0.00636013024552281
AT3G60030	-0.00635991795211219
AT2G35450	-0.0063599076406697
AT2G01390	-0.00635989274835425
AT2G44480	-0.00635989032869437
AT1G50560	-0.00635955689464874
AT4G19920	-0.00635948336252283
AT5G02650	-0.00635934503955175
AT2G19940	-0.00635910601428849
AT5G49710	-0.00635871360584521
AT1G66500	-0.0063580142476359
AT3G18730	-0.00635796758897749
AT3G55340	-0.00635794708747202
AT3G59250	-0.00635746295473615
AT2G14860	-0.00635729324522741
AT1G11700	-0.00635712969933453
AT1G78040	-0.00635626648409623
AT1G61670	-0.00635624946731367
AT3G11210	-0.00635618161493736
AT5G02910	-0.0063555600375255
AT1G63610	-0.00635551713683663
AT3G47570	-0.00635543158811957
AT3G46950	-0.00635541319014915
AT5G43620	-0.00635540472177922
AT5G17660	-0.00635534152124406
AT1G15370	-0.00635512404549536
AT5G18460	-0.00635471541172147
AT3G51530	-0.00635383319793441
AT5G24320	-0.00635372313747554
AT1G48640	-0.00635354717176061
AT1G62610	-0.00635329353894847
AT3G47520	-0.00635320376016791
AT1G06700	-0.00635301445200505
AT1G10660	-0.00635224705208513
AT5G62480	-0.0063522201804567
AT2G01480	-0.00635220489489639
AT2G39780	-0.00635219112861747
AT5G54020	-0.00635152219263059
AT1G18265	-0.00635144663580869
AT5G61440	-0.0063511917625634
AT3G06080	-0.0063506993364135
AT1G05350	-0.00635043769864317
AT2G35680	-0.00635032520585128
AT1G80980	-0.00635024806281165
AT1G08070	-0.00635021439302364
AT1G15900	-0.00634991419136733
AT3G22850	-0.00634931415842006
AT5G45360	-0.00634850891403067
AT2G38320	-0.00634828894449002
AT3G55600	-0.00634803689767572
AT4G14680	-0.00634801596948241
AT3G48970	-0.00634791890114531
AT4G30700	-0.00634760607163836
AT1G22050	-0.00634742012547949
AT3G57860	-0.00634663801331852
AT1G52600	-0.00634657895050742
AT2G33220	-0.00634649480789327
AT2G41160	-0.00634550457747159
AT3G28450	-0.00634544140577472
AT3G15400	-0.00634535916579356
AT3G14205	-0.00634508803797057
AT1G49390	-0.00634505512349785
AT5G02810	-0.00634479363762927
AT5G19855	-0.00634470815868947
AT5G04885	-0.00634463924873156
AT1G45050	-0.00634420249973781
AT5G38350	-0.0063435745043064
AT4G24370	-0.00634356945350234
AT1G16280	-0.0063435489989972
AT5G54140	-0.00634279541850611
AT3G42150	-0.00634272203692339
AT1G52080	-0.00634216669765792
AT4G32130	-0.00634169197615236
AT5G11750	-0.00634135893359231
AT5G04720	-0.00634127211053236
AT3G23580	-0.00634096067862458
AT1G43910	-0.00634090466116146
AT1G63430	-0.00634082530298391
AT1G60870	-0.00634063366371211
AT2G27090	-0.00634033988343087
AT4G04630	-0.00634023581146588
AT2G03390	-0.00633965011736907
AT3G05590	-0.0063396396336246
AT1G06690	-0.00633945448824968
AT3G25950	-0.00633900706789289
AT4G13494	0.00633895449245286
AT5G04430	-0.00633874873178044
AT4G39680	-0.00633858413706026
AT2G35420	-0.00633840976286587
AT1G68120	-0.00633829239722315
AT2G41740	-0.00633781539586129
AT5G65158	-0.00633771533481252
AT2G18260	-0.00633747965065821
AT2G26520	-0.00633738428946407
AT5G18640	-0.00633720494524044
AT5G24870	-0.00633647043254459
AT5G60570	-0.00633628172836564
AT1G05230	-0.00633621775056251
AT4G16850	-0.00633620672216519
AT2G39090	-0.00633618563672202
AT4G32560	-0.00633596796590467
AT5G21170	-0.00633587557510244
AT1G33750	-0.00633585279101427
AT5G28350	-0.00633580349351712
AT3G06200	-0.0063355601898618
AT4G11550	-0.00633518335806467
AT1G18690	-0.00633504754098126
AT3G24503	-0.00633503110364753
AT4G19040	-0.00633459783103983
AT1G04340	-0.00633440786808701
AT4G33300	-0.00633427232821805
AT5G18050	0.00633319869223026
AT3G25840	-0.00633283869788855
AT2G03280	-0.00633223212325511
AT5G05200	-0.00633222222095482
AT5G64600	-0.00633207750109647
AT1G22200	-0.00633178935210282
AT1G23950	-0.00633074830187499
AT3G48540	-0.00633047935652153
AT2G45240	-0.00633041165180368
AT4G24690	-0.00633024445183239
AT1G11020	-0.00632965925705182
AT2G40750	-0.00632960778500904
AT5G56710	-0.00632957843606213
AT5G13710	-0.00632951631397776
AT3G52580	-0.00632944368683189
AT5G64470	-0.00632936740879911
AT1G26620	-0.0063292463649352
AT1G07840	-0.00632921985516911
AT3G17670	-0.00632918700552205
AT4G37170	-0.00632915473327826
AT1G04160	-0.00632876874080932
AT3G56050	-0.00632863648104708
AT1G21530	-0.006328164501245
AT1G17147	-0.006327887148082
AT5G42630	-0.00632775788007342
AT5G53990	-0.00632769303327354
AT4G14190	-0.00632712638052245
AT3G43220	-0.006326413492216
AT4G22720	-0.00632520544622879
AT2G06010	-0.00632498973688623
AT5G45930	-0.00632439554483391
AT1G79010	-0.00632381003056634
AT5G26680	-0.00632369977078958
AT5G62600	-0.00632268291516458
AT5G60050	-0.00632227068325629
AT3G50800	0.0063221589085797
AT2G34380	-0.00632208633815734
AT1G65290	-0.00632132251273264
AT4G14440	-0.00632129881411902
AT1G52050	-0.00632125843554422
AT1G31970	-0.00632114410978447
AT3G03560	-0.00632102627759371
AT1G27300	-0.00632092050478237
AT4G01220	-0.0063206748546274
AT5G44480	-0.00632065340643118
AT5G01430	-0.00632037417345148
AT5G03970	-0.00631991984956757
AT1G64450	-0.00631991620735438
AT1G61150	-0.00631970215461181
AT1G29990	-0.00631939834897489
AT3G51160	-0.00631910729420171
AT1G63130	-0.0063189674975558
AT1G74420	-0.00631816224144161
AT5G12250	-0.00631772819268936
AT3G08640	-0.00631769950003786
AT3G02080	-0.00631740226876543
AT5G15260	-0.00631712943595864
AT5G03170	-0.00631692548523196
AT2G37925	-0.00631679843281429
AT3G17020	-0.00631667502150201
AT3G09910	-0.00631653888872081
AT1G73060	-0.00631651244254237
AT1G30755	-0.00631612695396525
AT1G35190	-0.00631587374153349
AT1G04530	-0.00631573727601527
AT2G22230	-0.00631554367782796
AT2G30620	-0.00631547015971846
AT5G16650	-0.006315194168115
AT5G19820	-0.00631516572311027
AT2G14285	-0.00631512438821262
AT2G42110	-0.00631472429830798
AT1G64400	-0.00631459234966575
AT4G16620	-0.00631439534597696
AT1G21610	-0.00631406629141965
AT5G18980	-0.00631394537237817
AT1G31935	-0.0063133770021901
AT3G12740	-0.0063130518274277
AT3G52150	-0.00631304021665882
AT4G30490	-0.00631271170579736
AT1G17470	-0.00631217323556245
AT4G40000	-0.00631201568353245
AT5G28500	-0.00631180060333832
AT5G62960	-0.0063116050293709
AT3G11630	-0.00631147216784997
AT1G49040	-0.00631143480854054
AT4G20410	-0.00631119577047799
AT1G27330	-0.00631118090879869
AT4G08690	-0.00631117381689528
AT4G19100	-0.00631101469054391
AT3G07180	-0.00631064304806914
AT3G46060	-0.00631056222062322
AT3G04450	-0.00631032735838398
AT4G19900	-0.00630991170375613
AT2G34040	-0.00630990066900228
AT3G16150	-0.0063096382694689
AT3G48590	-0.00630962291336498
AT5G19840	-0.00630947739452367
AT1G22530	-0.00630926122811322
AT2G25350	-0.00630911849328029
AT5G58640	-0.0063090255460677
AT1G26330	-0.00630893506009938
AT2G21550	-0.00630854054998863
AT3G52450	-0.00630853311395586
AT5G18380	-0.00630815786700373
AT2G36100	-0.00630789478203914
AT2G15970	-0.00630721059585274
AT1G59910	-0.00630718359379492
AT5G58910	-0.0063067965435071
AT4G15570	-0.00630671801238343
AT1G67080	-0.00630647830452608
AT3G10970	-0.00630639645936588
AT5G23760	-0.00630626319860391
AT3G04500	-0.00630603218301532
AT5G46630	-0.0063053842791988
AT2G46090	-0.00630490762657737
AT3G12965	-0.0063047364370515
AT4G34140	-0.00630448304159338
AT4G13150	-0.00630437811975811
AT1G22020	-0.00630397322068147
AT4G38150	-0.00630318151130418
AT5G11860	-0.00630316573583365
AT5G60540	-0.00630289560607303
AT4G31390	-0.0063027273082182
AT1G22780	-0.00630241795748577
AT4G30290	-0.00630239062028398
AT1G66530	-0.00630176389903237
AT5G10940	-0.00630164994302408
AT1G66730	-0.00630161777877234
AT1G75710	-0.0063015897991809
AT1G45976	-0.00630135449824721
AT4G39570	-0.00630135304755988
AT3G24630	-0.00630135109198524
AT1G12020	-0.00630095765093251
AT1G20510	-0.00630073727129648
AT3G15890	-0.00630062468686857
AT3G08570	-0.00629981738229871
AT3G01330	-0.00629929048935958
AT4G15790	-0.00629927243648889
AT4G22760	-0.00629810498019747
AT4G31800	-0.00629791649281933
AT5G22080	-0.00629779844027581
AT4G31530	-0.00629759451303204
AT3G58730	-0.00629746787575759
AT1G01040	-0.00629705507135206
AT1G66670	-0.00629681655301451
AT3G12400	-0.00629630830679678
AT1G62590	-0.00629604966298664
AT1G09640	-0.00629596191098083
AT3G60440	-0.00629578420431239
AT2G33710	-0.00629546884425216
AT2G16460	-0.00629542318442581
AT1G47290	-0.00629447373903388
AT1G66580	-0.00629393746825774
AT2G18010	0.00629344243918779
AT1G55750	-0.00629329977962775
AT3G28635	-0.00629298783064222
AT5G20020	-0.00629230246756333
AT5G66450	-0.00629181871387696
AT1G44910	-0.0062915706213013
AT3G51480	-0.00629116824835638
AT1G65720	-0.00629108332386312
AT1G27360	-0.00629098060525265
AT2G45970	-0.00629097195089948
AT1G04323	0.00629082314128627
AT3G58130	-0.00629064866354545
AT1G71440	-0.00629025616208459
AT1G74050	-0.00628982102135918
AT3G46180	-0.0062895935100045
AT1G57660	-0.0062894033294835
AT3G24420	-0.00628934465970386
AT5G41460	-0.00628913473700484
AT3G53570	-0.00628877241588473
AT5G47520	-0.00628840161749871
AT2G02170	-0.00628777141732381
AT4G31720	-0.00628750063422321
AT1G47200	-0.00628747672332298
AT3G48190	-0.00628741235738044
AT5G56670	-0.00628685514005424
AT3G53150	-0.00628673617529878
AT4G32260	-0.00628654769706812
AT3G26640	-0.00628609758001007
AT5G24352	-0.00628586887137861
AT5G41960	-0.00628580132434116
AT2G46250	-0.00628562818849918
AT1G68640	-0.00628552375421103
AT5G59910	-0.00628552325048451
AT5G19320	-0.00628534332565461
AT1G32790	-0.00628504440666642
AT1G11400	-0.00628482207757392
AT4G24175	-0.00628456248874831
AT1G30210	-0.00628446582662521
AT5G43210	-0.00628437488584148
AT5G44350	-0.00628434548721592
AT3G02210	-0.00628429257880398
AT2G36220	-0.00628397109641495
AT1G03140	-0.00628381542553456
AT2G47300	-0.00628372427573237
AT1G21326	-0.00628348082511034
AT4G37890	-0.0062833970232842
AT5G22110	-0.00628298681480845
AT1G03950	-0.00628281447288551
AT4G10480	-0.00628245372623413
AT3G05380	-0.00628226381665921
AT1G09150	-0.00628177015312556
AT5G50350	-0.00628165090420343
AT5G11890	-0.00628150862701672
AT4G14096	-0.0062815081471726
AT1G18480	-0.00628132889352245
AT3G25011	-0.00628130222195502
AT2G26800	-0.00628115719188252
AT5G04620	-0.006280849696595
AT1G78950	-0.00628049188672978
AT3G53020	-0.00628033776269611
AT5G61530	-0.00628031155387392
AT5G03700	-0.00628030682744761
AT2G26330	-0.0062802971775864
AT3G05000	-0.00628027766846171
AT1G13120	-0.00628027209230077
AT2G39420	-0.00628008963465035
AT1G27390	-0.00627964991086919
AT4G16100	-0.00627959954230073
AT5G17410	-0.0062794910812416
AT5G14030	-0.0062794422827604
AT4G00840	-0.00627878329935004
AT5G13280	-0.00627857370163278
AT2G05310	-0.00627843860883106
AT4G13070	-0.00627754852956483
AT3G07910	-0.00627656613502778
AT2G05895	-0.00627644281038613
AT2G39580	-0.00627637547062359
AT4G04360	-0.00627595553826696
AT1G32170	-0.00627561984709962
AT2G21710	-0.00627558512893441
AT5G12370	-0.00627519684205974
AT4G39952	-0.00627515330590562
AT3G51320	-0.00627500193606743
AT3G46450	-0.00627421119492575
AT5G37720	-0.00627385803402022
AT5G43140	-0.00627347373848366
AT5G43080	-0.00627295809450665
AT1G50110	-0.00627289203732141
AT5G09510	-0.00627276019796786
AT3G28200	-0.00627256990038577
AT2G28470	-0.00627221250485831
AT2G37585	-0.00627220761682709
AT5G17010	-0.00627188673175465
AT2G39990	-0.00627134880747769
AT4G34190	-0.0062713385406291
AT5G61130	-0.00627119914066196
AT2G30500	-0.0062711018128628
AT5G24390	-0.00627082289866747
AT1G55930	-0.00627081837818622
AT3G14560	-0.00626973528737307
AT4G26620	-0.00626936013386991
AT1G10790	-0.00626923160116841
AT3G45930	-0.0062686789011675
AT3G59600	-0.00626816346482573
AT1G60545	-0.00626810287574182
AT5G44750	-0.00626796297969587
AT3G17680	-0.00626744150785141
AT1G22830	-0.00626726844962577
AT2G44850	-0.00626722368710397
AT1G71692	-0.00626701120446237
AT1G73740	-0.00626679545392647
AT1G32550	-0.00626665045370787
AT1G33330	-0.00626651086885468
AT5G53000	-0.00626648445022423
AT2G32610	-0.00626637501095579
AT1G07040	-0.00626610193589878
AT2G33793	-0.00626589666911165
AT4G16490	-0.00626580658340539
AT4G31620	-0.00626558700445991
AT1G22510	-0.00626552279873062
AT1G77140	-0.00626551856527693
AT2G26550	-0.00626499174367157
AT3G07560	-0.00626484449551391
AT2G37700	-0.00626473382962021
AT3G28710	-0.00626472234896946
AT1G08360	-0.00626452124447004
AT1G07170	-0.00626389568018794
AT1G31690	-0.00626364564498329
AT1G15860	-0.00626306973003334
AT2G18030	-0.00626278911669248
AT4G36780	-0.00626271283155765
AT1G61600	-0.00626221610933372
ATCG00950	0.00626194821313698
AT5G03780	-0.00626171794733748
AT3G02200	-0.00626167381682065
AT1G49950	-0.00626164814055382
AT5G65450	-0.00626100878212123
AT2G35920	-0.00626072613726176
ATCG00290	0.00626004877638465
AT5G47710	-0.00625981794378504
AT5G43910	-0.00625972871808528
AT1G35470	-0.00625882206563006
AT3G13510	-0.00625876650125763
AT2G14800	-0.00625860323346248
AT1G08750	-0.00625805614116744
AT4G29150	-0.00625768043503543
AT3G10330	-0.00625767657345283
AT1G05260	-0.00625706596052102
AT4G32270	-0.00625695340263912
AT3G11490	-0.00625685309738491
AT4G38080	-0.00625682178278365
AT5G49460	-0.00625678030511625
AT1G64200	-0.00625676792671394
AT1G01420	-0.00625674333377729
AT1G45230	-0.00625654855673198
AT3G47550	-0.00625633720605756
AT2G18700	-0.00625631482603049
AT3G52660	-0.00625550563982369
AT1G24050	-0.0062550531920086
AT1G44110	-0.00625505285328043
AT1G54010	-0.00625504212180725
AT3G06150	-0.0062548289283099
AT1G18650	-0.00625461967077218
AT3G12140	-0.00625364880458257
AT1G02560	-0.0062535508742514
AT5G02790	-0.00625342885785443
AT3G57190	-0.00625320545362895
AT4G18460	-0.00625312760081681
AT1G25470	-0.0062528807398777
AT3G53030	-0.00625243708225189
AT1G80630	-0.00625228062970129
AT5G65010	-0.0062520920197581
AT1G09680	-0.00625156899800359
AT5G43720	-0.00625132831586629
AT3G47560	-0.00625121283609564
AT1G09575	-0.00625087695656509
AT5G50090	-0.00625073649274658
AT5G46190	-0.00625059589791252
AT1G09430	-0.00625011128948357
AT3G03330	-0.00624982867197112
AT5G23240	-0.00624922758911799
AT5G18250	-0.00624913993882638
AT1G74330	-0.00624892225907952
AT1G25375	-0.00624880171105905
AT4G32730	-0.00624862388493245
AT5G50100	-0.00624849294637372
AT1G23020	-0.00624797484507193
AT5G36230	-0.00624785336652451
AT1G14400	-0.00624773067044289
AT1G33060	-0.00624768855689476
AT1G67570	-0.00624707297595917
AT1G06143	-0.00624701731057881
AT3G12260	-0.00624698813263632
AT4G36150	-0.00624674873064526
AT5G67440	-0.00624672391404423
AT5G53400	-0.00624664552399373
AT1G61780	-0.00624591931304743
AT5G57230	-0.00624559802297501
AT3G54300	-0.00624461810509199
AT5G06290	-0.00624455701646898
AT2G26540	-0.00624400325727382
AT1G13630	-0.0062438863680445
AT3G56070	-0.0062435930100712
AT5G05365	-0.00624329111962905
AT5G64680	-0.00624311024732507
AT2G38580	-0.00624276522453093
AT3G49900	-0.0062424755654903
AT2G38695	-0.00624213725788628
AT1G50260	-0.00624153562572469
AT4G31990	-0.0062414542015587
AT5G11760	-0.00624116499741499
AT3G19895	-0.00624078086134295
AT4G37220	-0.00624063513116304
AT5G57630	-0.0062401761752738
AT3G46580	-0.00624014944868714
AT1G10040	-0.00624001569974276
AT3G56900	-0.00623937131164374
AT1G76390	-0.00623934301597367
AT2G19280	-0.00623838744684273
AT4G00960	0.00623814925639059
AT4G10090	-0.00623793571826513
AT5G02130	-0.00623754206216017
AT4G01750	-0.00623685564267014
AT1G12760	-0.00623684611939803
AT1G67490	-0.00623679451086165
AT3G19820	-0.00623644477447172
AT3G19080	-0.00623559462984897
AT5G42030	-0.00623536629798719
AT3G16510	-0.00623533051845505
AT5G12840	-0.00623479649382455
AT5G62620	-0.00623419144187956
AT3G51880	-0.00623369564217956
AT4G11300	-0.0062335218704536
AT3G15160	-0.00623349096378771
AT3G56460	-0.00623331415935032
AT5G26622	-0.00623307101176774
AT5G06780	-0.00623279226692712
AT3G01450	-0.0062327800733229
AT5G21060	-0.006232597151725
AT5G13170	-0.00623255559672579
AT2G48140	-0.00623241057636158
AT3G01890	-0.00623215136981668
AT1G58360	-0.00623210880207027
AT5G57710	-0.00623208929548647
AT5G62090	-0.00623190108781393
AT2G34020	-0.00623157858305351
AT2G19470	-0.00623123979711832
AT5G01910	-0.00623067719291881
AT1G64980	-0.00623035189843852
AT3G04910	-0.00623028542683053
AT5G46690	-0.00623025352175378
AT3G17910	-0.00623004236386173
AT1G34200	-0.0062296979554109
AT1G25500	-0.00622961926630792
AT5G16870	-0.0062295208479913
AT3G56825	-0.00622920337682048
AT1G33080	-0.00622911608421798
AT3G22942	-0.00622878088772766
AT2G40230	-0.00622852206047018
AT2G34650	-0.0062284574763007
AT3G56720	-0.00622798429420419
AT4G36550	-0.00622779810142162
AT5G19780	-0.00622773770827618
AT1G64490	-0.0062277349019121
AT1G18940	-0.00622740641531804
AT3G53760	-0.00622694674114457
AT3G63270	-0.00622651683471761
AT1G08490	-0.00622627003829313
AT1G48280	-0.00622620043929581
AT3G11070	-0.00622546822629731
AT2G20920	-0.00622527849724998
AT5G11580	-0.0062249740891347
AT5G50260	-0.00622487505391191
AT2G24520	-0.00622458565132097
AT4G35335	-0.00622400916786387
AT4G12590	-0.00622398958553803
AT1G63780	-0.0062237955608323
AT1G08510	-0.00622333571305349
AT4G17470	-0.00622326726249599
AT2G03890	-0.00622317433746865
AT1G42550	-0.00622290796398472
AT3G12550	-0.00622278189386797
AT3G47820	-0.00622277877278904
AT2G05790	-0.00622256067430357
AT3G15480	-0.00622254577875552
AT2G37340	-0.00622236199762871
AT1G72020	-0.00622212333233415
AT1G11890	-0.00622131096493196
AT1G08845	-0.00622107438002971
AT2G30880	-0.00622100674056141
AT1G12230	-0.00622030599725606
AT2G35480	-0.00622002758337481
AT1G60490	-0.00621999076932416
AT2G28930	-0.00621957819221195
AT2G20840	-0.00621940372239074
AT4G35910	-0.00621928333825565
AT3G16800	-0.00621899979928056
AT2G19520	-0.00621899100031043
AT5G61770	-0.0062184917564026
AT5G58860	-0.00621840870461967
AT4G16000	-0.00621824688143
AT3G03100	-0.00621796418532823
AT1G77400	-0.00621753657151195
AT1G80000	-0.00621742163520158
AT3G04710	-0.00621739410663425
AT5G16760	-0.00621702491833932
AT5G53570	-0.00621579873239279
AT1G26090	-0.00621575453751839
AT3G57570	-0.00621571994829867
AT2G23370	-0.00621535351593181
AT3G07060	-0.00621489123897197
AT4G22750	-0.00621485130904802
AT2G45150	-0.00621463115989894
AT4G18160	-0.00621421370064463
AT4G10570	-0.00621300417450753
AT2G18500	-0.00621290537192067
AT1G67530	-0.0062124687013123
AT1G53180	-0.00621215035832779
AT5G01520	-0.00621210837822574
AT3G13200	-0.00621200366667808
AT1G32990	-0.00621190400814146
AT1G69380	-0.00621162226643797
AT4G29490	-0.00621155653586305
AT2G46230	-0.00621106871794655
AT4G32720	-0.00621058967514561
AT2G16910	-0.00621047957532731
AT3G54210	-0.00620939119076462
AT1G13450	-0.00620936270278553
AT2G31830	-0.00620934858404841
AT5G06230	-0.00620847368873382
AT5G66940	-0.00620834326429686
AT5G65470	-0.00620823036186441
AT2G20830	-0.00620820621362694
AT4G18910	-0.00620820174153087
AT2G41020	-0.00620794862746109
AT1G34320	-0.00620792146320309
AT3G03460	-0.00620783642594511
AT4G11980	-0.00620767755191775
AT5G26760	-0.0062074121446081
AT3G10250	-0.00620560416801911
AT5G54580	-0.00620532198885836
AT1G78010	-0.00620483697256988
AT5G24620	-0.00620479072479271
AT5G51540	-0.00620443705733586
AT3G60910	-0.00620395549775377
AT2G40470	-0.00620359804476599
AT1G71190	-0.00620339603322854
AT1G60660	-0.00620339584211687
AT4G40030	-0.00620330154112751
AT5G09650	-0.00620326647408068
AT1G50740	-0.00620318152351562
AT1G01880	-0.00620311671900327
AT2G43120	-0.00620288979729515
AT2G21290	-0.00620285542655769
AT5G63660	-0.00620253075651405
AT1G19970	-0.00620188492008212
AT5G56850	-0.0062017102580324
AT1G33100	-0.00620151130846902
AT3G53400	-0.0062015034648409
AT5G57570	-0.00620129890752397
AT3G19360	-0.00620081542765616
AT5G04910	-0.00620076682057349
AT3G12050	-0.00620071178677434
AT4G31350	-0.00620047953134555
AT1G53345	-0.00620037546061523
AT2G32690	-0.00620035483981019
AT5G02240	-0.00619946764460788
AT1G10095	-0.0061987303117987
AT3G29390	-0.0061980507899056
AT5G65120	-0.00619768529727723
AT3G21600	-0.00619768279048678
AT4G17190	-0.00619763456353201
AT3G50220	-0.00619745161254132
AT3G04210	-0.00619695180324523
AT3G21290	-0.00619668739948318
AT3G30380	-0.006196532483
AT3G51610	-0.00619640610352768
AT3G50880	-0.00619592374208953
AT2G03330	-0.00619588246833494
AT4G35480	-0.00619579130570416
AT4G10925	-0.006195646421371
AT1G36730	-0.00619541777954038
AT2G47420	-0.00619526979674689
AT1G58440	-0.00619523444240204
AT5G61070	-0.00619521579568816
AT3G28910	-0.0061950788263495
AT1G09580	-0.00619486564383209
AT1G10670	-0.00619477289915646
AT3G20010	-0.00619460856517207
AT5G28320	-0.0061944093251621
AT5G17570	-0.00619364155463769
AT3G61770	-0.00619359829254627
AT5G06700	-0.00619260449799562
AT5G11870	-0.00619236130471657
AT3G14290	-0.00619205829293098
AT4G00180	-0.00619201514302793
AT5G67110	-0.00619151708278101
AT5G59970	-0.00619146293577473
AT3G08690	-0.00619066668414718
AT3G46600	-0.00619036725161711
AT5G19810	0.00619021544545355
AT5G50020	-0.00619018758876378
AT2G45140	-0.00618960215892501
AT4G25835	-0.00618958092770853
AT5G66050	-0.00618946658220206
AT1G73680	-0.00618868102329404
AT5G45920	-0.00618862956682528
AT3G19670	-0.00618860083485474
AT1G14220	-0.00618814465832744
AT1G18660	-0.00618812019396918
AT1G78630	-0.00618756336956666
AT1G70180	-0.00618689140165527
AT5G21910	-0.00618650722495902
AT4G22730	-0.00618631542744698
AT1G52660	-0.00618616722098115
AT3G57150	-0.00618615064467865
AT2G42865	-0.00618614747357596
AT4G37800	-0.00618599015180986
AT5G45710	-0.0061852515631288
AT1G10840	-0.00618451966630409
AT4G36440	-0.00618417014204188
AT2G23680	-0.00618408334158113
AT3G20430	-0.00618396756413403
AT1G68080	-0.00618391854784338
AT2G07340	-0.00618289452606833
AT2G34750	-0.00618259560029516
AT1G07830	-0.00618215258513626
AT1G73230	-0.00618170478494379
AT1G34380	-0.00618149177210612
AT1G30320	-0.00618138624505168
AT3G28540	-0.00618098493496203
AT3G11940	-0.00618094627888182
AT3G50300	-0.00618074416540711
AT5G54380	-0.00618035584633096
AT1G57680	-0.0061794234944127
AT2G44820	-0.00617927277877992
AT5G04110	-0.0061792525934693
AT2G25720	-0.00617919763835201
AT3G49845	-0.00617869445326257
AT1G80550	-0.00617856845550829
AT4G05100	-0.00617751654762392
AT1G69620	-0.00617745394905316
AT1G71840	-0.00617690231539069
AT1G64040	-0.00617658444635209
AT4G32280	0.00617624635882287
AT2G31040	-0.00617493081916276
AT2G24765	-0.00617473938898642
AT2G04740	-0.00617460230640455
AT5G63400	-0.00617449532997404
AT4G12580	-0.00617441060206344
AT4G08510	-0.00617375887594547
AT3G59800	-0.00617375862086163
AT5G41350	-0.00617356420502028
AT4G34590	-0.00617352150487651
AT3G45190	-0.00617318983393248
AT3G14910	-0.00617254373537668
AT4G11900	-0.00617230576860473
AT1G04270	-0.00617210617306235
AT1G15190	-0.00617166742918479
AT1G79210	-0.00617147589169426
AT1G31500	-0.00617141267079814
AT1G66840	-0.00617124354384347
AT1G11755	-0.00617081038676252
AT4G05460	-0.00617057359998146
AT2G14510	-0.00617002580549114
AT1G06330	-0.0061699844049787
AT5G53490	-0.00616994725052506
AT2G32390	-0.0061695632603691
AT1G77590	-0.00616940369558743
AT1G73885	-0.00616927250496483
AT1G17340	-0.00616888482235273
AT3G13226	-0.00616841721149037
AT4G10170	-0.00616787450450861
AT5G08190	-0.00616763092448589
AT1G03520	-0.00616746455389532
AT2G20450	-0.00616677781911644
AT2G12400	-0.00616666564478554
AT5G01650	-0.00616637089705094
AT5G46050	-0.00616609505928409
AT3G29360	-0.00616607889065574
AT2G15042	0.00616602202877152
AT5G02520	-0.00616594313350998
AT1G62990	-0.00616518608868993
AT5G42670	-0.00616503210513562
AT4G07410	-0.00616450868213324
AT4G24570	0.00616399372627391
AT1G09230	-0.00616370610504868
AT1G78600	-0.00616342917810203
AT5G54880	-0.00616336645453697
AT1G75125	-0.00616313321996249
AT3G09860	-0.00616249312989281
AT2G28600	-0.0061623833218381
AT1G30110	-0.00616225996919958
AT2G36800	-0.00616210610979352
AT4G30900	-0.00616172528410914
AT5G53080	-0.00616153858163686
AT4G11330	-0.00616143287750714
AT1G76180	-0.00616105717982869
AT2G30010	-0.00616105128985033
AT1G10970	-0.00616099996723462
AT3G44680	-0.00616067101921392
AT3G14960	-0.00616008660385611
AT5G43730	-0.00615995409037571
AT2G38050	-0.00615980515165558
AT1G56700	-0.00615956675006459
AT1G28310	-0.00615921712618186
AT4G33430	-0.00615920122812008
AT4G36660	-0.00615875025822026
AT2G46710	-0.00615842459962057
AT3G15290	-0.00615750080776278
AT3G15760	-0.00615710661725022
AT4G32175	-0.00615626916455737
AT3G20410	-0.00615605507682033
AT1G70250	-0.00615573558904559
AT1G53940	-0.0061557033613942
AT2G44690	-0.00615512138955951
AT5G24290	-0.00615508348799644
AT5G40840	-0.00615495559741025
AT3G10090	-0.00615479752367597
AT4G39770	-0.00615425436451754
AT3G54790	-0.00615402996646217
AT5G25120	-0.00615398032310536
AT5G62500	-0.00615357852350294
AT2G18250	-0.00615329761517252
AT4G03240	-0.00615224231190284
AT4G13830	-0.00615217354640082
AT2G17220	-0.00615192881050121
AT3G10300	-0.00615183537796375
AT2G16650	-0.00615179831603551
AT5G18370	-0.00615081670368816
AT3G60450	-0.00615065295665488
AT3G48750	-0.006150377146299
AT2G39630	-0.00614982248567778
AT4G18030	-0.00614957973326482
AT2G25880	-0.00614956558694027
AT3G06730	-0.00614947090161162
AT2G29170	-0.00614942946515088
AT2G27800	-0.00614905746462198
AT1G77145	-0.00614901975796733
AT1G34418	-0.00614846289987367
AT2G11000	-0.0061484164379561
AT5G11010	-0.00614829624476159
AT1G78610	-0.00614809990239928
AT5G03910	-0.00614746969861954
AT1G60200	-0.00614724593771406
AT1G32870	-0.00614698353919896
AT2G20820	-0.00614674854377104
AT1G24450	-0.00614657069268783
AT2G37035	-0.00614644277982641
AT3G58600	-0.00614631312601277
AT3G27730	-0.00614621373434402
AT4G32770	-0.006146109263231
AT1G13050	-0.00614599116198604
AT1G04990	-0.00614577978225784
AT1G78200	-0.00614524159497732
AT5G62070	-0.00614513053846183
AT5G22560	-0.00614496394248601
AT2G29140	-0.00614486384816202
AT3G62090	-0.00614462507886451
AT4G10430	-0.0061446249576044
AT5G45610	-0.00614447419844676
AT5G61160	-0.0061442233523327
AT3G28900	-0.00614390001150598
AT1G11210	-0.00614380573990148
AT5G05450	-0.00614375645623741
AT1G52630	-0.00614336546193961
AT1G62350	-0.00614321253936935
AT2G30000	-0.00614299063892013
AT1G75950	-0.00614297545885178
AT5G54090	-0.00614249297189613
AT2G36270	-0.00614220695774729
AT5G02230	-0.0061419582358631
AT5G06750	-0.00614195214553713
AT3G10110	-0.00614170839448976
AT3G14780	-0.00614090107098314
AT1G68130	-0.00614077195381548
AT1G05620	-0.00614074979622785
AT4G24460	-0.00613992653565969
AT5G41180	-0.0061398819148046
AT4G34700	-0.00613949908528509
AT5G35740	-0.00613949253387433
AT1G02910	-0.00613944606289439
AT5G49350	-0.00613908227440653
AT5G39900	-0.00613906588919202
AT3G17668	-0.00613891826665942
AT5G46470	-0.00613891677969465
AT2G16770	-0.00613828518908825
AT3G57160	-0.00613797959295391
AT2G18950	-0.00613789796483123
AT1G10330	-0.00613766977161425
AT1G69890	-0.00613760708748306
AT2G19880	-0.00613744644132674
AT5G22030	-0.00613595271352593
AT1G13590	-0.00613592555617096
AT1G52780	-0.0061358242426031
AT2G20140	-0.00613539967736434
AT2G23000	-0.00613520279594104
AT2G37300	-0.00613495915482997
AT2G37600	-0.00613484794481968
AT1G28540	-0.00613470245057318
AT1G07300	-0.00613360822363531
AT1G01600	-0.00613318792122105
AT5G27890	-0.00613313955588095
AT5G07840	-0.00613300433632518
AT1G27170	-0.00613279611384685
AT2G19780	-0.00613265597007256
AT4G17970	-0.00613262969021103
AT3G06840	-0.00613243839678559
AT5G63470	-0.00613184981208176
AT2G29560	-0.00613143451471222
AT4G11960	-0.00613072672268438
AT5G51780	-0.0061307242256178
AT1G33110	-0.00613031537201435
AT4G14570	-0.00613016746774756
AT2G40980	-0.00612983959842245
AT3G49670	-0.00612972115379963
AT2G28150	-0.00612971824973259
AT1G72790	-0.0061296040365439
AT3G09160	-0.00612939117128015
AT2G38540	-0.00612910970541287
AT1G73450	-0.00612897802012892
AT3G27630	-0.00612891969373739
AT3G21350	-0.00612886232173786
AT1G08780	-0.00612839509905172
AT5G10790	-0.00612836177350332
AT3G03550	-0.0061282865810264
AT5G49360	-0.00612782342912169
AT1G06770	-0.00612687543280733
AT1G69740	-0.00612676096342713
AT3G43720	-0.00612660436059161
AT3G07630	-0.00612632272593468
AT3G58100	-0.0061257931331492
AT3G07480	-0.00612500669896885
AT4G27450	-0.00612460634400918
AT5G64360	-0.00612406205624352
AT3G20650	-0.00612386048770106
AT5G06350	-0.00612382851665854
AT1G48920	-0.00612373081812048
AT2G46915	-0.00612331428338476
AT2G35550	-0.00612311310629096
AT4G08520	-0.00612304583570194
AT4G27830	-0.00612275602286851
AT1G80640	-0.00612266151568984
AT2G22650	-0.00612252245795881
AT5G57800	-0.00612217034939142
AT1G68020	-0.00612175281573674
AT3G07010	-0.00612147373595859
AT2G26355	-0.00612095295910844
AT1G43245	-0.00612089810478085
AT5G38300	-0.00612064701274646
AT4G11260	-0.00612042858588752
AT4G33800	-0.00612013638973822
AT5G17610	-0.00612009123263518
AT2G19350	-0.00612005296270871
AT3G56750	-0.00611975643166388
AT4G18750	-0.0061193325583572
AT2G17760	-0.00611840771516266
AT5G24920	-0.0061182327069244
AT5G45390	-0.00611820464046201
AT5G47770	-0.00611807405450661
AT5G14930	-0.00611770316379341
AT4G09500	-0.00611764354848641
AT4G23493	-0.0061168900958372
AT5G64380	-0.00611687438646944
AT3G26720	-0.00611661289085317
AT5G53830	-0.00611642425953675
AT5G18800	-0.006116407499018
AT1G67320	-0.00611638427930497
FBti0020101	0.0061162011935991
AT5G44050	-0.00611595877331669
AT4G39990	-0.0061158836358679
AT1G51110	-0.00611567116324565
AT3G24570	-0.00611549853652771
AT5G43020	-0.00611503139339693
AT2G26190	-0.00611495367096612
AT1G20030	-0.00611488992756677
AT5G06970	-0.00611484543183421
AT5G43540	-0.00611444639937266
AT3G15710	-0.00611380623549498
AT2G27610	-0.00611358351226808
AT1G71810	-0.00611345349106453
AT5G25150	-0.00611319700819915
AT1G04280	-0.00611188213142701
AT2G25010	-0.00611151076260725
AT5G07360	-0.00611144508903789
AT3G29180	-0.00611096585444575
AT2G01460	-0.00610987545914007
AT5G40030	-0.00610969294193534
AT1G24130	-0.0061093732275794
AT3G58720	-0.00610918641235
AT3G26900	-0.00610916657401103
AT1G05830	-0.00610911077085399
AT2G24550	-0.00610883123915444
AT5G53290	-0.00610872976423019
AT2G23520	-0.00610831623031903
AT2G27420	-0.00610801505545411
AT1G80480	-0.00610793878015949
AT2G04390	-0.006107832480429
AT1G16250	-0.00610742205647255
AT4G04840	-0.00610730348289511
AT3G13730	-0.00610718517132132
AT2G32090	-0.00610692711397741
AT2G44490	-0.00610684179427603
AT5G23510	-0.00610677827328471
AT4G18470	-0.00610663970321561
AT5G48620	-0.00610647973690148
AT1G52670	-0.00610642241335414
AT5G59360	-0.00610590918715309
AT1G21720	-0.00610581332010823
AT3G51670	-0.00610561570286031
AT3G54060	-0.0061056139247442
AT4G09420	-0.00610537398959283
AT5G01750	-0.00610519551352122
AT3G53280	-0.00610504328196276
AT1G65570	-0.00610498035144356
AT3G05715	-0.00610464747862909
AT3G52960	-0.00610456897488231
AT5G03670	-0.00610396945540821
AT2G33120	-0.00610374952101891
AT5G07250	-0.00610368172908299
AT2G45000	-0.00610367494884119
AT3G25700	-0.00610327354910532
AT3G05210	-0.00610322936064072
AT5G04170	-0.00610305975453969
AT5G15200	-0.00610292984872288
AT4G33945	-0.00610277884406134
AT1G50020	-0.00610218182102261
AT5G52970	-0.00610199740923387
AT4G23040	-0.00610168122378457
AT5G48680	-0.00610159144468485
AT3G12300	-0.00610126240583528
AT4G34570	-0.00609987033446289
AT1G56140	-0.00609943164057632
AT5G39410	-0.00609898195308243
AT4G16360	-0.00609842531084556
AT5G12320	-0.00609781235908822
AT3G25640	-0.00609751203227796
AT5G09540	-0.00609750071518419
AT3G16620	-0.00609749239595702
AT1G28690	-0.00609747902997837
AT3G48360	-0.00609707641828951
AT4G18700	-0.00609669572927199
AT5G35100	-0.00609669138791373
AT1G74410	-0.00609648953855261
AT5G23040	-0.00609600772723764
AT5G57887	-0.00609581703937489
AT1G27450	-0.00609566763962472
AT4G36630	-0.00609552151754143
AT5G14850	-0.00609543528589766
AT1G74780	-0.00609529738832376
AT4G02530	-0.00609509034027105
AT1G01920	-0.00609491489024729
AT5G13860	-0.00609490556308176
AT4G19185	-0.00609444142169912
AT5G06100	-0.0060943838080675
AT2G16405	-0.00609425348342821
AT1G19980	-0.00609421579575117
AT4G21600	-0.00609416942040853
AT3G57590	-0.00609404452594697
AT4G16110	-0.00609394807739313
AT4G21060	-0.00609380457051915
AT3G56930	-0.0060936626817421
AT1G11655	-0.00609273102458691
AT4G20150	-0.00609269556279952
AT2G26250	-0.00609265560065399
AT4G27270	-0.00609264872075471
AT5G61040	-0.00609251905174032
AT5G43880	-0.00609245730397649
AT5G46160	-0.00609221816176884
AT1G01950	-0.00609194425195334
AT4G05530	-0.00609119619835228
AT2G37120	-0.00609113895891286
AT4G12880	-0.00609100351869171
AT2G02930	-0.00609082489953481
AT5G64030	-0.00608992418712648
AT5G49215	-0.00608987871078162
AT3G48680	-0.00608982646978402
ATCG00820	-0.00608959866322405
AT4G38660	-0.00608933046540489
AT2G36470	-0.0060888453719583
AT1G04260	-0.00608802027449828
AT5G27300	-0.0060879484427099
AT1G31790	-0.0060875695877737
AT4G18260	-0.00608755379682485
AT1G47960	-0.00608745057423725
AT1G48780	-0.0060865521593391
AT5G38600	-0.00608633578880876
AT5G14220	-0.00608615190172406
AT5G11990	-0.00608613618957264
AT1G65540	-0.00608611078948309
AT4G30310	-0.00608598063979032
AT1G08010	-0.00608548981859294
AT1G56145	-0.00608531650194441
AT5G12930	-0.00608513373102694
AT1G03110	-0.0060847166866911
AT5G27850	-0.00608468777492129
AT5G39940	-0.00608455237930501
AT4G31310	-0.00608439160740614
AT2G17240	-0.00608334942629787
AT1G26900	-0.00608289811864496
AT4G39090	-0.00608287371248451
AT1G50370	-0.00608235243921135
AT1G34350	-0.0060817624302377
AT1G62150	-0.00608060038805492
AT5G24340	-0.00608022624728187
AT3G01390	-0.00607995279803949
AT1G49230	-0.0060797063982256
AT5G61820	-0.0060796686847024
AT5G54230	-0.00607927423245561
AT3G14980	-0.00607898495199909
AT3G52110	-0.00607872333986597
AT5G28040	-0.00607871014274236
AT5G33290	-0.0060785632616438
AT1G52500	-0.00607849575883122
AT3G58150	-0.00607842965927373
AT4G15450	-0.00607785190816209
AT4G18360	-0.00607783636278286
AT5G50930	-0.00607766182932463
AT4G26520	-0.0060776603613961
AT3G44610	-0.00607745381810541
AT2G47240	-0.00607740377284568
AT1G74700	-0.00607690967576725
AT2G26030	-0.00607689617516255
AT3G53670	-0.00607682876303503
AT3G45750	-0.00607677704215169
AT5G64160	-0.00607642169816726
AT4G18197	-0.00607595973662063
AT3G21820	-0.0060759222667595
AT5G02020	-0.00607568305819496
AT4G02840	-0.00607567238980526
AT2G32235	-0.00607470372211695
AT1G13780	-0.00607457355309919
AT3G62080	-0.00607439195668573
AT3G51470	-0.00607415607515241
AT2G46080	-0.00607385532729379
AT1G64185	-0.00607370708695716
AT3G44940	-0.00607363836232825
AT1G14720	-0.00607340288359886
AT2G35795	-0.00607319491433489
AT5G40160	-0.00607295933495339
AT5G03430	-0.00607295364390552
AT1G47820	-0.00607288544657632
AT3G11530	-0.00607275879829534
AT5G53150	-0.00607267921565578
AT5G10390	-0.00607168731505247
AT1G59580	-0.00607146672773568
AT3G62800	-0.00607087156856698
AT5G07960	-0.0060707050796773
AT4G18425	-0.00606946448418626
AT4G21310	-0.00606926482377991
AT3G49470	-0.00606920383986613
AT3G59430	-0.00606913909086695
AT4G28020	-0.00606909721941399
AT1G18210	-0.00606905923437377
AT5G06360	-0.00606834952564656
AT3G09670	-0.00606787163592525
AT4G06536	-0.00606780310840954
AT4G39675	-0.00606748490939629
AT5G65495	-0.0060673888590142
AT2G19430	-0.00606725892847595
AT4G25780	-0.00606706893239853
AT5G47830	-0.00606694704837379
AT3G57010	-0.00606689614906788
AT4G03420	-0.00606660041303644
AT2G42390	-0.00606634664721941
AT1G10350	-0.00606582615786824
AT4G21063	-0.00606543124979509
AT2G43110	-0.00606531204798724
AT2G18110	-0.00606481952070818
AT1G01780	-0.00606468733180488
AT1G08570	-0.0060646858090663
AT5G19430	-0.00606462865674384
AT5G10860	-0.00606432567683947
AT3G21215	-0.0060642532137677
AT3G27990	-0.00606382423244467
AT2G25210	-0.00606300125156547
AT5G12890	-0.00606228461960221
AT4G12110	-0.00606184346280155
AT3G62550	-0.00606160260650517
AT2G35510	-0.00606156385097952
AT1G21370	-0.00606103020376139
AT1G54650	-0.00606087959836968
AT1G65845	-0.00606068682653413
AT2G11225	-0.00605959056347115
AT4G11050	-0.00605930412797319
AT3G05800	-0.00605852519004365
AT2G40760	-0.00605849947047803
ATCG00480	-0.00605840799576729
AT5G04600	-0.00605839487029624
AT3G46870	-0.00605822399775561
AT5G48810	-0.00605731594947911
AT3G07420	-0.00605686243688151
AT3G59040	-0.00605663182814268
AT1G06850	-0.00605662941792594
AT5G02480	-0.00605655277610469
AT4G04740	-0.00605638806400802
AT4G35600	-0.00605602499219114
AT5G60270	-0.0060559758161304
AT4G18465	-0.0060556233326072
AT4G22830	-0.00605547373791343
AT3G60740	-0.00605536359697866
AT1G47500	-0.00605536139930853
AT5G39360	-0.00605506240958716
AT5G27710	-0.00605470366705374
AT4G18730	-0.00605443331471958
AT4G31430	-0.0060543935200855
AT1G13350	-0.00605370490284813
AT4G07825	-0.00605318305004992
AT1G04660	-0.00605316149127829
AT1G32760	-0.00605172142572176
AT1G30910	-0.00605122817635822
AT1G07140	-0.00605087970534501
AT2G46580	-0.00605083262392675
AT5G03150	-0.00605072902739261
AT2G42388	-0.00605012792743741
AT4G17420	-0.00605009530260364
AT5G18500	-0.00604941439989671
AT5G66820	-0.00604927761525421
AT3G15420	-0.00604924447782788
AT5G55940	-0.00604919431720893
AT5G66490	-0.00604868597070189
AT3G16160	-0.00604818470185666
AT5G56180	-0.00604810473624183
AT5G25270	-0.00604805873637298
AT1G16750	-0.00604788569761587
AT3G17740	-0.00604755731766161
ATCG00770	-0.00604712933963548
AT3G44326	-0.0060468034964899
AT1G18970	-0.00604653167083884
AT3G51820	-0.00604616722604647
AT4G08240	-0.00604598328288509
AT1G76920	-0.00604585278891013
AT1G34470	-0.0060451983254249
AT2G24650	-0.00604516267701168
AT3G11110	-0.00604496357281205
AT3G25980	-0.00604492727489903
AT1G65910	-0.00604486998452434
AT1G30280	-0.00604465154764881
AT5G62300	-0.00604417787820048
AT1G04710	-0.00604369954452431
AT4G22212	-0.00604340244975174
AT2G38060	-0.00604281871725224
AT1G45110	-0.00604274975520197
AT5G59920	-0.00604251058350289
AT3G11730	-0.0060421856129343
AT1G12775	-0.00604174759596532
AT3G43540	-0.00604126476419243
AT3G05165	-0.00604117936822516
AT4G26070	-0.00604086109329675
AT1G47970	-0.00604073688653042
AT4G10470	-0.00604072362999794
AT5G48720	-0.00604047857825992
AT5G22730	-0.0060399266657789
AT4G23270	-0.0060398014387595
AT3G53160	-0.00603973707919764
AT3G13120	-0.00603972669430771
AT5G04510	-0.00603929718789709
AT5G04270	-0.00603833051402634
AT3G45640	-0.00603749961918963
AT5G63030	-0.00603739355180926
AT1G75520	-0.00603697924869117
AT1G56612	-0.00603665805765177
AT5G62200	-0.00603665540502845
AT5G11550	-0.00603662918015374
AT3G47348	-0.00603645908535002
AT1G20300	-0.00603629945083165
AT1G59640	-0.00603495751004098
AT5G60550	-0.00603467782185838
AT2G40316	-0.0060344926913942
AT1G69400	-0.00603370588594386
AT3G51600	-0.00603369120500122
AT5G16110	-0.00603353496152615
AT5G41270	-0.00603335985852758
AT4G14960	-0.00603304505386628
AT2G39210	-0.00603263747281324
AT3G58690	-0.00603200408580992
AT1G33810	-0.00603100499844533
AT4G38620	-0.00603096885687777
AT3G25882	-0.00603066714836242
AT1G13260	-0.00603051157770344
AT3G45230	-0.00603043353661326
AT1G79660	-0.00603040588138192
AT1G07020	-0.00603037864599849
AT5G20320	-0.00603013139184185
AT1G61180	-0.00603006009849274
AT4G23420	-0.00602958920430412
AT2G32520	-0.0060294571082171
AT5G60310	-0.00602924583409856
AT4G19700	-0.00602920740245302
AT3G48780	-0.00602900242262276
AT2G47760	-0.00602871117132802
AT3G60340	-0.00602810173457163
AT3G60200	-0.00602792190688728
AT5G10050	-0.00602771914760198
AT1G19480	-0.00602740536115011
AT5G11910	-0.00602740224028398
AT3G53440	-0.00602731749281227
AT1G44170	-0.00602710283964273
AT4G25280	-0.00602683879468735
AT4G01120	-0.00602680691461714
AT5G07730	-0.00602668642359224
AT3G55220	-0.00602606096363609
AT4G40010	-0.00602516513961948
AT5G64550	-0.0060250852509531
AT2G33400	-0.00602469795424148
AT2G32450	-0.00602465687625139
AT4G36050	-0.00602441390927702
AT3G49000	-0.0060237114059873
AT1G03190	-0.00602340755455344
AT4G30670	-0.00602298258398039
AT1G66800	-0.00602175631116389
AT2G25610	-0.00602101803238352
AT1G14480	-0.00602078001417344
AT5G57210	-0.00602055028336299
AT1G15150	-0.00601964093881506
AT5G55060	-0.00601951465229175
AT4G36190	-0.00601939935274112
AT2G22800	-0.00601936886717807
AT1G72275	-0.006018576737971
AT2G42920	-0.00601819224691949
AT3G19380	-0.00601806514755902
AT1G65080	-0.00601772304258385
AT3G48470	-0.00601763068630995
AT5G01390	-0.00601762411841164
AT5G52990	-0.00601719111494974
AT5G28390	-0.00601702295116078
AT5G48740	-0.00601650405011712
AT3G17920	-0.00601634499870934
AT5G43870	-0.00601625250161336
AT1G56330	-0.00601556183694842
AT5G38780	-0.00601553873683435
AT1G66250	-0.00601549109853437
AT3G59670	-0.0060152655961151
AT4G32240	-0.00601518702499388
AT1G18680	-0.00601512735670587
AT4G05070	-0.00601504932375354
AT3G16840	-0.0060148185239653
AT5G40370	-0.00601477186176289
AT3G25030	-0.0060142355307191
AT1G55730	-0.00601423060596614
AT4G13330	-0.0060142031144837
AT5G50000	-0.00601407737357403
AT1G52550	-0.00601401461539473
AT5G24165	-0.00601316747247279
AT5G02040	-0.00601257875702359
AT1G79380	-0.00601242098693515
AT1G10020	-0.0060123424071134
AT5G46550	-0.00601226073795704
AT1G04830	-0.00601204354065151
AT5G38150	-0.00601203252849913
AT1G04540	-0.00601164952729862
AT2G04690	-0.00601116082463865
AT1G74320	-0.00601103393859583
AT3G44630	-0.00601080273641
AT3G26710	-0.00601033132018013
AT4G08500	-0.00601026585290969
AT2G40120	-0.00600992944109667
AT4G09510	-0.00600975738381238
AT3G26500	-0.00600967128045357
AT1G10570	-0.0060083900688665
AT1G70210	-0.00600821440383003
AT3G28660	-0.00600821106810354
AT3G23840	-0.00600815042285482
AT3G08710	-0.00600805801506266
AT2G41490	-0.00600742371770347
AT4G12870	-0.00600739093361065
AT2G24440	-0.00600734587415109
AT1G14920	-0.00600655524004139
ATCG01180	0.00600642738006625
AT2G36590	-0.0060059109044867
AT3G51990	-0.00600568142282504
AT1G14300	-0.00600552327163607
AT1G10770	-0.00600519031204143
AT4G08810	-0.00600513039677184
AT5G20220	-0.00600474678331848
AT5G41600	-0.00600464128245703
AT3G29075	-0.00600456204095384
AT4G21470	-0.00600449514020334
AT3G24929	-0.00600417384100405
AT5G54260	-0.00600414294127787
AT5G45040	-0.00600353886196722
AT4G33440	-0.00600290785067868
AT3G54560	-0.00600275039286539
AT3G48090	-0.00600242650633098
AT4G15120	-0.00600216933768701
AT3G09560	-0.00600211520102989
AT5G44580	-0.00600190176891549
AT4G03110	-0.00600189577809845
AT5G59440	-0.00600163943535886
AT1G53887	-0.00600137608837731
AT5G27620	-0.00600119673985939
AT5G58480	-0.00600115704775789
AT1G18415	-0.00600071729260903
AT3G48120	-0.00599910231788362
AT2G28070	-0.00599907432983699
AT1G80920	-0.00599897820850777
AT3G58620	-0.00599896362805164
AT5G57390	-0.00599814604830758
AT4G11660	-0.00599758879787934
AT5G18760	-0.00599755220625402
AT1G63480	-0.00599655241746585
AT5G63880	-0.00599618804230179
AT5G28840	-0.00599614720360271
AT5G66040	-0.00599589467261704
AT3G05600	-0.00599580777284588
AT5G01780	-0.00599540551146592
AT5G59790	-0.00599516803629828
AT2G23320	-0.0059947481755605
AT2G24290	-0.00599453067185131
AT4G12790	-0.00599446793712596
AT5G59150	-0.00599401938292335
AT2G34400	-0.00599393637144568
AT1G29530	-0.00599343823455603
AT1G08210	-0.00599284526046835
AT3G55770	-0.00599279623153287
AT2G38090	-0.00599269594841679
AT4G15440	-0.00599267449925622
AT4G02880	-0.00599258679192187
AT3G07880	-0.00599241818104824
AT1G20540	-0.00599237768007297
AT3G61060	-0.00599228073598947
AT5G24210	-0.00599224505339964
AT1G11760	-0.00599196277293384
AT5G04940	-0.00599169914692481
AT5G10460	-0.005991354071401
AT5G50750	-0.00599124586098543
AT3G60580	-0.00599104570132247
AT1G58190	-0.00599088451261215
AT5G23370	-0.00599074006022387
AT4G12120	-0.00599053208449548
AT4G35450	-0.00599030194388839
AT1G26340	-0.0059901476657503
AT1G25380	-0.00598997232838247
AT2G34060	-0.0059899238970972
AT1G70490	-0.00598981338398478
AT2G19080	-0.00598980901758693
AT2G44580	-0.0059888917858636
AT1G64670	-0.00598855270802813
AT1G79150	-0.00598821060565117
AT2G29050	-0.00598803618695339
AT4G02500	-0.00598744216967061
AT3G07300	-0.00598741685402624
AT4G26570	-0.00598712886316262
AT4G04330	-0.00598663780640584
AT1G04480	-0.00598654865394511
AT3G01740	-0.00598637904723512
AT5G19340	-0.00598619368482073
AT1G08980	-0.00598610542393051
AT2G32380	-0.00598595105345429
AT5G51110	-0.00598526510788956
AT3G10985	-0.0059848182202903
AT5G53110	-0.00598480692902837
AT5G45170	-0.00598476709711474
AT5G18120	-0.00598471455687515
AT5G22850	-0.00598456432350902
AT3G58490	-0.00598426048637302
AT3G61900	-0.00598419617002493
AT5G19140	-0.0059840834806143
AT3G05560	-0.00598398339222511
AT2G42890	-0.00598344755705778
AT1G76280	-0.0059833521780396
AT1G16740	-0.00598326889960822
AT1G14060	-0.00598251555326175
AT4G20350	-0.00598226984391227
AT5G09230	-0.00598205778811872
AT1G10230	-0.00598164946105504
AT5G35080	-0.00598153852930042
AT3G01150	-0.00598135246704532
AT3G15190	-0.00598127767871008
AT5G03070	-0.00598089327455458
AT5G46560	-0.00598025373601341
AT1G80200	-0.00597979451498545
AT1G74680	-0.0059794695740742
AT2G29400	-0.00597929300435066
AT1G12410	-0.00597924416705401
AT1G19340	-0.00597874563650347
AT1G15350	-0.00597786512074056
AT1G49590	-0.00597784644182895
AT2G15240	-0.00597751498457477
AT1G48170	-0.00597751434075367
AT2G14835	-0.00597749454254002
AT1G19400	-0.00597605190574587
AT5G30490	-0.00597588849172754
AT3G53800	-0.00597562521355902
AT1G09760	-0.00597498070759783
AT5G41520	-0.00597485137608082
AT3G25930	-0.00597445028913054
AT4G24900	-0.00597338596837355
AT1G20830	-0.00597295634726576
AT1G21130	-0.00597271810136657
AT5G45550	-0.00597230901571162
AT4G13460	-0.0059719577203183
AT2G28426	-0.00597190500525181
AT4G33940	-0.00597132319361745
AT2G38620	-0.00597020707859073
AT3G19660	-0.00596918825032734
AT4G21534	-0.00596860079735952
AT3G13600	-0.00596844829445296
AT1G05440	-0.00596812736812386
AT1G65820	-0.00596809509829003
AT1G17970	-0.00596787000040385
AT4G33270	-0.0059677560791757
AT1G27180	-0.00596684135186277
AT4G11670	-0.00596667546880193
AT5G36180	-0.00596649326805789
AT1G51965	-0.00596612940076085
AT4G15420	-0.00596602109654612
AT4G25380	-0.00596586491378792
AT4G03280	-0.00596580677368518
AT5G27920	-0.00596519939523624
AT4G22540	-0.00596470152788991
AT5G12980	-0.00596465731576007
AT1G65520	-0.00596464263533942
AT4G33740	-0.00596458948555602
AT3G22480	-0.00596449044378299
AT5G45700	-0.00596375384783357
AT3G15450	-0.0059633107323675
AT1G75180	-0.00596329668203277
AT3G54860	-0.00596297461342607
AT2G27450	-0.0059627928008101
AT2G15910	-0.00596251453445929
AT2G21580	-0.00596236661057765
AT3G52940	-0.00596224176143081
AT4G31980	-0.00596206807144332
AT3G06450	-0.00596187177550905
AT3G60530	-0.00596169525141533
AT3G46920	-0.0059615957271996
AT4G28750	-0.00596136007877473
AT5G45680	-0.00596121303201845
AT1G29700	-0.00596094598283708
AT2G32560	-0.00596089187421395
AT5G40080	-0.00596039572446621
AT3G09050	-0.00596026296645633
AT5G26240	-0.00596019199409805
AT1G27460	-0.00596010388172772
AT1G78140	-0.00596009877755461
AT1G53520	-0.00595954691834929
AT2G19750	-0.00595859520408025
AT1G01200	-0.00595850635846631
AT4G31550	-0.0059580440659915
AT1G60700	-0.0059579881445646
AT2G43710	-0.00595753602244666
AT5G49230	-0.00595748680372098
AT1G67830	-0.00595744045584688
AT5G23270	-0.00595708605353297
AT1G73570	-0.00595692166680135
AT3G61110	-0.00595663625049146
AT1G30600	-0.00595617859013815
AT3G12250	-0.00595616548703965
AT5G47680	-0.0059552976448413
AT5G04850	-0.00595492424765474
AT3G09720	-0.00595451732374295
AT1G27650	-0.00595445267475555
AT5G18390	-0.00595444947395789
AT5G18430	-0.00595438510688462
AT1G48300	-0.00595402847145444
AT5G19050	-0.00595391392003211
AT4G03340	-0.00595390235648927
AT3G10610	-0.00595354543050391
AT1G20330	-0.0059534720130149
AT3G49290	-0.00595333672109705
AT3G42860	-0.00595293080575152
AT5G53300	-0.00595292587029022
AT2G20230	-0.00595273662835393
AT5G01260	-0.00595256028861143
AT3G43980	-0.00595198389473792
AT1G08697	-0.00595197411446951
AT5G67170	-0.00595165122013183
AT4G00660	-0.00595162449873446
AT1G06050	-0.00595155996675557
AT1G67280	-0.00595123555438997
AT1G75820	-0.0059512315524306
AT5G02350	-0.00595066998460732
AT1G51355	-0.00595040149722288
AT5G59610	-0.0059502125558294
AT1G06180	-0.00594994737653392
AT1G02280	-0.00594879373966652
AT1G10820	-0.00594872909210486
AT4G38280	-0.00594856639574248
AT1G04010	-0.00594838096142725
AT3G56850	-0.00594824665188496
AT3G58200	-0.00594753928865008
AT3G09710	-0.00594703005825
AT4G19660	-0.0059469084079385
AT3G09500	-0.00594658920520856
AT1G23560	-0.00594622826168336
AT1G72910	0.00594618304553398
AT2G24870	-0.00594617819842201
AT5G16970	-0.00594599920583114
AT4G14290	-0.0059457620758324
AT5G19480	-0.00594567513520192
AT2G36810	-0.00594562549451954
AT1G65032	-0.00594462991371131
AT3G23830	-0.00594445105528841
AT3G27350	-0.00594441176446452
AT5G55910	-0.00594390090698566
AT4G22330	-0.00594358620673565
AT4G30440	-0.00594357571733642
AT3G20395	-0.00594351281380506
AT4G23510	-0.00594317269009012
AT1G63230	-0.00594281855474991
AT3G29350	-0.00594216347200702
AT3G13225	-0.00594192878330209
AT3G01600	-0.00594106892576552
AT1G10340	-0.00594098667996905
AT1G72340	-0.0059409034734477
AT1G73160	-0.00594076323193669
AT1G52240	-0.00594074604065851
AT4G32320	-0.00594056498924063
AT1G68370	-0.00594032499501115
AT3G56470	-0.00593911290160131
AT5G67290	-0.00593896411832154
AT1G74430	-0.00593834967726894
AT5G63100	-0.00593831908071195
AT5G14100	-0.00593829130637748
AT5G59250	-0.00593821092342903
AT3G13240	-0.00593790699708827
AT1G15230	-0.00593758106576065
AT1G77370	-0.00593751753004795
AT1G30520	-0.00593710103981128
AT5G18130	-0.00593660913958786
AT2G44210	-0.00593641467011745
AT2G46170	-0.00593635983631848
AT5G19150	-0.00593602279493986
AT2G41370	-0.00593566204644471
AT1G71230	-0.00593562018184524
AT2G07715	-0.00593537287191006
AT4G30460	-0.00593520536553784
AT5G03520	-0.00593512455214358
AT3G56870	-0.00593449471591918
AT5G40610	-0.00593418625798404
AT5G41790	-0.0059341308196571
AT3G04950	-0.00593360314665525
AT1G49400	-0.0059335271139604
AT5G48370	-0.0059333468904741
AT1G54180	-0.0059333024098851
AT4G34950	-0.00593322390300877
AT5G59450	-0.00593301337722966
AT2G02061	0.00593286613659842
AT4G27800	-0.00593285849599408
AT2G33740	-0.00593258192431984
AT2G04795	-0.00593249984905859
AT1G56080	-0.0059320568413471
AT1G80750	-0.00593203272330599
AT5G58920	-0.0059317193114569
AT1G12790	-0.00593167153090993
AT2G26200	-0.00593075749701386
AT1G44760	-0.00593059944733453
AT4G35620	-0.00593037584841623
AT5G45130	-0.00593014963018448
AT1G04110	-0.00592974085416667
AT5G44930	-0.00592924644849072
AT5G06660	-0.00592910629848256
AT1G66680	-0.00592856672449064
AT3G12710	-0.00592852745973291
AT1G64510	-0.00592849071771774
AT5G47430	-0.00592845726321425
AT1G26640	-0.00592835831494483
AT5G38590	-0.00592675301334398
AT1G77885	-0.00592675164175109
AT2G17695	-0.00592651828065936
AT1G56570	-0.00592646456379226
AT2G25950	-0.00592635405722854
AT5G10520	-0.00592626863090909
AT1G68670	-0.00592528270454515
AT2G35390	-0.0059248028600529
AT3G56160	-0.00592408046743251
AT2G26770	-0.00592397360196044
AT5G54730	-0.00592386393433493
AT2G25200	-0.00592378900623061
AT4G17900	-0.00592346405706232
AT4G21400	-0.00592313558207713
AT1G22840	-0.00592300945858506
AT3G47390	-0.00592243063304615
AT2G24050	-0.00592224404628266
AT3G51930	-0.00592169812390591
AT2G15570	-0.00592146253052482
AT2G41540	-0.00592120931965885
AT5G16850	-0.00592116320888872
AT5G38510	-0.0059206258687287
AT5G60750	-0.00592062132249987
AT1G18850	-0.00592030992171119
AT4G23260	-0.00592016683530629
AT2G17800	-0.00592006584362149
AT1G31410	-0.00592002052813053
AT3G02140	-0.00591990073025387
AT1G63670	-0.00591987676991668
AT2G18910	-0.00591901524678069
AT3G52800	-0.0059186074985255
AT1G11900	-0.00591785828805489
AT5G10980	-0.0059177196082201
AT4G11460	-0.00591754611906101
AT5G01950	-0.00591715006421937
FBti0019059	0.00591696525434774
AT2G01735	-0.00591644664466056
AT4G00400	-0.00591642010533978
AT3G24070	-0.00591608175816528
AT4G27900	-0.00591594087738939
AT5G48940	-0.00591590388547216
AT3G06130	-0.00591583142698226
AT5G66010	-0.00591561039241397
AT5G23395	-0.00591495575209884
AT4G34670	-0.00591485203807534
AT3G53500	-0.00591484354727753
AT4G21860	-0.00591463740308345
AT2G18465	-0.00591462425144505
AT3G50850	-0.00591442659094491
AT1G11330	-0.00591390024802824
AT3G50500	-0.00591318463906549
AT3G61070	-0.00591274114144601
AT2G20515	-0.00591194071706167
AT5G67230	-0.00591187692343519
AT1G26520	-0.00591174667762777
AT5G20520	-0.00591172894720717
AT2G39500	-0.00591161236360876
AT2G40630	-0.00591146469004612
AT5G19485	-0.0059114606000803
AT3G26744	-0.0059112170019238
AT1G67148	-0.00591093402855754
AT2G07170	-0.00591083062324498
AT1G79460	-0.00590983087646797
AT5G05870	-0.00590977031131311
AT5G66910	-0.00590826528704106
AT2G05990	-0.00590820427834744
AT5G04250	-0.00590770120153429
AT3G11945	-0.00590736559405082
AT3G04130	-0.00590717815862802
AT3G12020	-0.00590716906526622
AT4G26210	-0.00590687403618483
AT5G64850	-0.00590677671737973
AT4G00755	-0.00590675326875153
AT2G26420	-0.00590618940156516
AT5G38720	-0.00590603074514428
AT1G60740	-0.00590601682532371
AT1G17200	-0.00590582659689168
AT3G03360	-0.00590537584922356
AT5G20010	-0.00590532604903932
AT1G47570	-0.00590515739136199
AT3G13350	-0.00590420280441304
AT2G41110	-0.00590411195906635
AT3G46640	-0.00590409656706819
AT1G61580	-0.00590377551004225
AT2G40920	-0.00590248044193805
AT3G50050	-0.00590235137110331
AT2G35900	-0.00590165602227872
AT3G13340	-0.00590134532102848
AT4G24060	-0.00590133031615652
AT4G28440	-0.00590131204509087
AT5G53800	-0.00590120851669025
AT1G60010	-0.00590051419175932
AT5G19260	-0.00590030638438367
AT4G25320	-0.00590017582702384
AT4G28560	-0.00589978539035923
AT4G20380	-0.00589949547557369
AT5G48010	-0.00589946659347362
AT1G54770	-0.00589844854218692
AT1G01695	-0.00589802451004061
AT1G16880	-0.00589797515444969
AT4G13720	-0.00589794322788145
AT2G44620	-0.00589793825653502
AT3G05760	-0.00589770991677626
AT1G01710	-0.00589709555899922
AT3G61640	-0.00589642404636273
AT4G05150	-0.00589625785669084
AT4G28220	-0.00589622346914015
AT3G29185	-0.00589622325657397
AT4G36960	-0.005895925127564
AT4G33080	-0.00589582106937353
AT5G38895	-0.00589576835487959
AT1G72280	-0.00589512213888235
AT2G37470	-0.00589474518246473
AT5G20180	-0.0058946646572424
AT5G43030	-0.0058945893176247
AT1G48460	-0.00589415990003126
AT1G09350	-0.00589400675757827
AT1G69700	-0.0058939622335268
AT4G25620	-0.00589367945265473
AT3G02480	-0.00589324095704637
AT4G32930	-0.00589267780874217
ATCG00780	-0.00589248218116911
AT2G04378	-0.0058924124532229
AT2G43020	-0.0058922885111193
AT5G48630	-0.00589221306394187
AT3G13080	-0.0058912649381259
AT4G21560	-0.00589095209215659
AT1G13570	-0.00589071571131318
AT5G51450	-0.00589061050380052
AT1G72230	-0.00589023028652051
AT1G63840	-0.00589003414895682
AT3G57750	-0.0058898612775333
AT2G30700	-0.00588922356995397
AT1G77450	-0.00588886799383928
AT2G04235	-0.00588878499041405
AT5G65980	-0.00588874803438891
AT3G46590	-0.00588849525019634
AT3G09890	-0.00588846568477167
AT5G01310	-0.00588831026111135
AT1G51590	-0.00588830385019926
AT4G35780	-0.00588805059139584
AT5G59770	-0.00588801232296382
AT1G30240	-0.00588784854221397
AT5G25230	-0.00588753840725676
AT3G10525	-0.0058866281780862
AT4G02200	-0.00588625315569494
AT4G15930	-0.00588617119745571
AT2G44650	-0.00588586628351012
AT4G22350	-0.00588548525344102
AT1G27700	-0.00588546203569883
AT1G53650	-0.00588490366341944
AT3G07200	-0.0058842269423738
AT5G60710	-0.00588396656652994
AT2G45460	-0.00588382347838163
AT5G42780	-0.00588365446655743
AT5G46850	-0.00588365236872536
AT5G40000	-0.00588359032150593
AT1G35250	0.00588342772701507
AT2G17350	-0.0058829064895426
AT3G17712	-0.00588272451057419
AT3G07870	-0.00588271754574906
AT3G44290	-0.00588251292693445
AT5G54600	-0.005882191457895
AT5G61500	-0.00588217538996658
AT5G10960	-0.00588207270192048
AT3G57200	-0.00588199226879316
AT1G75090	-0.00588158659727918
AT5G03540	-0.00588153425587594
AT2G24720	-0.00588127747397183
AT3G57880	-0.00588114330830681
AT1G79500	-0.00588082833142888
AT1G04070	-0.00588080763404792
AT3G27470	-0.00588077440431604
AT1G06110	-0.00588062358663199
AT1G51170	-0.00588011945447195
AT3G21400	-0.00588008735230105
AT5G03530	-0.00587922750844209
AT1G26650	-0.00587860119866028
AT5G63530	-0.00587822612895617
AT2G44270	-0.00587789133756482
AT3G27460	-0.00587777743558651
AT5G44450	-0.00587747390055775
AT4G31820	-0.00587735017406224
AT1G79075	-0.00587725440430194
AT5G01220	-0.00587714370438605
AT5G43710	-0.00587691669612148
AT1G31160	-0.00587680513469116
AT3G11720	-0.00587654448608762
AT5G02620	-0.00587647419751988
AT3G12130	-0.00587622535213899
AT1G30730	-0.00587611995197512
AT4G13195	-0.00587577837494775
AT2G47310	-0.00587560132469756
AT3G03120	-0.00587553788533533
AT1G11960	-0.00587543930324591
AT3G07940	-0.00587479475044585
AT4G19045	-0.00587459345534889
AT4G24160	-0.00587451096011947
AT5G60450	-0.00587439438939919
AT3G13224	-0.0058736531314961
AT3G07565	-0.00587348051966588
AT1G27940	-0.00587327361248736
AT5G13910	-0.00587314529691243
AT5G48250	-0.00587313212012564
AT4G12740	-0.00587310050188216
AT2G43235	-0.00587287529138766
AT4G35760	-0.00587283613959142
AT2G40000	-0.005872567433892
AT4G11130	-0.00587222422917544
AT1G19397	-0.00587188702408733
AT3G22880	-0.00587148645858786
AT5G03880	-0.00587139453009085
AT3G51730	-0.00587115115827628
AT1G16110	-0.00587096461294828
AT1G71050	-0.00587089164642721
AT1G26160	-0.00587055374312815
AT4G32530	-0.00587041333357785
AT5G06820	-0.0058703192165757
AT5G48570	-0.00586991880607307
AT4G30260	-0.00586987936268081
AT1G14185	-0.00586911110344377
AT3G63240	-0.0058684384944731
AT3G53600	-0.00586842767614163
AT3G25990	-0.00586829287395121
AT3G43700	-0.00586784217853223
AT5G03510	-0.00586778935544863
AT2G16790	-0.00586717591567641
AT4G39260	-0.00586698124785703
AT1G31540	-0.0058668404893506
AT4G29910	-0.00586665806757163
AT1G61760	-0.00586617611634678
AT3G59090	-0.00586613485164442
AT2G19450	-0.0058658399919045
AT1G05190	-0.00586561154105649
AT2G43320	-0.0058655370615358
AT4G33890	-0.00586451276014724
AT5G25790	-0.00586440502715103
AT2G03820	-0.00586415240249777
AT3G15460	-0.00586394308931983
AT1G51200	-0.0058636495673686
AT2G30280	-0.00586357987481417
AT5G14740	-0.00586318839844037
AT5G11620	-0.00586316194519997
AT1G70620	-0.0058627907083398
AT5G20570	-0.00586223397275242
AT5G02800	-0.00586104335586991
AT2G28480	-0.00586094559043286
AT4G29800	-0.0058607225759829
AT3G53340	-0.00586062896745895
AT3G01100	-0.00586056538955124
AT5G12360	-0.00586046897502138
AT5G40820	-0.00586001065103332
AT1G21560	-0.00585963965244424
AT3G61370	-0.00585925696588251
AT5G06910	-0.00585903131205425
AT1G30825	-0.00585860669972072
AT4G21800	-0.00585859338874301
AT5G64830	-0.00585843901856644
AT1G77060	-0.00585813481358677
AT4G26320	-0.00585775528966697
AT2G43430	-0.00585759428844486
AT5G18210	-0.00585742587582306
AT1G28090	-0.00585716345903044
AT2G26210	-0.00585701335295683
AT5G05850	-0.00585646029638051
AT5G04680	-0.00585616119913707
AT5G22370	-0.00585602066423486
AT5G50870	-0.00585553433248808
AT4G04810	-0.00585541348643317
AT2G15620	-0.00585512975984608
AT2G37060	-0.00585508965078506
AT1G76350	-0.00585503735037713
AT3G22565	-0.00585497126057559
AT3G06700	-0.0058548442231423
AT1G78320	-0.00585420502080135
AT2G40710	-0.00585399816079119
AT3G45730	-0.00585368744769332
AT2G38610	-0.00585365646268289
AT3G15620	-0.00585338002566672
AT5G41920	-0.00585337208495968
AT1G22640	-0.0058531694737166
AT2G23690	-0.00585303821170374
AT3G29770	-0.00585180724537387
AT2G29530	-0.00585138856152997
AT2G31200	-0.00585137084925701
AT1G06560	-0.00585110973269982
AT1G19240	-0.00585099699001786
AT1G26670	-0.00585053222154147
AT1G78790	-0.00585035136145385
AT5G59460	-0.00585003607578946
AT1G73670	-0.00584977927008173
AT1G77570	-0.00584955332295523
AT5G40540	-0.00584925669833497
AT4G36480	-0.0058488633413049
AT3G10915	-0.00584723315464717
AT5G53750	-0.00584681013589258
AT4G27820	-0.00584624748187246
AT5G09065	-0.00584602418397562
AT3G12780	-0.00584536346013351
AT5G22270	-0.0058447562998934
AT1G31220	-0.00584464389109633
AT1G14180	-0.00584422978697254
AT4G07950	-0.00584399966737533
AT4G27390	-0.00584393475804036
AT5G67250	-0.00584357157392484
AT1G43560	-0.00584305723096864
AT1G69690	-0.005842673337969
AT5G41120	-0.00584267026491376
AT4G02800	-0.00584255353495665
AT4G14170	-0.00584197716896578
AT1G54090	-0.00584174558213015
AT1G12700	-0.00584145161405908
AT4G10560	-0.00584130617025542
AT5G57620	-0.00584109310498126
AT4G33540	-0.00584077004786391
AT3G08600	-0.00584069407883235
AT3G50650	-0.00584063083139195
AT5G47110	-0.00584012757089877
AT1G12500	-0.00584009396606647
AT2G36670	-0.00584002922602964
AT5G42400	-0.00583971491974367
AT4G11820	-0.00583946354572897
AT3G13030	-0.00583926081735651
AT1G29810	-0.00583919207248133
AT3G44380	-0.00583881385340218
AT5G15740	-0.00583879932349136
AT3G57080	-0.00583879858846377
AT5G23140	-0.00583878499775605
AT3G06990	-0.00583823487865772
AT1G25550	-0.00583792384513819
AT2G30710	-0.00583726182392555
AT1G32080	-0.00583666924980818
AT1G05870	-0.00583640390716642
AT1G13380	-0.00583626362779532
AT3G18830	-0.00583607509562986
AT1G64210	-0.00583602222975174
AT3G58640	-0.00583509617459225
AT1G75010	-0.00583507851689338
AT4G28650	-0.0058347585866174
AT4G02970	-0.00583473436880735
AT1G25520	-0.00583434435400344
AT5G51820	-0.00583390422575871
AT1G03960	-0.00583293008748867
AT3G03420	-0.00583279518196741
AT1G22620	-0.00583275315514455
AT5G60680	-0.0058326317109067
AT3G18520	-0.00583241566458818
AT4G18100	-0.00583219761088221
AT2G30890	-0.00583181501464536
AT5G15440	-0.00583165420282899
AT3G44280	-0.00583157519150383
AT4G31240	-0.00583155582052995
AT4G24480	-0.00583140958913544
AT1G07550	-0.00583135150917611
AT1G29025	-0.00583117798955003
AT5G42130	-0.00583112844804473
AT1G09310	-0.00583095662508729
AT1G07750	-0.00583078220366545
AT1G28600	-0.00583046477289251
AT2G45860	-0.00583032728452062
AT4G32350	-0.00582971913317527
AT1G73640	-0.00582921821447899
AT4G21830	-0.00582911634932407
AT1G18840	-0.00582910960213655
AT5G59340	-0.00582908172207826
AT3G18630	-0.00582880222549184
AT1G64080	-0.00582863630406201
AT1G68070	-0.00582855124615068
AT1G13530	-0.00582828447193274
AT1G67785	-0.00582778695851664
AT2G20490	-0.00582778051287166
AT5G37485	-0.00582778009797411
AT5G19770	-0.00582731187331661
AT5G06710	-0.0058272583249358
AT5G01710	-0.00582723639806669
AT1G17180	-0.00582707489357143
AT1G07517	-0.00582673289359773
AT1G32380	-0.00582665550294284
AT4G03390	-0.00582626736738729
AT2G37380	-0.0058259221962952
AT2G24790	-0.00582577826718258
AT5G41040	-0.00582558972571615
AT4G01960	-0.00582541139031489
AT1G03510	-0.00582476131445203
AT5G19960	-0.00582441905551326
AT3G52190	-0.00582436864953134
AT2G45400	-0.00582346464131687
AT1G68400	-0.00582329213880383
AT2G04430	-0.00582289582106521
AT4G11690	-0.00582269845504245
AT4G02220	-0.00582247547980677
AT5G65410	-0.00582241641158589
AT1G67950	-0.00582216515255117
AT4G11780	-0.00582207295511648
AT1G76720	0.00582178430040285
AT5G62260	-0.00582128552829592
AT3G25570	-0.00582107123771826
AT3G25580	-0.0058205246426206
AT1G78870	-0.00582013891412791
AT5G11170	-0.00581993044688647
AT3G02875	-0.00581916174555531
AT5G61300	-0.00581916060361149
AT2G25480	-0.00581893885599646
AT1G62130	-0.00581892990208672
AT2G40810	-0.00581867498359599
AT2G02540	-0.00581831875356698
AT1G15180	-0.00581742471026252
AT2G22070	-0.00581714985937504
AT2G40670	-0.00581697710870119
AT4G35140	-0.00581684130939888
AT3G47860	-0.00581677921897712
AT3G16250	-0.00581677736192442
AT4G11240	-0.00581655935673582
AT1G11360	-0.00581613707798535
AT2G28370	-0.00581596463195635
AT3G48900	-0.00581562346004029
AT5G46020	-0.00581545530960083
AT1G79160	-0.0058153764044616
AT2G21500	-0.00581530660313565
AT1G79040	-0.00581526957267011
AT3G44790	-0.00581465471786949
AT2G07180	-0.0058145155545597
AT3G55140	-0.00581449454902487
AT3G04780	-0.00581400451436214
AT3G10320	-0.00581328698288687
AT4G12600	-0.0058126352104939
AT4G00290	-0.00581261617156804
AT1G24040	-0.00581243356172731
AT4G17785	-0.00581223259993269
AT5G52800	-0.00581203845330135
AT1G31130	-0.00581171823062911
AT3G17160	-0.00581156549422961
AT3G23620	-0.00581145943810297
AT3G24490	-0.00581124502263267
AT2G28140	-0.00581116658550684
AT1G34430	-0.00581006829516357
AT1G15825	-0.00580993287260448
AT2G43460	-0.00580987920188882
AT3G61310	-0.00580973746716198
AT5G02060	-0.00580966766761167
AT1G48330	-0.00580903915243498
AT2G26260	-0.00580884328297004
AT4G39630	-0.00580865870844607
AT2G21860	-0.00580833368220073
AT3G03030	-0.00580815696139893
AT1G53760	-0.00580797756694947
AT3G63370	-0.00580790116878731
AT5G47650	-0.00580785564568755
AT4G34390	-0.00580772251227957
AT1G17140	-0.00580746758561446
AT1G08040	-0.00580732136717557
AT3G59870	-0.00580685046821431
AT5G58700	-0.00580637471847975
AT2G47350	-0.00580633495988741
AT5G48870	-0.00580506966909852
AT2G28460	-0.00580467685611588
AT1G70470	-0.00580452158469779
AT3G49750	-0.00580445021012437
AT5G64730	-0.00580428712157503
AT2G22140	-0.00580370894310179
AT1G64230	-0.00580354917264419
AT1G09870	-0.00580339526864098
AT3G50550	-0.00580304803680874
AT5G15840	-0.00580258121002976
AT1G28490	-0.00580254218433556
AT1G26690	-0.00580215553641069
AT5G65630	-0.00580195331626345
AT5G23580	-0.0058005535885852
AT4G03205	-0.00580013986595298
AT2G20960	-0.00579932473003854
AT2G15390	-0.00579930409298057
AT2G38020	-0.00579854396291772
AT3G21650	-0.00579847497856927
AT2G02510	-0.00579773560876064
AT3G07360	-0.00579760275946575
AT5G10250	-0.0057969940925412
AT5G04700	-0.00579694667496474
AT2G41460	-0.00579639776406166
AT1G58380	-0.00579637352264164
AT2G26500	-0.00579599912240597
AT3G10130	-0.00579570958336377
AT1G01500	-0.00579558392886485
AT2G31320	-0.00579511703260169
AT5G07745	-0.00579509250264525
AT5G13340	-0.00579486471598168
AT5G48380	-0.00579433322592654
AT3G05010	-0.00579396661432052
AT4G33380	-0.00579387416338911
AT4G26810	-0.00579386106173753
AT2G33585	-0.00579383051861418
AT4G25500	-0.00579371807144556
AT3G24590	-0.00579341951142914
AT1G51510	-0.00579329844045663
AT5G07710	-0.00579287546066381
AT5G07790	-0.00579242961753765
AT1G19300	-0.00579217967999258
AT1G14680	-0.00579187747197616
AT2G39340	-0.00579178370194004
AT1G67250	-0.00579164596251566
AT4G14455	-0.00579142443609168
AT2G46610	-0.00579128431321008
AT5G15780	-0.00579124325982489
AT4G00420	-0.00579040302902751
AT1G76130	-0.00579004093607612
AT5G65000	-0.00578985884205458
AT2G39080	-0.00578938592856631
AT3G61950	-0.00578937021476505
AT4G00170	-0.00578902228658588
AT5G20160	-0.00578898999507496
AT4G24210	-0.00578850656124346
AT3G02340	-0.0057884418031582
AT1G03260	-0.00578843565240364
AT5G10330	-0.00578796010285835
AT5G07720	-0.00578790124304911
AT5G50430	-0.00578767578059382
AT5G53980	-0.00578757184939781
AT5G20150	-0.00578666594334651
AT2G21650	-0.00578607275102009
AT5G03690	-0.00578602770315551
AT5G25490	-0.00578599024531509
AT3G14870	-0.00578554475437348
AT1G30120	-0.00578498071685077
AT3G54380	-0.00578424811227022
AT5G64780	-0.00578339956433841
AT1G23380	-0.00578310804440654
AT5G35170	-0.0057830037867695
AT5G41340	-0.00578242449406235
AT5G06830	-0.0057818591622235
AT5G46150	-0.00578165155848563
AT2G19385	-0.00578140649156873
AT5G54430	-0.00578134377315722
AT3G19220	-0.0057811460194915
AT5G62290	-0.00578087388618005
AT2G28910	-0.00578058606015416
AT4G18140	-0.00578030272404674
AT4G31930	-0.00577995680194553
AT2G43010	-0.00577899450987588
AT1G23760	-0.00577888655358449
AT4G10300	-0.00577856300627912
AT1G72820	-0.0057784501413137
AT4G35470	-0.00577840894930131
AT2G22670	-0.0057782154849986
AT1G13950	-0.00577796955291526
AT4G28880	-0.00577768417764873
AT1G50940	-0.00577667147134029
AT2G40435	-0.00577658482421005
AT2G17840	-0.0057765247259958
AT1G72420	-0.00577643122881794
AT1G12910	-0.00577574516694423
FBti0019347	0.005775731035039
AT2G39720	-0.00577557031972675
AT3G43580	-0.00577460267688275
AT5G20970	-0.00577433240178345
AT1G06923	-0.00577382279183672
AT5G47240	-0.00577375443709395
AT2G46700	-0.00577338302714102
AT3G18260	-0.00577252535380042
AT3G16720	-0.005772376622455
AT4G12400	-0.00577188971677062
AT5G47320	-0.00577179171802879
AT5G45380	-0.0057717511824279
AT5G23170	-0.00577128756492922
AT5G47180	-0.00577104361902154
AT1G10750	-0.00577084046863696
AT2G36305	-0.00577028414535682
AT3G50900	-0.00576956658106035
AT5G06240	-0.0057688529566766
AT3G60220	-0.00576859706409995
AT3G21390	-0.00576858061491369
AT4G35790	-0.00576844697664982
AT5G14700	-0.00576826389376249
AT5G60670	-0.00576792760139706
AT1G77850	-0.00576767672806493
AT1G31280	-0.00576725415494717
AT4G31080	-0.00576608302098699
AT2G39050	-0.00576598371221182
AT2G01450	-0.00576574845767053
AT1G01690	-0.00576572473823241
AT5G27230	-0.00576506195791049
AT1G77110	-0.00576494113479559
AT1G16040	-0.00576490255547498
AT3G09740	-0.00576465724000607
AT5G15802	-0.00576457930942222
AT3G11820	-0.00576455384840359
AT4G21980	-0.0057641095723821
AT3G14190	-0.00576362152067814
AT5G62930	-0.00576262651287837
AT5G62390	-0.00576259221799262
AT5G47970	-0.00576253174785068
AT4G00430	-0.00576251139003381
AT3G23020	-0.00576227073045532
AT5G41800	-0.00576144524507886
AT2G27980	-0.00576126351291472
AT3G53690	-0.00576092574809305
AT5G64500	-0.00576078587002772
AT3G19184	-0.0057606218576901
AT1G77855	-0.00576032687870635
AT5G03475	-0.00576014911188389
AT3G54250	-0.00575983374184735
AT3G01590	-0.00575981063825398
AT5G09260	-0.00575976880276029
AT4G16520	-0.00575914447078803
ATMG00110	-0.00575867476535239
AT4G39460	-0.00575861893199919
AT4G24140	-0.00575839762845906
AT4G32970	-0.00575819049924606
AT5G11280	-0.0057581114257759
AT4G36910	-0.00575805606614026
AT1G01090	-0.00575790551104307
AT4G13290	-0.0057578326292812
AT1G32730	-0.00575743532129812
AT5G49170	-0.00575725187971487
AT1G27950	-0.00575724963869444
AT2G16280	-0.00575720511855928
AT3G57390	-0.00575718944828987
AT1G07640	-0.00575705775262501
AT5G58570	-0.0057569116549453
AT3G11520	-0.005756785495083
AT2G19130	-0.00575662052157011
AT3G14410	-0.005756613892441
AT1G74450	-0.00575615022208638
AT3G01200	-0.00575563183075353
AT5G17770	-0.0057554087561814
AT5G55125	-0.00575461850998929
AT4G26790	-0.00575455388070561
AT3G47990	-0.00575433644398603
AT2G31810	-0.00575428930538488
AT4G05060	-0.0057542438097184
AT5G11000	-0.00575381392696053
AT1G63410	-0.00575371898320301
AT1G17410	-0.00575365675327913
AT1G32050	-0.00575344380226472
AT4G17020	-0.00575300483899742
AT3G26070	-0.0057524674231671
AT2G45010	-0.00575213173567101
AT4G00300	-0.00575211500345671
AT5G64330	-0.00575186746795092
AT1G67700	-0.0057518525569446
AT1G14470	-0.00575174443008541
AT1G79790	-0.00575170993249591
AT5G11470	-0.00575094244200462
AT3G21865	-0.00575086526772806
AT1G10690	-0.00575085969562748
AT1G50510	-0.00575054762167574
AT5G11600	-0.00575038783774675
AT1G15030	-0.00575020418944003
AT4G33865	-0.00575002998781825
AT5G05890	-0.00574999138063089
AT5G65040	-0.00574992009641188
AT3G21810	-0.00574973960204722
AT1G66480	-0.0057495163846957
AT3G46930	-0.00574877385595016
AT4G36720	-0.00574849646341051
AT1G20780	-0.00574830475981452
AT2G15280	-0.00574822488236743
AT3G55460	-0.00574797088247241
AT3G19990	-0.00574782330030082
AT1G52640	-0.00574754377120215
AT3G27390	-0.00574747389140417
AT5G63670	-0.00574706825516887
AT2G35800	-0.00574706573674219
AT2G22400	-0.00574693811557838
AT4G14660	-0.00574661227351611
AT5G56230	-0.00574647381231075
AT1G32700	-0.005746165688932
AT1G13870	-0.00574615404303903
AT1G52245	-0.00574600343060207
AT2G17970	-0.00574583425619709
AT5G55630	-0.00574578350615976
AT4G00100	-0.00574556258875773
AT2G40410	-0.00574549820754417
AT1G26880	-0.00574514099088335
AT3G45900	-0.00574475518676103
AT5G46700	-0.00574468721948647
AT1G14687	-0.00574457122268905
AT1G60770	-0.00574423147619941
AT1G62422	-0.00574419438995449
AT5G15190	-0.0057438617224865
AT2G22570	-0.00574326686960674
AT1G20650	-0.00574309046004377
AT2G37370	-0.00574308518212679
AT3G09350	-0.00574303390878523
AT1G67860	-0.00574287787315248
AT5G51630	-0.00574236215808682
AT3G45240	-0.00574233111222159
AT4G34640	-0.00574224009146732
AT1G19290	-0.0057421093607311
AT1G15110	-0.00574190892893325
AT2G01505	-0.00574161507698774
AT4G02820	-0.00574056680405571
AT5G35995	-0.00574004209604414
AT3G13580	-0.00573997080756586
AT5G59520	-0.0057399677126609
AT3G51830	-0.00573932862168981
AT1G13880	-0.00573898635995236
AT3G62260	-0.00573886449571416
AT2G37840	-0.00573779440187813
AT3G59930	-0.00573760428728912
AT5G59780	-0.00573758339749849
AT1G80050	-0.00573706277752634
AT5G12220	-0.00573702521639442
AT5G41110	-0.00573644318105554
AT4G21323	-0.0057362653536957
AT1G66600	-0.00573609134176721
AT2G14910	-0.00573583833316042
AT1G23480	-0.00573571800926901
AT2G04560	-0.00573565480990761
AT3G28080	-0.00573538387160834
AT3G02290	-0.0057346735416716
AT4G01440	-0.00573458832067172
AT2G38300	-0.00573437636717079
AT4G00730	-0.00573419781589549
AT3G07930	-0.00573414603684024
AT5G08170	-0.00573407085865823
AT1G79060	-0.00573406726245663
AT3G10572	-0.00573399309542421
AT3G47180	-0.00573366984013301
AT3G43740	-0.00573338592376755
AT5G65530	-0.00573307943672878
AT5G05950	-0.00573279390961972
AT1G53780	-0.00573263263051241
AT3G50830	-0.00573252222299297
AT2G15480	-0.00573235579118075
AT5G10745	-0.00573210909259013
AT1G21930	-0.00573184686316261
AT2G28410	-0.00573166916393022
AT2G23840	-0.00573163178706458
AT1G01340	-0.00573110049150772
AT1G76440	-0.0057305246507054
AT3G57770	-0.00573046156566179
AT1G77270	-0.00573038792807739
AT1G10700	-0.00573030129819035
AT3G19460	-0.00573001529477029
AT5G62740	-0.00572930831576043
AT1G03750	-0.00572886128533932
AT2G41480	0.00572851677109423
AT5G42240	-0.00572786045164952
AT1G15215	-0.0057274856999098
AT3G16660	-0.00572686971577741
AT2G24140	-0.00572650259880261
AT5G50390	-0.00572645855513798
AT3G18850	-0.00572617976797072
AT1G68760	-0.00572594279252895
AT5G47170	-0.00572572174128943
AT1G27070	-0.00572549254574514
AT3G51450	-0.00572540489862027
AT3G02690	-0.00572482751977287
AT4G02900	-0.00572434563512809
AT3G29644	-0.00572414182255579
AT1G22310	-0.00572270295985078
AT3G12720	-0.00572251769581135
AT3G10740	-0.00572240097837095
AT1G13360	-0.00572229264313649
AT5G42190	-0.00572186084714534
AT2G17990	-0.00572161122697075
AT2G17070	-0.00572152226086228
AT5G13270	-0.00572138711648724
AT1G69640	-0.00572130152098884
AT3G61680	-0.00572114778908359
AT1G07373	-0.00572100730734658
AT1G14770	-0.00572069537578696
AT1G35680	-0.00571940274144966
AT5G24890	-0.00571939095496748
AT3G56810	-0.00571926383607961
AT2G45350	-0.00571844817728052
AT2G47320	-0.00571731185115886
AT5G09740	-0.00571710124942165
AT2G32880	-0.00571686022515215
AT1G13990	-0.00571685740459536
AT4G28770	-0.00571567525258391
AT5G46260	-0.00571564218036825
AT2G40640	-0.00571559910200844
AT2G18630	-0.00571547051837933
AT2G17670	-0.00571518869532083
AT3G04770	-0.00571515170590798
AT1G03495	-0.00571476096767381
AT3G13310	-0.00571460321750053
AT5G57300	-0.00571371345412972
AT1G53070	-0.0057130018310638
AT2G17700	-0.00571290518742467
AT2G06000	-0.00571261771595083
AT1G08660	-0.00571192200012492
AT4G26550	-0.00571178977747447
AT5G63150	-0.00571047862041371
AT5G63370	-0.0057104229324777
AT4G19985	-0.00570989706300106
AT3G07650	-0.00570969315021082
AT1G27290	-0.00570950086415734
AT2G28320	-0.00570843795079893
AT1G23980	-0.00570826089121555
AT5G59890	-0.00570792050043246
AT1G56045	-0.00570744571798123
AT3G17430	-0.00570742144158024
AT3G66654	-0.00570736061228393
AT3G47300	-0.00570732369972679
AT4G17085	-0.0057067744030479
AT4G30080	-0.00570676243706821
AT4G15850	-0.00570584885196476
AT3G02330	-0.00570559247321889
AT2G36900	-0.0057050972496899
AT5G38220	-0.0057042837095145
AT1G09660	-0.00570403790511233
AT4G36990	-0.0057039629158336
AT2G45280	-0.00570370583153554
AT2G34185	-0.0057034579539457
AT4G24710	-0.00570344866387503
AT4G00585	-0.00570338562304769
AT1G30570	-0.00570297319126758
AT3G55360	-0.00570286831356102
AT1G72140	-0.00570226283702787
AT3G06570	-0.00570224413516603
AT3G18740	-0.00570195695933673
AT5G23570	-0.00570154348506032
AT1G71697	-0.00570083006217035
AT2G23010	-0.00570067463342636
AT3G57350	-0.00570064231709636
AT5G53130	-0.00570037020984916
AT1G15970	-0.00569965558435024
AT5G10695	-0.00569947198421378
AT2G47730	-0.0056994639163109
AT4G25190	-0.00569900644174255
AT5G49550	-0.00569877164944077
AT2G01300	-0.00569861462159902
AT2G23120	-0.00569844013504865
AT5G51410	-0.00569818719373478
AT1G29800	-0.00569784717300679
AT5G49010	-0.00569765975855844
AT1G28080	-0.00569765285785652
AT1G53640	-0.00569750142939813
AT2G42760	-0.0056974357289719
AT5G23740	-0.00569737005293631
AT3G27160	-0.00569725134805677
AT2G44010	-0.00569709548694807
AT3G05200	-0.00569695767219828
AT1G54840	-0.0056969004277142
AT4G23490	-0.00569685536333541
AT1G18290	-0.00569668382363982
AT1G55300	-0.00569655284447013
AT4G09020	-0.00569593303285785
AT5G50860	-0.00569584697558291
AT4G10610	-0.00569567637105051
AT4G19600	-0.00569546636526191
AT3G17460	-0.00569513596053942
AT3G24080	-0.00569508761911721
AT1G03330	-0.00569503709301933
AT5G44740	-0.00569465769749021
AT3G09970	-0.00569418861774141
AT5G54540	-0.00569399971387156
AT3G05580	-0.00569388719358917
AT2G45480	-0.00569381595765883
AT5G17210	-0.00569374301508353
AT2G29180	-0.00569341669428388
AT1G57860	-0.00569327965661172
AT3G63510	-0.00569275026897859
AT4G02080	-0.00569246091462339
AT2G15730	-0.00569106964968845
AT5G05380	-0.00569078986252652
AT4G17730	-0.00569078020563569
AT5G46090	-0.00569017622379395
AT3G09470	-0.00569015526073566
AT1G15760	-0.00568970776926438
AT4G37450	-0.00568953858976941
AT1G25560	-0.0056894488189537
AT5G56210	-0.00568889574540222
AT5G26749	-0.00568872164647608
AT3G59470	-0.00568871215605028
AT3G23635	0.00568857082906162
AT3G04480	-0.00568841612233225
AT3G02730	-0.00568799489344327
AT1G03180	-0.00568758759726263
AT5G62100	-0.00568689534790816
AT1G33230	-0.00568629309955194
AT1G21065	-0.00568448766188976
AT3G10350	-0.00568409901424138
AT3G10470	-0.00568392507149386
AT5G51920	-0.005683631586512
AT4G38010	-0.00568221091991986
AT1G70550	-0.00568218675436091
AT1G29290	-0.00568211205837425
AT3G20270	-0.00568206309805428
AT1G62120	-0.00568161046885419
AT3G52840	-0.00568147641537805
AT2G39890	-0.005681150226006
AT4G28240	-0.00568032198676233
AT3G61530	-0.00567980529888325
AT5G44280	-0.00567953303725358
AT1G77940	-0.00567944858706704
AT5G09480	-0.00567944728916131
AT1G61820	-0.00567926515259475
AT5G10730	-0.00567925506429342
AT5G67530	-0.00567870119506445
AT2G17730	-0.00567853579150001
AT1G78590	-0.00567851308059217
AT3G51980	-0.00567822026251582
AT5G13090	-0.005677983577016
AT5G27680	-0.0056776429306076
AT4G17440	-0.00567702811586543
AT1G74600	-0.00567694429868362
AT1G59860	-0.00567693564678437
AT5G59940	-0.00567619955191266
AT3G16180	-0.00567568692625836
AT4G10340	-0.00567540139441867
AT2G41630	-0.00567516569476902
AT2G14530	-0.00567516256941399
AT5G63860	-0.00567510206598343
AT2G38230	-0.005674763367216
AT5G56620	-0.00567475946571584
AT2G02730	-0.00567473947465719
AT3G48185	-0.00567450966516472
AT3G46030	-0.00567438791052515
AT5G20360	-0.00567422171665545
AT1G75630	-0.00567417364010624
AT5G14680	-0.00567395939492249
AT5G62940	-0.00567387453115326
AT1G14820	-0.00567365545966324
AT4G36060	-0.00567328423562423
AT5G24990	-0.00567319679111681
AT3G15610	-0.00567219499710315
AT3G06180	-0.0056719594631748
AT5G27990	-0.00567102923083885
AT3G21530	-0.00567098736687716
AT1G68110	-0.00567022177593649
AT5G08660	-0.00566998496794859
AT2G14045	-0.00566985821419964
AT4G13200	-0.00566813563141345
AT3G23340	-0.00566808363745964
AT5G41480	-0.00566777854334733
AT2G27290	-0.00566775947677867
AT5G42830	-0.00566712737789429
AT4G13100	-0.00566680751795108
AT3G07980	-0.0056666877117861
AT2G29330	-0.00566621815469757
AT4G37140	-0.00566604203222994
AT1G53170	-0.0056658379657108
AT1G04940	-0.00566580920751854
AT5G55160	-0.00566534063328026
AT1G70750	-0.00566481507382909
AT1G29770	-0.00566453954049792
AT2G45450	-0.00566443408116218
AT1G11905	-0.00566429377547332
AT5G16440	-0.00566356558073584
AT1G12780	-0.00566334929933258
AT3G62470	-0.00566328894197727
AT1G25370	-0.00566296269897853
AT3G45960	-0.00566269271467258
AT2G05590	-0.0056625181405983
AT5G66550	-0.00566249418360289
FBti0018969	0.00566244370926652
AT3G05520	-0.00566219354838026
AT3G03310	-0.00566163182937762
AT5G08180	-0.00566161186004943
AT5G23490	-0.00566127888663165
AT1G76600	-0.00566082328754794
AT5G56170	-0.00566041972446099
AT3G27100	-0.00566017453502413
AT5G58780	-0.00566011793256426
AT5G63190	-0.00565975136918843
AT2G20725	-0.00565968470687313
AT5G67140	-0.00565925744625671
AT1G11200	-0.00565866255890411
AT1G73530	-0.00565825841949169
AT4G14630	-0.00565811282753551
AT5G41760	-0.0056579750917866
AT5G51020	-0.00565779972512019
AT1G31070	-0.00565712370044082
AT4G36730	-0.00565664789952887
AT4G23690	-0.0056564094508547
AT5G66360	-0.00565592830084574
AT2G29720	-0.00565570515179485
AT2G20740	-0.00565554709434534
AT4G30520	-0.00565521961235829
AT5G02030	-0.00565514134454607
AT4G31010	-0.00565493163728241
AT2G45245	-0.0056541736047602
AT1G28250	-0.00565415046909205
AT5G44340	-0.00565404048000015
AT1G64220	-0.00565370096675457
AT1G53540	-0.00565355192170197
AT1G11180	-0.00565264242518101
AT2G17880	-0.00565259710216222
AT1G34020	-0.00565252961543709
AT1G27100	-0.00565177821776067
AT5G07322	-0.0056516940060963
AT5G21070	-0.00565030164011476
AT2G36630	-0.00564993177014529
AT2G42950	-0.00564946326771046
AT5G06960	-0.0056494158066845
AT3G06610	-0.0056492819755509
AT2G21880	-0.00564901297040965
AT4G32360	-0.00564871250631024
AT3G50460	-0.00564826986687133
AT2G39870	-0.005648113647612
AT5G24030	-0.00564810479607094
AT5G09270	-0.00564800238832957
AT3G55005	-0.0056470429692857
AT5G01770	-0.0056470409213538
AT1G66430	-0.00564703202713779
AT3G02460	-0.00564594111044505
AT4G25170	-0.00564512917239232
AT1G07560	-0.00564506646653688
AT1G52310	-0.00564506462615226
AT1G07960	-0.00564486373248814
AT1G01490	-0.00564465586678225
AT4G19820	-0.00564430011986247
AT3G23000	-0.00564429209831884
AT4G14380	-0.00564403435016192
AT4G39520	-0.00564373568788756
AT5G24330	-0.00564369999822832
AT5G64560	-0.00564366384080926
AT1G19770	-0.00564357597261073
AT5G53810	-0.00564357292403466
AT5G54040	-0.00564346851726565
AT2G31090	-0.00564267348684083
AT1G55530	-0.00564254458293447
AT3G55605	-0.00564203889172689
AT3G05190	-0.00564200720937047
AT5G59880	-0.00564196056850796
AT5G62920	-0.00564190210642409
AT3G62290	-0.00564181415649386
AT4G16350	-0.00564178579305335
AT5G39590	-0.00564156073361219
AT3G57630	-0.00564035929600577
AT5G05830	-0.00563997366078045
AT4G25990	-0.00563979717802294
AT5G59850	-0.00563932371072103
AT5G64460	-0.0056392371871903
AT4G26480	-0.0056391362682907
AT5G01775	-0.00563886754639151
AT2G44180	-0.00563878094768735
AT3G48020	-0.00563869212973595
AT3G03320	-0.00563834019326139
AT1G51660	-0.0056382723486949
AT2G39000	-0.00563749162094592
AT3G59570	-0.00563739841452361
AT1G74970	-0.00563665170242617
AT2G44880	-0.00563593175958436
AT1G49410	-0.00563588946592401
AT4G20960	-0.00563544762835614
AT4G19960	-0.00563535606997251
AT4G14550	-0.00563527064237699
AT1G06130	-0.00563513107140229
AT4G35070	-0.00563506972682965
AT3G16100	-0.0056348297266027
AT1G76210	-0.00563432809873304
AT1G17620	-0.0056340669994319
AT3G16230	-0.00563387912189238
AT5G59550	-0.00563344602175786
AT1G67210	-0.00563322667231557
AT1G02880	-0.00563228812267843
AT5G58110	-0.00563224627459554
AT3G02250	-0.00563220198193475
AT3G19020	-0.00563207868675571
AT5G16250	-0.00563185020371994
AT5G41620	-0.00563166878899731
AT5G62520	-0.00563134660194555
AT2G18730	-0.00563104418849647
AT1G14160	-0.00563037199933711
AT5G05435	-0.00563023199883838
AT5G18100	-0.00563014191668134
AT1G68945	-0.00562999491414638
AT5G47870	-0.00562981036638405
AT5G35400	-0.0056296164181187
AT1G25420	-0.00562954435562514
AT5G46490	-0.00562914057182248
AT5G47420	-0.00562895730048871
AT1G65960	-0.00562858509902162
AT4G05200	-0.0056280850033079
AT2G30740	-0.00562800546005914
AT4G32900	-0.00562766233697235
AT2G40850	-0.00562757950162052
AT3G53430	-0.0056271630989896
AT3G24515	-0.00562658078451772
AT1G79180	-0.00562625073150401
AT4G04790	-0.00562582430709234
AT1G27921	-0.00562518776018583
AT3G48570	-0.00562517144720951
AT5G57170	-0.00562493737215337
AT1G03040	-0.00562485102758942
AT3G22370	-0.00562399266454634
AT5G01020	-0.005623866688112
AT3G56290	-0.00562369802814837
AT1G34760	-0.0056232454915172
AT1G65985	-0.0056231176469249
AT5G25570	-0.00562215505998696
AT1G12710	-0.00562205911161291
AT3G19553	-0.0056220500235649
AT1G03290	-0.00562169540258767
AT3G60130	-0.00562080722143763
AT2G24590	-0.00562051244573851
AT5G54790	-0.00561947464955124
AT1G14270	-0.00561914807409339
AT4G15350	-0.00561903355241298
AT5G41761	-0.00561862359672899
AT1G05490	-0.00561844391427782
AT3G02740	-0.00561777825264699
AT1G45474	-0.00561766261542223
AT5G50370	-0.00561741622968814
AT5G08500	-0.00561712360858742
AT1G03940	-0.00561546894713222
AT4G16240	-0.00561518286252561
AT4G20890	-0.00561489291103028
AT1G38131	-0.00561479134826936
AT5G09460	-0.00561472661875147
AT1G04360	-0.00561445313035612
AT1G03590	-0.00561373238050076
AT4G21810	-0.00561364334344284
AT3G17440	-0.00561358025576944
AT2G27730	-0.00561310042236581
AT2G16900	-0.00561281104797289
AT3G24340	-0.00561277520706995
AT1G08500	-0.00561244871083362
AT4G38730	-0.00561232329209057
AT5G48640	-0.00561228115586737
AT2G29065	-0.00561182486086603
AT2G02370	-0.00561010122899001
AT4G30220	-0.00560998462428701
AT4G27240	-0.00560973207974226
AT2G27840	-0.00560860008517679
AT4G19980	-0.00560687063263637
AT2G38152	-0.00560628210689107
AT5G18780	-0.00560585186841385
AT5G61412	-0.00560537363590689
AT4G14965	-0.00560529324762719
AT5G38380	-0.00560511742571327
AT1G08940	-0.00560461799715763
AT1G78080	-0.0056038060912157
AT3G10640	-0.00560360685203707
AT1G56610	-0.00560330979947057
AT3G52540	-0.00560169129391168
AT2G26070	-0.00560147830861639
AT5G01200	-0.00560089711471766
AT1G48420	-0.00560038002918128
AT4G14300	-0.00560019776862612
AT3G61610	-0.00559966536785716
AT5G24310	-0.00559951334579157
AT1G77460	-0.00559911691537916
AT2G01150	-0.00559889350224543
AT1G10300	-0.00559838096330247
AT4G32605	-0.00559827980825145
AT5G50810	-0.00559763214595376
AT3G22320	-0.00559710228292798
AT1G20490	-0.00559693539688433
AT3G25880	-0.00559557810799473
AT5G37370	-0.00559520789892321
AT4G34420	-0.00559480773982037
AT4G22756	-0.00559469103411164
AT2G21240	-0.00559457583471255
AT3G04800	-0.00559450629531427
AT4G13615	-0.00559415786153045
AT4G24510	-0.005593609768968
AT1G02305	-0.00559324058163847
AT3G27150	-0.0055931898923326
AT1G17255	-0.00559315706730297
AT5G27670	-0.00559307515826416
AT3G54160	-0.00559288581900401
AT5G09960	-0.00559277479481812
AT2G44150	-0.00559220791590562
AT2G44900	-0.00559102065727667
AT5G09250	-0.00559094054426298
AT4G28790	-0.00559076834320315
AT4G23630	-0.00559065486336603
AT5G35732	-0.00559058201075023
AT5G67610	-0.00559046671735351
AT3G48600	-0.00559031745212561
AT3G01990	-0.00559000247926643
AT4G27130	-0.0055892938237369
AT5G55550	-0.00558917361821196
AT5G57140	-0.00558898184489544
AT2G30410	-0.0055888965041576
AT5G48970	-0.00558781292757239
AT5G21930	-0.0055876883116476
AT3G03860	-0.00558755251067249
AT5G40690	-0.00558738950104181
AT1G20880	-0.00558663917855436
AT3G19000	-0.00558653797673438
AT2G26640	-0.00558653342203899
AT3G15690	-0.00558624184004295
AT3G43890	-0.0055861783465281
AT5G37360	-0.00558614448061114
AT4G01330	-0.00558595555409726
AT2G29450	-0.00558575601246028
AT4G14650	-0.00558549501392877
AT1G60160	-0.00558513767068286
AT5G18810	-0.00558484455746988
AT1G49480	-0.00558446425917547
AT1G75110	-0.0055837740655094
AT3G27110	-0.00558264022133657
AT5G67160	-0.00558239894892172
AT4G23430	-0.0055821141764893
AT3G05500	-0.00558178150101115
AT4G28640	-0.00558153545426028
AT5G01720	-0.00558098845264446
AT5G44040	-0.00558089915075587
AT2G37520	-0.00558070906102592
AT5G48230	-0.00558006110262429
AT5G58350	-0.00557995531402929
AT2G43445	-0.00557978774373989
AT4G13840	-0.00557975661074985
AT3G18940	-0.00557969545233916
AT2G20030	-0.00557855107737155
AT2G23093	-0.00557843819085524
AT2G38130	-0.00557771394944948
AT5G61200	-0.00557746032515124
AT3G13430	-0.00557668239490031
AT5G18170	-0.00557665186011493
AT4G31970	0.005576595716301
AT2G36930	-0.0055764746608642
AT3G44710	-0.00557517154232909
AT1G69960	-0.00557512977689239
AT3G49220	-0.00557437664971952
AT3G52910	-0.005573553344668
AT5G57670	-0.00557303221476004
AT4G02195	-0.00557281929468628
AT3G29290	-0.00557252333048757
AT1G10865	-0.00557240096580452
AT4G36940	-0.00557232993736758
AT1G13860	-0.00557218845435483
AT4G30400	-0.00557218585961844
AT1G08710	-0.00557194914466051
AT1G61230	-0.00557120043829296
AT2G36230	-0.00557072367299467
AT1G08640	-0.00556989974139565
AT4G25870	-0.00556936330841973
AT1G04520	-0.00556928395057769
AT2G29760	-0.00556927953147236
AT1G68390	-0.00556855228785449
AT2G18876	-0.00556850592051538
AT3G12630	-0.00556848044700712
AT1G01790	-0.00556838561148771
AT2G35470	-0.00556832489835671
AT1G21160	-0.00556821139668815
AT3G18300	-0.00556787725505146
AT5G17290	-0.00556718732174624
AT5G24590	-0.00556685688591747
AT5G64970	-0.00556674659109421
AT5G55000	-0.00556619768576789
AT1G50320	-0.00556537232042875
AT1G64770	-0.0055653207950866
AT1G71970	-0.00556483195012896
AT2G16940	-0.00556474014556769
AT1G47720	-0.00556392033007808
AT1G76090	-0.00556363151403494
AT4G27510	-0.00556310510769961
AT2G31730	-0.00556287379513543
AT3G49130	-0.00556276143719184
AT2G42380	-0.0055627220005813
AT3G24150	-0.00556248689632761
AT1G30230	-0.00556243481288039
AT5G13080	-0.0055619463955963
AT2G29390	-0.00556157892732894
AT3G07020	-0.00556144438708553
AT1G07240	-0.00556103237742285
AT1G07050	-0.00556092115209007
AT3G44400	-0.00556091422883696
AT5G09790	-0.00556072623754357
AT3G45040	-0.00556002304463833
AT5G01380	-0.00555961865884285
AT1G12060	-0.00555937785016712
AT3G54830	-0.00555853259095658
AT1G60670	-0.00555835557370493
AT3G25585	-0.00555829679788364
AT1G32860	-0.00555821664894396
AT4G36260	-0.00555807773633552
AT1G12630	-0.00555776029114665
AT4G28100	-0.00555738754567416
AT4G28590	-0.00555712470368785
AT4G16750	-0.00555704202620096
AT2G37890	-0.00555681967910514
AT1G12620	-0.00555482702409163
AT1G22300	-0.00555448092179655
AT5G59960	-0.00555431763723721
AT1G23090	-0.0055542351113995
AT1G36060	-0.00555364375108025
AT3G55646	-0.00555325868082706
AT1G22180	-0.00555318400024166
AT5G63760	-0.00555296868186548
AT3G60680	-0.00555264622761385
AT4G24090	-0.00555220461384739
AT1G24577	-0.00555216938850878
AT1G02680	-0.00555140524271562
AT3G17611	-0.00555126568300758
AT4G35200	-0.00555090783443509
AT3G54920	-0.00554999905334648
AT1G11930	-0.00554966226153384
AT5G02640	-0.00554943705121829
AT1G23330	-0.00554937631393569
AT5G66960	-0.00554925309686887
AT4G37630	-0.0055490971898047
AT4G34120	-0.00554874169837579
AT3G23805	-0.00554864405172461
AT1G76940	-0.00554837493833098
AT1G02816	-0.00554830774549602
AT5G59030	-0.00554796613026546
AT5G40280	-0.00554787158279515
AT5G66090	-0.00554721124016802
AT3G27540	-0.00554687200771547
AT1G73350	-0.0055468218646325
AT4G20325	-0.00554643799986585
AT1G07090	-0.00554632237464996
AT4G04435	-0.0055459459073039
AT5G56420	-0.00554478087347605
AT3G46760	-0.00554468375822098
AT5G49900	-0.00554442537534224
AT1G54370	-0.00554436273372653
AT1G04950	-0.00554431533350999
AT3G04310	-0.00554421295396342
AT1G49050	-0.00554364637986946
AT5G52940	-0.00554334215606298
AT1G71820	-0.00554268190988333
AT3G59530	-0.00554212002209707
AT4G14940	-0.00554210517194483
AT3G11750	-0.00554178399005401
AT4G38100	-0.00554168147223508
AT5G27740	-0.00554143019760618
AT3G02680	-0.0055411706181553
AT1G29330	-0.00554116959994347
AT1G19750	-0.00554084491475918
AT1G31350	-0.00554064348220816
AT1G26190	-0.00554012405517835
AT2G21600	-0.00553899122956514
AT2G42450	-0.00553832547432433
AT1G78020	-0.00553822381239955
AT1G18730	-0.00553779713548727
AT3G63090	-0.00553761720893746
AT1G62640	-0.00553754118865684
AT1G12420	-0.00553731313350137
AT5G43430	-0.00553716604721585
AT5G49880	-0.00553684267063113
AT1G64180	-0.00553663322976219
AT1G13930	-0.00553587480487399
AT2G45590	-0.00553587343295089
AT3G59640	-0.0055355776821997
AT2G01750	-0.00553546133315747
AT4G02810	-0.00553528213071552
AT1G54440	-0.00553512436206464
AT5G42420	-0.00553479880280896
AT1G72880	-0.00553360677574018
AT5G05920	-0.0055332642628759
AT2G28430	-0.00553319040877486
AT2G35880	-0.0055331887295678
ATMG00520	0.00553279516363031
AT3G47110	-0.00553241477266203
AT5G51960	-0.00553223163016521
AT4G31150	-0.00553219282756891
AT4G25370	-0.00553173476070154
AT2G23780	-0.00553081053802493
AT2G44390	-0.00553010482760114
AT1G51470	-0.00552927183108403
AT1G72050	-0.00552918304008644
AT3G50770	-0.00552879942854645
AT1G15200	-0.00552865562621443
AT3G04920	-0.00552746373148421
AT2G01110	-0.00552706972746468
AT5G21140	-0.00552690519587495
AT4G33220	-0.00552675367255114
AT5G53730	-0.00552649931746106
AT1G21090	-0.0055259068855761
AT1G79080	-0.00552553198116802
AT3G12870	-0.00552536404523227
AT3G59500	-0.00552530191710893
AT4G21900	-0.00552498203423275
AT3G48530	-0.00552490489565905
AT3G02590	-0.00552394424841862
AT5G64700	-0.00552391673410663
AT1G53380	-0.00552385236779377
AT2G36160	-0.00552360281261624
AT4G28320	-0.00552314216823241
AT2G24090	-0.00552294246761715
AT4G06676	-0.0055227191342847
AT5G20500	-0.00552268755231858
AT1G21900	-0.00552242572815197
AT5G52810	-0.00552241944487566
AT3G13440	-0.00552197473387143
AT1G13060	-0.00552123653178621
AT2G03810	-0.00552116497856301
AT1G16970	-0.00552089844070716
AT2G14850	-0.00552072732818885
AT1G32210	-0.00552042955738337
AT5G51830	-0.00552039770847287
AT5G25610	-0.0055202874820539
AT4G17486	-0.00551997047613212
AT1G26130	-0.00551992739829044
AT1G75170	-0.00551949787447388
AT3G48480	-0.00551926596515301
AT3G49580	-0.00551921168041677
AT5G38660	-0.00551894018922797
AT1G50430	-0.00551876381570729
AT3G13674	-0.00551856471438837
AT5G60230	-0.00551843952403173
AT2G38120	-0.00551838443058186
AT3G51510	-0.00551774947516462
AT1G55810	-0.0055173953276659
AT3G20940	-0.00551719686329386
AT4G35987	-0.00551683692926413
AT1G10630	-0.00551634937392954
AT2G17270	-0.00551626658554156
AT5G02420	-0.00551612844899875
AT5G42280	-0.0055160123529257
AT1G20530	-0.00551566177220658
AT2G04520	-0.00551468607069192
AT1G67470	-0.00551426633016923
AT5G64480	-0.00551387671665836
AT1G05785	-0.00551380172915
AT3G14020	-0.00551328388156716
AT5G40150	-0.00551295057033516
AT1G17040	-0.00551278441169291
AT1G03440	-0.00551229846745288
AT1G65320	-0.00551222839140274
AT2G13965	-0.0055121214748483
AT4G38180	-0.00551206574276658
AT1G33400	-0.00551205002405363
AT1G13340	-0.00551198638386838
AT1G63390	-0.00551167615245855
AT5G24090	-0.00551147501190951
AT3G26050	-0.0055112634811334
AT1G48610	-0.00551124397585081
AT1G68185	-0.00551102053695048
AT4G22690	-0.00551070784244475
AT1G02750	-0.00550939631910737
AT3G03900	-0.00550904181675062
AT4G13310	-0.00550893878048175
AT2G46890	-0.00550886385317656
AT4G04200	-0.00550879475963579
AT5G60990	-0.00550820857003085
AT5G57450	-0.00550805724787115
AT2G27385	-0.00550785503173332
AT5G16170	-0.00550724528524905
AT1G19330	-0.00550680480156263
AT1G68650	-0.00550629788115787
AT2G24690	-0.0055061728309193
AT4G10810	-0.00550570302993644
AT5G43520	-0.00550558688982076
AT1G67760	-0.00550553256477428
AT4G32590	-0.00550544508842257
AT4G22110	-0.00550525707181554
AT3G11500	-0.00550515956046098
AT3G19010	-0.00550392371883738
AT3G21360	-0.00550351330538242
AT3G13150	-0.0055032853392008
AT2G32800	-0.00550234097976982
AT3G08980	-0.00550226395027101
AT5G41070	-0.00550154333051618
AT3G08720	-0.00550141657928401
AT5G67060	-0.00550089743328605
AT2G42130	-0.00550028591329551
AT3G28180	-0.00549943865431582
AT4G01740	-0.00549910710222855
AT1G79730	-0.00549904528337563
AT1G63500	-0.00549889150538601
AT1G45191	-0.0054983677813472
AT2G23910	-0.00549827521881913
AT1G19394	-0.0054981500785701
AT3G52710	-0.00549811308208928
AT1G28140	-0.00549803939896698
AT4G25850	-0.00549773447695712
AT1G13195	-0.00549764951701588
AT1G11710	-0.00549680249261739
AT1G76870	-0.0054966540376665
AT5G55340	-0.00549627171997475
AT2G41945	-0.00549607250067435
AT5G38344	-0.00549541702318301
AT2G47020	-0.00549446979793192
AT4G25740	-0.00549411609414728
AT3G18620	-0.00549329589280375
AT5G56160	-0.00549298594818888
AT1G51940	-0.00549134173268026
AT5G61310	-0.00549131224574848
AT1G62880	-0.0054908825629712
AT3G26360	-0.00548986918808458
AT3G25940	-0.00548974777931687
AT1G31175	-0.00548965862407856
AT5G53010	-0.00548932271481687
AT2G01918	-0.0054889577002033
AT5G02360	-0.00548875916904053
AT2G45990	-0.00548833544872977
AT5G11030	-0.00548820413630387
AT3G58010	-0.00548773061098075
AT1G78460	-0.00548707001801834
AT4G27260	-0.00548692240192633
AT5G08510	-0.00548677039218786
AT3G63190	-0.00548667086747595
AT1G11780	-0.00548632610272531
AT5G19410	-0.00548627362443023
AT4G38090	-0.00548530891005724
AT1G30500	-0.00548501037555666
AT5G06670	-0.00548499751897439
AT3G24530	-0.00548488830561964
AT3G62760	-0.00548481447765777
AT1G80570	-0.00548363527034564
AT1G77730	-0.00548356494076523
AT3G51030	-0.00548307727346608
AT2G28870	-0.00548298150772711
AT3G01520	-0.00548260522961844
AT2G24600	-0.00548187002932526
AT1G49730	-0.00548181539948058
AT2G42300	-0.00548150003294239
AT3G02160	-0.00548140804148755
AT4G14720	-0.00548086735535327
AT4G09720	-0.00548079580051582
AT5G67070	-0.0054803621532445
AT2G43340	-0.00547949839917733
AT2G39940	-0.00547917434563677
AT1G21830	-0.00547867385761934
AT5G37780	-0.00547830829513356
AT1G27385	-0.00547786432516315
AT4G34500	-0.00547783226271292
AT4G08230	-0.00547745579141807
AT1G75370	-0.00547644476424104
AT4G24750	-0.00547620472574922
AT1G71430	-0.00547620360073225
AT1G07000	-0.00547539322546571
AT2G03760	-0.00547484284610627
AT5G26660	-0.00547479004496064
AT3G11290	-0.00547426277037471
AT1G14310	-0.00547398152582485
AT2G26480	-0.00547394307407106
AT5G01670	-0.00547354085813474
AT4G17790	-0.00547252073845882
AT5G13870	-0.00547197000280521
AT5G23060	-0.00547148286194576
AT1G59830	-0.00547134066823403
AT5G02090	-0.00547117622405602
AT1G22882	-0.00547054603995871
AT1G02340	-0.00546983939313171
AT1G49890	-0.00546975610546215
AT4G25710	-0.00546958065877239
AT1G01820	-0.00546941906555747
AT1G21000	-0.00546923378113781
AT1G28960	-0.00546886353571115
AT1G76570	-0.00546838630402985
AT3G26280	-0.00546809551627384
AT3G22930	-0.00546786327568984
AT5G60820	-0.00546781879663106
AT1G07030	-0.00546772425028764
AT1G59560	-0.00546708795569327
AT1G35180	-0.00546699572758156
AT1G66440	-0.00546644358039882
AT1G20890	-0.00546632940042632
AT5G66500	-0.00546623670713196
AT1G02050	-0.00546576268421077
AT4G27090	-0.00546541906895229
AT4G16060	-0.00546513015216785
AT4G13530	-0.00546485824360783
AT3G16210	-0.00546478840005153
AT5G57700	-0.00546477302951449
AT5G09880	-0.0054640649969473
AT1G48270	-0.00546399037464537
AT5G02450	-0.00546322001091746
AT5G52120	-0.00546300633368569
AT4G24972	-0.00546232636570049
AT3G07580	-0.00546214731037129
AT5G19380	-0.00546201617860379
AT5G19900	-0.0054616102414185
AT3G10220	-0.00546077605941447
AT1G30490	-0.00546077423381878
AT2G41140	-0.00546051254634626
AT4G10890	-0.00545986849116675
AT5G65870	-0.00545986146793606
AT1G52510	-0.00545879148320523
AT1G79890	-0.00545826717366384
AT2G27190	-0.0054579202489922
AT4G39360	-0.00545759648804379
AT1G73805	-0.00545756370619733
AT5G25080	-0.00545749613427746
AT2G25980	-0.00545748698386034
AT2G03870	-0.00545739247126784
AT5G04220	-0.00545700953675234
AT2G02180	-0.00545693373273351
AT5G35320	-0.00545635588762751
AT5G13880	-0.00545614291122935
AT5G37930	-0.00545574098968519
AT3G23160	-0.00545570054353389
AT4G35740	-0.00545560877241737
AT2G05630	-0.0054555978874351
AT3G63130	-0.00545555077725572
AT3G59210	-0.00545516845702629
AT1G72770	-0.00545486198225498
AT4G13640	-0.00545454003782784
AT5G43170	-0.00545422068955027
AT1G70170	-0.00545420912353451
AT3G13750	-0.00545420276777061
AT1G59750	-0.00545407233348737
AT4G27380	-0.00545357596419286
AT2G26000	-0.00545354516014579
AT2G21190	-0.00545317783072177
AT2G30540	-0.00545315531336206
AT1G67730	-0.0054527561524359
AT3G50130	-0.0054520368577913
AT4G21220	-0.00545190403740943
AT2G35130	-0.00545190150753682
AT3G10850	-0.00545167319567228
AT2G15230	-0.00545158492828409
AT4G30680	-0.00545154408959753
AT5G28830	-0.00545129006432286
AT1G05900	-0.00545044002347025
AT1G70830	-0.00545041965066808
AT2G25520	-0.00545004389166501
AT3G58140	-0.00544957984440963
AT1G62600	-0.00544954533306056
AT4G13420	0.00544916472317508
AT5G17530	-0.00544884667644281
AT1G11320	-0.00544867473416251
AT5G65925	-0.00544839211161366
AT5G48655	-0.0054480978884291
AT3G13800	-0.00544791849499369
AT2G46550	-0.00544768096541506
AT5G24500	-0.00544750412767151
AT2G37940	-0.0054474510605724
AT4G35985	-0.00544710217851222
AT5G11090	-0.00544674311313563
AT5G48412	-0.0054463853477837
AT1G48200	-0.00544594056492789
AT3G46010	-0.00544504224751049
AT1G52200	-0.00544468435382669
AT5G54640	-0.00544407272231191
AT5G47020	-0.00544356965312512
AT5G57280	-0.00544272716972727
AT1G28530	-0.00544219982896752
AT4G19890	-0.00544197511076511
AT3G18500	-0.00544189288602033
AT1G16920	-0.00544174083638671
AT4G32850	-0.00544100365718356
AT2G43080	-0.00543973939756384
AT5G54250	-0.00543963596116987
AT5G44150	-0.00543879873488418
AT4G23730	-0.00543869924772666
AT2G28720	-0.00543856541386195
AT1G68160	-0.00543807020349323
AT2G36460	-0.00543768015999811
AT2G34670	-0.00543763642475234
AT3G20015	-0.00543728980034756
AT1G26665	-0.00543727560768275
AT3G25540	-0.00543726508900179
AT1G24735	-0.00543625755172311
AT4G32790	-0.00543560720355102
AT1G34315	-0.00543545945612487
AT4G15990	-0.00543532965283964
AT3G26340	-0.00543514057816891
AT1G80240	-0.0054351168686208
AT2G43850	-0.00543494233168891
AT2G17320	-0.00543433561179864
AT3G25900	-0.00543383404283853
AT2G31085	-0.00543252400849477
AT5G02190	-0.00543242042133804
AT3G13230	-0.00543238447833194
AT5G46590	-0.00543135291560364
AT5G47800	-0.00543078714098855
AT3G49890	-0.00542996179581716
AT5G64860	-0.00542965730206613
AT3G58680	-0.00542933407443733
AT2G23310	-0.00542892360999242
AT1G54570	-0.00542888331777456
AT4G31115	-0.00542873085594728
AT5G54770	-0.00542846133671479
AT4G26220	-0.00542817545664446
AT3G53000	-0.00542761434001317
AT4G01840	-0.00542751783682233
AT4G19080	-0.00542735485803993
AT3G24506	-0.00542724672869149
AT2G34590	-0.0054272177684569
AT2G24240	-0.0054271166724218
AT3G49360	-0.00542696839218371
AT4G17960	-0.00542659747486599
AT3G17390	-0.00542609250325785
AT5G67420	-0.00542589808685485
AT1G21790	-0.00542561298919432
AT5G38360	-0.00542509325043202
AT5G18400	-0.00542476877320914
AT3G02280	-0.00542448423696436
AT2G38110	-0.00542423254819834
AT3G26922	-0.00542329789634376
AT5G25540	-0.00542319975365809
AT3G19980	-0.0054230277737487
AT5G20710	-0.00542236220708354
AT4G26200	-0.00542183727700549
AT5G65890	-0.00542172111241614
AT1G78910	-0.00542082446544535
AT4G28310	-0.00542039894410234
AT5G01030	-0.00541889067446422
AT5G58600	-0.00541873638816911
AT5G22310	-0.00541847814500038
AT2G42590	-0.00541828128374538
AT4G14713	-0.0054181538373126
AT2G40270	-0.00541788556886075
AT4G01650	-0.00541767827986134
AT1G35290	-0.00541748916283834
AT5G64310	-0.00541748275721213
AT1G80245	-0.00541693254706718
AT5G03615	-0.00541683907896312
AT4G12130	-0.00541676710460785
AT3G24090	-0.00541560746753448
AT5G10810	-0.00541555898881987
AT5G62540	-0.00541545322481701
AT2G36420	-0.00541508061562648
AT1G73820	-0.00541467519353494
AT3G09180	-0.00541463600733647
AT4G27630	-0.00541442203220603
AT2G20080	-0.0054142941725065
AT2G16710	-0.0054142546225124
AT2G22821	-0.00541416121269037
AT2G25060	-0.00541409496696703
AT5G47100	-0.00541294367660701
AT3G27050	-0.00541264617766444
AT4G35390	-0.00541209728024326
AT2G39400	-0.00541176316612812
AT3G09000	-0.00541143701732522
AT1G08550	-0.00541099294252971
AT3G58930	-0.00541019529374396
AT2G38880	-0.00540974599290235
AT1G78100	-0.00540952715840598
AT4G29020	-0.00540937156909473
AT2G26460	-0.00540925500775641
AT1G06440	-0.00540921504497542
AT1G52220	-0.00540826756218221
AT2G02680	-0.00540756431655689
AT3G47530	-0.0054071373705668
AT1G34630	-0.0054064683435977
AT2G27720	-0.00540637876904165
AT5G56140	-0.00540562378494348
AT3G57062	-0.00540555681737315
AT3G58040	-0.00540552751005779
AT2G45730	-0.00540544072267717
AT2G07585	-0.00540541192587948
AT3G18820	-0.00540536721442977
AT5G41700	-0.0054044217431964
AT2G19190	-0.0054038856596852
AT1G21350	-0.00540339034099254
AT1G53660	-0.00540265532740876
AT1G56130	-0.00540262887575113
AT5G43970	-0.0054025632674047
AT4G10130	-0.00540233556207232
AT3G52590	-0.00540232680205466
AT2G43230	-0.00540207953525258
AT4G38580	-0.00540183376935432
AT2G14100	-0.00540151543239851
AT4G17560	-0.00540124072785234
AT3G10020	-0.00540055507210691
AT2G42670	-0.0054000740726352
AT2G42040	-0.00539942708217604
AT5G52030	-0.00539931559919416
AT4G28860	-0.00539837834790222
AT2G39370	-0.00539809130689412
AT4G35310	-0.00539796543338509
AT1G11220	-0.00539752001776755
AT5G57120	-0.00539707993775696
AT3G15530	-0.00539677083528475
AT2G22370	-0.0053967661797942
AT5G61250	-0.00539667150537805
AT4G26555	-0.0053963354869251
AT3G58120	-0.00539612241607521
AT3G01513	-0.00539544129172453
AT2G30766	-0.00539540699202975
AT2G30570	-0.00539530704485296
AT1G22700	-0.0053947967996348
AT2G25050	-0.0053944161861413
AT5G40830	-0.00539430246720621
AT3G04380	-0.00539412520295743
AT1G07135	0.00539381511777237
AT2G35605	-0.00539333379429829
AT4G37480	-0.00539331649524326
AT5G03120	-0.00539306360400152
AT5G27350	-0.00539270851762863
AT1G14290	-0.00539144739978446
AT5G16690	-0.00539087377773661
AT5G17550	-0.00539061448552973
AT2G42310	-0.00539037335314386
AT3G19770	-0.00538988688253993
AT1G01180	-0.00538963350430417
AT1G51620	-0.00538957968556998
AT5G03220	-0.00538862160203349
AT1G01100	-0.00538812016651523
AT4G26540	-0.00538771059989853
AT3G51520	-0.00538667973689684
AT5G59700	-0.00538649422469866
AT5G55950	-0.00538648355132641
AT1G33970	-0.00538647506039308
AT5G16340	-0.00538642887833487
AT5G23280	-0.00538567955135313
AT1G66740	-0.00538549783429893
AT2G41450	-0.00538545323146157
AT5G40910	-0.00538540134456418
AT3G10680	-0.00538526633013519
AT5G18040	-0.00538502815576252
AT1G54630	-0.00538483969504963
AT1G54580	-0.00538474177611692
AT2G33590	-0.00538473355681298
AT3G22420	-0.0053844004800023
AT4G24220	-0.00538396136729756
AT5G15310	-0.00538248121665689
AT1G08125	-0.00538130159666657
AT5G01450	-0.00538119799883779
AT5G04820	-0.005380916936632
AT3G02620	-0.00538085333255775
AT1G61590	-0.00538022070167872
AT5G66530	-0.00538021418452447
AT2G05210	-0.00537964737708484
AT1G72990	-0.00537947997569296
AT1G05360	-0.00537945733896814
AT1G01230	-0.00537858690789645
AT4G28840	-0.00537839772719086
AT4G14716	-0.00537837702864345
AT1G13270	-0.00537818516688744
AT3G59280	-0.00537808576214753
AT5G27380	-0.00537802715410676
AT3G15810	-0.0053779033342242
AT1G29070	-0.00537683392781059
AT2G19150	-0.00537676859721947
AT5G27760	-0.00537657110708066
AT1G01715	-0.00537648643687572
AT3G15580	-0.00537644188890796
AT2G31450	-0.00537633472678542
AT3G02890	-0.00537587427800662
AT5G01090	-0.00537484578983985
AT5G55570	-0.00537482756110622
AT5G14480	-0.00537478844289449
AT3G25470	-0.00537470567392462
AT5G03570	-0.00537468320765391
AT1G60960	-0.00537448686536977
AT1G68690	-0.00537429340572251
AT2G39180	-0.00537344982820643
AT1G70950	-0.00537335291926035
AT1G53030	-0.00537285917969264
AT3G18270	-0.00537164588369941
AT3G23290	-0.00537161978403598
AT1G43710	-0.00537151477522635
AT3G07690	-0.00537126903106485
AT3G23560	-0.00537095903271962
AT3G54390	-0.00537088293576652
AT4G38480	-0.00537073734576028
AT4G13500	-0.00536932516648274
AT1G52530	-0.00536886986672589
AT5G01280	-0.00536870560296701
AT3G26740	-0.00536862458771814
AT4G14147	-0.00536788549665336
AT4G20460	-0.00536731596107968
AT1G26890	-0.00536719392962944
AT4G21540	-0.00536716015191644
AT3G04970	-0.00536609259225937
AT1G50460	-0.00536605336841204
AT1G15930	-0.00536416911800676
AT4G13870	-0.00536413702306203
AT2G23790	-0.00536407987524759
AT3G04220	-0.00536388672420077
AT5G16380	-0.00536325435880621
AT5G23920	-0.00536295795713461
AT4G05440	-0.00536285464910557
AT3G59660	-0.00536269911908036
AT1G01260	-0.00536267303632763
AT3G54030	-0.00536241279974779
AT4G34960	-0.00536228506514093
AT2G21120	-0.0053621772125216
AT4G21880	-0.00536181549067719
AT5G39800	-0.00536150867394246
AT2G37290	-0.00536115252195528
AT4G28490	-0.00536114835373893
AT3G03135	-0.00536093160331909
AT5G05180	-0.00536032605927902
AT5G24430	-0.00535990450530075
AT5G27150	-0.00535971409566979
AT1G05000	-0.00535961202373449
AT5G58030	-0.0053595528459323
AT4G16440	-0.00535930629056995
AT1G06790	-0.0053586547874921
AT5G14120	-0.00535829036978249
AT1G80780	-0.00535781838232799
AT3G14740	-0.00535771188411334
AT5G42765	-0.00535735849588068
AT3G15350	-0.0053572050912168
AT3G53780	-0.00535709901695615
AT2G03620	-0.0053570866809665
AT1G02380	-0.00535706184299893
AT1G51560	-0.00535693159103758
AT5G48790	-0.00535642953821005
AT2G22090	-0.00535436644431235
AT5G04530	-0.00535419788936675
AT2G40100	-0.00535414093183624
AT2G25100	-0.00535387276582004
AT4G12690	-0.00535349137380907
AT5G25760	-0.00535305983233689
AT1G34030	-0.0053528892292406
AT1G09794	-0.00535274599803992
AT5G10450	-0.00535238440365497
AT1G30070	-0.00535230321168602
AT1G44608	-0.00535190959681631
AT3G63480	-0.00535186726625466
AT1G06645	-0.00535143703396097
AT3G04730	-0.00535073443068284
AT3G49510	-0.00535064236058541
AT1G13690	-0.00535029573042499
AT3G54270	-0.00535007243176533
AT3G28500	-0.00534990070586977
AT5G20580	-0.00534967344992287
AT1G48430	-0.0053496103803245
AT3G21630	-0.00534954541622889
AT5G55510	-0.00534858770954039
AT4G08785	-0.00534854215394216
AT4G14120	-0.00534799451089871
AT1G05680	-0.0053477281143815
AT2G26300	-0.00534761562880542
AT2G35736	-0.00534672140481683
AT1G20816	-0.00534590374532876
AT4G33910	-0.00534513720828381
AT1G71691	-0.00534502723068313
AT1G01360	-0.00534450493197992
AT5G05490	-0.00534414198625573
AT1G19350	-0.00534380038990012
AT1G16540	-0.00534375224158019
AT1G68820	-0.00534291259533156
AT3G09040	-0.00534288818912579
AT2G17787	-0.00534274379304473
AT3G63120	-0.00534209862939815
AT3G54840	-0.00534176591553266
AT2G41150	-0.0053411689770482
AT5G26667	-0.0053399018712507
AT3G22620	-0.00533973748346164
AT4G31470	-0.00533947519499841
AT2G44920	-0.00533932556793482
AT2G25190	-0.00533878539612435
AT2G43260	-0.00533833514829178
AT3G60600	-0.00533808295481911
AT4G35785	-0.00533617321685925
AT2G45950	-0.00533538549129602
AT5G08260	-0.00533512666858476
AT1G12250	-0.00533494128107223
AT1G73875	-0.00533489913056711
AT3G04115	-0.00533470698328189
AT5G49540	-0.0053342743624883
AT1G19310	-0.00533418127836353
AT3G60620	-0.00533383612848426
AT4G27940	-0.00533370573987448
AT1G75850	-0.00533365197445953
AT5G13800	-0.00533318370985999
AT1G74900	-0.00533285355967898
AT2G32030	-0.00533235115903134
AT5G13980	-0.00533047600442289
AT2G19970	-0.00533045716519605
AT2G36300	-0.00533015240940975
AT2G31955	-0.00533002583097064
AT1G65450	-0.00533000951764218
AT4G08280	-0.00532995211747072
AT2G46495	-0.00532954123911284
AT3G57530	-0.00532903956246397
AT4G15730	-0.0053286359392286
AT5G56530	-0.00532803109932412
AT3G52560	-0.00532760725579237
AT1G02160	-0.00532738315606097
AT3G29400	-0.00532731766779649
AT2G42240	-0.0053270499946208
AT3G07950	-0.00532680281799193
AT1G04980	-0.0053261455461668
AT5G17190	-0.00532609383842947
AT3G23870	-0.0053256665869692
AT2G36110	-0.00532562164155733
AT1G21010	-0.00532557203720576
AT5G13400	-0.00532533054869882
AT4G23130	-0.00532493650878801
AT5G07010	-0.0053249076270662
AT1G24150	-0.00532483130356667
AT4G01280	-0.00532462663703773
AT3G26890	-0.00532418043588164
AT1G76250	-0.00532388140156149
AT5G22440	-0.00532377504454069
AT3G62660	-0.00532354416937155
AT3G07640	-0.00532325731759557
AT2G20900	-0.00532226176354686
AT1G32310	-0.00532221984314015
AT5G55960	-0.0053221285506019
AT5G07370	-0.00532199830569443
AT2G33310	-0.00532182093858262
AT5G51850	-0.00532152838753985
AT3G19520	-0.00532063306067337
AT4G17550	-0.00531964171974351
AT3G60040	-0.00531945241598185
AT1G79630	-0.00531920726847207
AT4G35980	-0.00531910183135936
AT1G49160	-0.00531900650102199
AT5G04190	-0.00531885290725004
AT1G73770	-0.00531875927579421
AT2G14920	-0.00531867524295012
AT3G63450	-0.00531849435690533
AT4G16860	-0.00531784596239677
AT5G38700	-0.00531672274040161
AT3G29760	-0.00531656426985845
AT5G43450	-0.00531529202700673
AT5G65900	-0.00531489635103516
AT4G28400	-0.00531483180932461
AT5G45110	-0.00531334966184991
AT4G27650	-0.00531315751658008
AT3G56100	-0.00531269390352843
AT1G74010	-0.00531266860264521
AT5G53940	-0.0053117081106077
AT5G40530	-0.0053114068760757
AT3G18800	-0.00531134167537285
AT1G50040	-0.0053113236384252
AT1G05300	-0.00531118634199144
AT2G35760	-0.00531095318079108
AT1G35160	-0.00531063412341515
AT1G75080	-0.00531035782663255
AT3G01310	-0.00531029707298565
AT5G39600	-0.00530978017257291
AT5G51930	-0.0053097321346812
AT1G09155	-0.00530945391893549
AT1G10830	-0.00530901079624503
AT3G54930	-0.00530863247773026
AT1G71360	-0.00530848555189782
AT2G25000	-0.00530659285412077
AT5G54750	-0.00530610142875483
AT4G19440	-0.00530597553424286
AT3G53470	-0.00530595333481703
AT1G48380	-0.00530389181625549
AT5G51670	-0.00530329990432128
AT2G25740	-0.00530321582904098
AT4G20780	-0.00530308076448599
AT1G44770	-0.00530173713496006
AT2G18770	-0.00530167230575474
AT2G24270	-0.00530143752119656
AT1G72330	-0.0053014097575611
AT1G77530	-0.00530084042502738
AT1G10210	-0.00530082303534941
AT3G48720	-0.00530028487692557
AT5G42970	-0.00530003073208727
AT3G03090	-0.00529992445423883
AT2G27710	-0.00529906921858458
AT2G17140	-0.00529836436528632
AT1G76520	-0.00529788040487259
AT5G38990	-0.00529762800911879
AT3G02900	-0.00529694867666244
AT4G16710	-0.00529660392953551
AT5G62575	-0.00529630683507538
AT5G59950	-0.00529624665979573
AT1G10430	-0.00529557363165593
AT2G18000	-0.00529493931350743
AT1G17270	-0.00529447947096921
AT1G11940	-0.00529446015725285
AT5G41290	-0.00529360351900227
AT1G22270	-0.00529357127097619
AT4G01680	-0.00529323936432415
AT5G42040	-0.00529265712419308
AT2G38330	-0.00529265518599865
AT1G30270	-0.00529240718062403
AT1G27910	-0.0052920719856469
AT5G09300	-0.00529197272907526
AT4G13630	-0.00529167674815706
AT2G45180	-0.00529129241258072
AT3G18510	-0.00529078891644028
AT2G39900	-0.00529044535461319
AT1G61410	-0.00529031873469394
AT3G55050	-0.00529027730176391
AT1G25260	-0.00528984751286083
AT5G01100	-0.00528922487575701
AT1G21910	-0.00528744898922849
AT2G11910	-0.00528730959971793
AT1G66520	-0.00528672574848161
AT5G14710	-0.00528652340388032
AT1G03457	-0.00528641197632823
AT4G15330	-0.0052860849072114
AT1G54150	-0.00528584296368998
AT2G47780	-0.00528508731633915
AT3G48250	-0.0052850054052922
AT5G20910	-0.00528497227119154
AT3G45290	0.00528495490935771
AT4G39210	-0.00528412906611354
AT5G46180	-0.00528371688624724
AT5G60210	-0.00528343071228022
AT3G57360	-0.00528336304301998
AT2G46490	-0.00528329720818673
AT5G25110	-0.00528304097742031
AT1G34000	-0.0052830351731175
AT4G39010	-0.00528301361851205
AT3G09800	-0.00528297526130105
AT1G65150	-0.00528270618607889
AT1G59940	-0.00528244451406465
AT1G53000	-0.0052822733858626
AT5G02160	-0.00528219358517731
AT5G66640	-0.00528167637413703
AT1G22660	-0.00528165190989484
AT2G33370	-0.00528121149161104
AT2G39450	-0.00528117122825379
AT3G26380	-0.00528093736824459
AT3G15010	-0.00528081193598361
AT2G41130	-0.00528073515608303
AT5G50900	-0.00528061449033578
AT1G78150	-0.0052802879785235
AT5G44910	-0.00527988404223243
AT2G35810	-0.00527962247495142
AT2G17480	-0.00527868347726991
AT4G04614	-0.00527837021166336
AT3G61540	-0.00527816909463076
AT3G53740	-0.00527809154263406
AT3G18050	-0.00527782288574147
AT2G21630	-0.00527744195303643
AT4G16990	-0.00527713133613679
AT3G52790	-0.00527712933129846
AT4G19160	-0.00527692049280629
AT5G24270	-0.00527608068700719
AT5G37400	-0.0052757990227279
AT2G27530	-0.0052745003206308
AT1G64990	-0.00527381066101583
AT1G06980	-0.00527338924715644
AT1G76065	-0.00527321841875337
AT4G26965	-0.00527294783991016
AT4G17740	-0.00527292430635884
AT4G31050	-0.00527146140550821
AT2G29990	-0.0052714357741458
AT5G10900	-0.0052708549654642
AT5G58970	-0.00527074042678673
AT3G14550	-0.00527020408058003
AT2G36780	-0.0052699759111804
AT1G32400	-0.00526916958153828
AT2G25310	-0.0052689520685334
AT1G07745	-0.00526846498908324
AT2G41290	-0.0052676142827077
AT1G25290	-0.00526757259700398
AT5G44572	-0.00526694462599705
AT2G38630	-0.00526633022920312
AT3G04181	-0.00526555890570085
AT5G63160	-0.00526501025916037
AT5G01250	-0.00526463241152436
AT4G27100	-0.00526427313323559
AT1G28710	-0.00526403343581788
AT5G13830	-0.00526400694817101
AT1G77890	-0.00526374756272157
AT5G19060	-0.0052635021826094
AT3G61350	-0.00526342025478976
AT5G61880	-0.00526313383420922
AT5G20920	-0.00526309136967386
AT3G46020	-0.00526272218558773
AT3G45980	-0.00526242423070797
AT1G53400	-0.00526185415069446
AT3G26470	-0.00526137091161627
AT5G58003	-0.00526120603648348
AT1G01060	-0.00526091254687721
AT3G08630	-0.0052600290576278
AT2G39100	-0.00526000118827068
AT4G32050	-0.00525962994317904
AT5G28900	-0.00525948522868344
AT5G53280	-0.00525923602083288
AT1G77440	-0.00525871227444515
AT2G42640	-0.00525862738709559
AT4G34460	-0.00525841792943524
AT1G15400	-0.00525803485644777
AT5G05930	-0.00525792921080007
AT4G15260	-0.00525760027038279
AT5G14780	-0.00525719579575155
AT4G36640	-0.00525695762340778
AT2G18620	-0.00525677329824935
AT1G25480	-0.00525655585966842
AT4G26610	-0.00525605666340791
AT5G63140	-0.00525584890377907
AT5G02960	-0.00525575529217073
AT2G20400	-0.00525545182792246
AT1G68480	-0.00525523172629704
AT4G03540	-0.00525517981862775
AT5G11420	-0.00525496106657646
AT3G59490	-0.00525397320722687
AT1G63050	-0.00525309495487092
AT3G16410	-0.00525304309752158
AT5G06930	-0.00525285462246002
AT4G04955	-0.00525229122174942
AT1G11915	-0.00525226996222844
AT3G26300	-0.00525214041492216
AT2G41000	-0.00525120314277007
AT1G02840	-0.00525107045355613
AT2G31530	-0.00525064300393817
AT5G57785	-0.00525063629080203
AT5G27700	-0.00525028890746826
AT1G69480	-0.00525023763233757
AT3G04400	-0.00525016351350905
AT1G18340	-0.00525011828212481
AT5G65685	-0.0052488397786459
AT1G05840	-0.00524864195565611
AT5G63410	-0.00524802237025396
AT5G08415	-0.00524796060064401
AT1G62800	-0.00524763086496036
AT3G08010	-0.00524743452728063
AT5G48900	-0.00524693949449412
AT1G75670	-0.00524680689793249
AT1G72150	-0.00524662212252113
AT3G55380	-0.00524625985780372
AT1G72470	-0.00524564841837709
AT1G52280	-0.00524535937512532
AT3G22260	-0.00524525161578619
AT3G15357	-0.00524474862976569
AT2G37150	-0.00524465483567694
AT5G25480	-0.00524382102884606
AT1G11545	-0.00524297336732447
AT1G02190	-0.00524289642762852
AT5G44250	-0.00524257733410859
AT1G09710	-0.00524230969842749
AT5G52580	-0.00524220043251922
AT5G21950	-0.00524203886857298
AT4G32290	-0.00524165702499731
AT1G43980	-0.00524134579055837
AT2G40860	-0.00524023973908761
AT3G53240	-0.00523995479327375
AT1G65980	-0.00523952707432772
AT5G04840	-0.00523928843257214
AT3G29270	-0.00523901460132448
AT1G78070	-0.0052389740242636
AT1G48635	-0.00523894687988731
AT2G23470	-0.00523839084424189
AT3G52050	-0.00523800804624183
AT5G58580	-0.00523797878182503
AT2G16385	-0.00523769299608153
AT5G48590	-0.00523725003839454
AT3G26030	-0.00523670499026028
AT3G16890	-0.00523564527924821
AT2G29900	-0.00523541095058215
AT5G59740	-0.00523526199955322
AT3G52748	-0.00523453226341405
AT2G01400	-0.005234171836004
AT5G66880	-0.00523393013951438
AT4G31790	-0.0052338698811241
AT3G12600	-0.00523384169098943
AT5G11330	-0.00523362965440242
AT1G54217	-0.00523343119695253
AT2G17370	-0.00523337307383421
AT2G34260	-0.00523332200747245
AT4G34150	-0.00523309257696067
AT1G35620	-0.00523308781541338
AT5G58120	-0.00523291230432091
AT3G61180	-0.00523288847404309
AT3G61150	-0.0052323637928004
AT4G17360	-0.00523234792566334
AT1G43580	-0.00523218059654002
AT4G09770	-0.0052316208443382
AT4G04470	-0.00523160985245021
AT5G05640	-0.00523153542470719
AT2G39390	-0.00523082008946714
AT1G62760	-0.00523067408573156
AT3G53990	-0.00523053979309216
AT4G15540	-0.00523032552363695
AT1G76405	-0.00522956292615972
AT3G47833	-0.00522875515183087
AT3G16870	-0.00522656287259075
AT2G16510	-0.00522638314456674
AT2G20710	-0.00522635541111519
AT2G04940	-0.00522584738135478
AT2G26670	-0.00522579973126074
AT2G23940	-0.00522516523754229
AT5G08535	-0.00522506745251465
AT5G42770	-0.00522483837751443
AT4G20310	-0.00522451660675413
AT1G32230	-0.00522403626138024
AT1G77490	-0.00522328794833042
AT5G39020	-0.00522233911548341
AT3G22230	-0.00522228410134294
AT2G24530	-0.0052222289487031
AT4G14230	-0.00522219701363899
AT5G44020	-0.0052219693140584
AT4G39530	-0.00522159761018706
AT1G02100	-0.00522021711794208
AT5G56900	-0.00522006444191708
AT4G17170	-0.00521994105858194
AT4G23710	-0.00521916992604202
AT5G17240	-0.00521890288788366
AT3G10760	-0.00521884326182232
AT4G01130	-0.00521851421094122
AT1G62320	-0.0052180358759553
AT1G36050	-0.00521729727548617
AT5G64260	-0.0052171942640504
AT3G50930	-0.00521678918689184
AT5G42000	-0.0052162028163739
AT5G53530	-0.00521620238005475
AT5G19950	-0.00521591857688469
AT3G05675	-0.00521591811126407
AT1G53110	-0.00521568467937643
AT1G18170	-0.00521545232211162
AT3G09730	-0.00521542614006917
AT2G43990	-0.00521518628061825
AT2G35990	-0.00521506561220842
AT1G03730	-0.0052146751053749
AT5G24660	-0.00521457379225197
AT5G25500	-0.00521410816142203
AT3G61980	-0.00521403609402807
AT2G26270	-0.005213717309948
AT4G18430	-0.00521330246853953
AT2G30370	-0.0052130284546511
AT1G16690	-0.00521268682214717
AT5G38900	-0.00521254175928848
AT2G45720	-0.00521222245377805
AT3G12730	-0.00521139426487259
AT4G35905	-0.00521123073137551
AT4G02130	-0.0052101623970774
AT1G57765	-0.00521006070619833
AT3G25220	-0.00520989274716681
AT1G10990	-0.0052098716405679
AT5G05000	-0.0052098396828844
AT1G19120	-0.00520953032476809
AT1G15920	-0.00520947678787987
AT3G11260	-0.0052079957838992
AT1G24090	-0.00520777346346983
AT3G06170	-0.0052076643875558
AT1G67590	-0.00520736025229822
AT5G19151	-0.00520671627190716
AT2G34920	-0.00520618350085505
AT1G35530	-0.00520581233268582
AT3G58760	-0.00520543356484986
AT5G08380	-0.00520538121969569
AT4G28190	-0.00520428281617606
AT4G03500	-0.00520368070679542
AT3G52210	-0.00520328291092345
AT2G14880	-0.00520309595818507
AT5G16715	-0.00520284564011133
AT1G77320	-0.00520280548488846
AT5G22550	-0.00520276138651046
AT1G23150	-0.00520265936372648
AT4G14910	-0.00520181211186251
AT3G57780	-0.00520136310136053
AT5G50990	-0.0052013441448537
AT5G22620	-0.00520124109033146
AT4G32660	-0.00520109051641094
AT5G40240	-0.00520094243748188
AT3G03670	-0.0052007886317745
AT5G65205	-0.0052000165909608
AT1G65260	-0.00519992570690122
AT5G09830	-0.00519989235502377
AT4G28940	-0.005199753543629
AT4G32460	-0.00519956350028529
AT4G03400	-0.00519925115863758
AT2G37540	-0.00519907420785057
AT5G18360	-0.00519898751401566
AT3G60410	-0.00519861603750936
AT5G66005	-0.00519830959689416
AT1G63380	-0.0051980076231284
AT4G14740	-0.00519780554850774
AT4G13540	-0.00519746225917055
AT2G27960	-0.00519664797876696
AT1G80210	-0.00519640239424312
AT3G52680	-0.00519622153896461
AT4G32140	-0.00519597060701051
AT2G01880	-0.00519560544709981
AT3G52040	-0.00519555433829952
AT5G04120	0.00519419695017937
AT4G09900	-0.0051934001642595
AT4G01770	-0.00519261828796693
AT5G41880	-0.00519201713347128
AT4G22900	-0.00519198222001707
AT5G05110	-0.00519177308219226
AT3G56440	-0.00519154136559121
AT5G64770	-0.00519111691038315
AT5G44060	-0.00519098604447627
AT3G62920	-0.00519064274081047
AT4G22745	-0.00519036763725912
AT1G06360	-0.005189768385022
AT2G16570	-0.00518969516772994
AT5G66930	-0.00518912943753758
AT3G53510	-0.00518870788853806
FBti0019193	-0.00518787879814895
AT5G52882	-0.0051873695541939
AT3G55690	-0.00518721786215574
AT1G51700	-0.00518688945781859
AT2G29020	-0.00518609696345111
AT4G16840	-0.00518605038917819
AT4G17510	-0.00518582021353791
AT2G32020	-0.00518558307604672
AT5G17250	-0.00518547292639047
AT5G14240	-0.0051854676467067
AT4G26670	-0.00518477175239016
AT5G24670	-0.00518393249180166
AT5G57790	-0.00518383935536211
AT3G15220	-0.00518379716270757
AT1G55520	-0.00518379105405801
ATMG00060	0.00518371599440854
AT5G65710	-0.00518364586931621
AT3G50630	-0.00518338513926973
AT2G01220	-0.00518329740787321
AT3G53210	-0.00518294680073395
AT4G33120	-0.00518289420490064
AT1G03070	-0.00518277938724649
AT1G03430	-0.00518260518174834
AT4G02000	-0.00518200910887629
AT5G07890	-0.00518178312879671
AT4G19200	-0.00518176587644986
AT3G21610	-0.00518052784784262
AT4G12840	-0.00517998529736568
AT3G13062	-0.00517991853261805
AT3G57910	-0.00517989567893948
AT1G59865	-0.00517914155876018
AT2G26700	-0.00517885725013506
AT4G10350	-0.00517846174353903
AT5G56120	-0.00517833759025498
AT3G07600	-0.00517751627405309
AT1G02310	-0.00517686857161074
AT5G60590	-0.00517675603744451
AT1G80730	-0.00517673924664716
AT3G57170	-0.00517635738138738
AT3G55640	-0.00517555740049624
AT5G64810	-0.00517552046377266
AT3G25440	-0.00517551550736101
AT3G20070	-0.00517548508569945
AT1G77138	-0.00517461091591625
AT2G37450	-0.00517453034916661
AT1G25320	-0.00517412604663738
AT3G01050	-0.00517388823604069
AT1G24170	-0.00517367990621802
AT4G11220	-0.0051734340636781
AT5G62380	-0.00517264224109466
AT4G26530	-0.0051725049003531
AT3G01900	-0.00517236442861402
AT1G08000	-0.00517193765146782
AT1G65310	-0.00517190581699266
AT5G22660	-0.00517184257370782
AT1G67190	-0.00517048391343473
AT3G08505	-0.00516974522637719
AT4G19990	-0.00516828265454753
AT1G23460	-0.00516798436161006
AT5G01570	-0.00516786654671055
AT3G61970	-0.00516785110484852
AT1G17450	-0.00516747877632176
AT5G46510	-0.00516524169122739
AT1G64890	-0.00516509846561124
AT2G22430	-0.00516428620333119
AT4G10360	-0.00516394212155666
AT5G07660	-0.00516334405228227
AT3G26180	-0.00516309532258633
AT4G19350	-0.00516309461949928
AT4G34930	-0.00516299838880108
AT3G62890	-0.00516296863950454
AT2G27340	-0.00516276539772884
AT2G28310	-0.00516265167489949
AT3G10500	-0.0051626291712563
AT2G03980	-0.00516204004150191
AT2G34080	-0.00516187487779546
AT3G11430	-0.00516133043498255
AT5G59840	-0.005161277157577
AT3G18910	-0.00516124052422974
AT4G21105	-0.00516101840294208
AT3G26980	-0.00516017878252031
AT3G22950	-0.00515945916170143
AT2G30933	-0.00515891581672926
AT4G34070	-0.00515880291010424
AT1G57790	-0.00515857531479139
AT2G21070	-0.00515852209392814
AT5G49730	-0.0051582334133226
AT1G78110	-0.00515805154442742
AT5G23290	-0.00515773085769544
AT1G78995	-0.00515749784415264
AT1G22280	-0.0051573956343176
AT1G51480	-0.0051564574198744
AT3G13450	-0.00515577201015969
AT3G12200	-0.0051548659053381
AT1G70560	-0.00515460912368206
AT3G49070	-0.00515455754872417
AT1G74170	-0.00515455731042486
FBti0019148	0.00515454818682298
AT5G19970	-0.00515438656727525
AT2G37678	-0.00515437195697906
AT3G44770	-0.00515345456690168
AT5G38280	-0.00515270788293683
AT3G06780	-0.00515245934943607
ATCG00750	-0.00515179856960089
AT2G26860	-0.00515175598409702
AT5G07280	-0.0051515141211972
AT3G49910	-0.00515042021528208
AT1G63090	-0.00515040780138826
AT1G30545	-0.00514963187800024
AT2G20650	-0.00514958347709869
AT2G05330	-0.00514897590102769
AT5G22700	-0.00514853218398613
AT3G14260	-0.0051484533016596
AT4G17250	-0.00514790711303065
AT1G75240	-0.0051477554703423
AT2G30440	-0.00514762538166295
AT4G28025	-0.00514730456792768
AT5G63120	-0.00514706251974603
AT3G52460	-0.00514630041446322
AT2G04305	-0.00514612393030885
AT1G79020	-0.00514543440540033
AT3G48330	-0.00514508688436702
AT2G34340	-0.00514455354608004
AT5G18220	-0.00514451710728077
AT3G26580	-0.00514446013949924
AT1G50930	-0.00514423066765782
AT5G49450	-0.0051442097921355
AT1G05970	-0.00514400893977272
AT3G49320	-0.00514275106414354
AT5G53310	-0.00514260627600265
AT1G79740	-0.00514235502536274
AT5G51180	-0.00514199731601377
AT3G61160	-0.00514132817755019
AT1G48830	-0.00514129088018669
AT2G37710	-0.00514123987315518
AT3G59000	-0.00514072649759852
AT5G50340	-0.00514062049386782
AT4G34419	-0.00514047809116113
AT5G14550	-0.00513993896046172
AT1G73066	-0.00513954580657643
AT1G60270	-0.00513913779908563
AT2G47400	-0.00513900391724009
AT3G27210	-0.00513888716192557
AT2G40113	-0.00513807041801827
AT1G05220	-0.00513786617298667
AT3G06380	-0.00513782225447408
AT1G48040	-0.00513640958206579
AT3G04485	-0.00513595097437793
AT1G31550	-0.00513434275730737
AT3G60700	-0.00513362217331352
AT5G37290	-0.00513340769748005
AT2G45490	-0.00513321375111519
AT3G03650	-0.00513290252117326
AT3G13720	-0.0051321193703023
AT5G23590	-0.00513199133478165
AT2G45550	0.00513117046555862
AT5G22280	-0.00513090882358582
AT2G12550	-0.00513037849096965
AT1G17790	-0.00513031846350393
AT2G01900	-0.00513017074095416
AT1G29250	-0.00512986470191654
AT3G15650	-0.00512985050702855
AT4G29360	-0.00512983870516065
AT5G35410	-0.00512976046561822
AT1G23880	-0.00512964869763915
AT2G41100	-0.00512895367472187
AT5G36290	-0.00512871940975891
AT1G50000	-0.0051287063334271
AT2G33255	-0.00512846449957191
AT2G38210	-0.00512807720794818
AT5G18900	-0.00512799324422673
AT1G02270	-0.00512778994628951
AT1G64750	-0.0051276632640809
AT2G34720	-0.00512737485551317
AT4G17910	-0.00512732418139499
AT3G13570	-0.00512717728715267
AT5G40810	-0.0051269690774657
AT2G43130	-0.00512590536309652
AT4G29890	-0.00512498165756044
AT4G19870	-0.00512463613100577
AT5G64040	-0.00512443276623562
AT2G26360	-0.00512429868367078
AT4G25180	-0.00512387842538314
AT1G77670	-0.0051231625307682
AT1G06460	-0.00512290312605122
AT4G31410	-0.00512261867350126
AT3G07500	-0.00512240921263965
AT3G48800	-0.0051208524475619
AT3G23630	-0.00512082728852518
AT2G31290	-0.00511981155620383
AT3G28970	-0.0051196377573007
AT1G66930	-0.00511945705602314
AT5G62840	-0.00511877991380521
AT2G27000	-0.00511864195792888
AT5G02670	-0.00511841539702946
AT5G22920	-0.00511807898240681
AT4G02360	-0.00511760972059256
AT5G24630	-0.0051175225423875
AT1G29710	-0.00511743758368539
AT3G46460	-0.00511699783726719
AT5G65960	-0.00511699296732154
AT5G38290	-0.0051167854101179
AT3G21710	-0.00511634821172679
AT3G12170	-0.00511605700029125
AT3G08510	-0.00511577693594569
AT1G07920	-0.00511510775029459
AT1G26208	-0.00511452999856086
AT1G79860	-0.00511431563572261
AT1G73410	-0.00511427703527497
AT5G66900	-0.00511394021682316
AT1G76700	-0.00511335204417405
AT4G39400	-0.00511323706404787
AT5G17620	-0.00511254793015583
AT3G15750	-0.00511195191693506
AT4G25160	-0.00511170872247067
AT3G12670	-0.00511163518708376
AT1G21760	-0.00511148800451793
AT5G35930	-0.00511139261802394
AT3G45260	-0.00511124501490527
AT4G32120	-0.0051107927292078
AT1G42470	-0.00510880798747269
AT4G15630	-0.00510811233777668
AT5G47450	-0.0051068830793037
AT4G31405	-0.0051065545207105
AT5G61990	-0.0051064925517282
AT1G56423	-0.00510610731530898
AT1G19270	-0.00510588235861332
AT5G05310	-0.00510525822307963
AT3G21740	-0.00510505279156153
AT3G61010	-0.00510472690036644
AT3G47940	-0.0051029554129892
AT2G47130	-0.00510292373063058
AT4G32300	-0.00510292102616655
AT4G23990	-0.00510273824605659
AT5G43760	-0.00510191754971847
AT4G31870	-0.00510176596864785
AT4G24990	-0.0051000869365451
AT3G26840	-0.00509962704841222
AT1G26810	-0.00509947481891225
AT4G21903	-0.00509931082311827
AT3G59390	-0.00509889684464857
AT1G73655	-0.0050988420066398
AT1G64150	-0.00509829727039181
AT5G52650	-0.0050978240938219
AT2G43190	-0.00509764435857779
AT5G45660	-0.00509763118748432
AT3G50070	-0.00509746327969428
AT1G31010	-0.00509727514952266
AT4G26840	-0.00509698639249424
AT1G20090	-0.00509646632438357
AT5G48850	-0.00509402362059806
AT1G10590	-0.00509380311567835
AT5G22120	-0.00509378197389405
AT4G36648	-0.00509377562367247
AT2G18440	-0.00509372958576367
AT2G31190	-0.00509328656139888
AT2G46430	-0.00509324482688925
AT5G50820	-0.00509322832308225
AT3G45740	-0.00509319094852314
AT1G09645	-0.00509316143468614
AT5G28300	-0.00509269460572111
AT2G29590	-0.00509258273188491
AT5G07830	-0.0050922350198941
AT3G54140	-0.00509098315068935
AT5G41410	-0.00509090357040285
AT3G44620	-0.00509036490085644
AT1G56720	-0.0050900717483102
AT3G03350	-0.00509006191962189
AT3G08760	-0.0050899956742564
AT1G47655	-0.00508950827887024
AT4G23890	-0.00508940988140085
AT1G52790	-0.00508822028228494
AT5G22020	-0.00508736429534115
AT5G38860	-0.00508672595004956
AT5G25450	-0.00508657389270858
AT2G01760	-0.00508653496890829
AT3G43810	-0.00508445936835146
AT4G30370	-0.00508443342325976
AT1G34670	-0.00508353058099868
AT1G60440	-0.00508318413739244
AT1G66650	0.0050830983887145
AT5G52820	-0.00508260344449088
AT4G28890	-0.00508202505317439
AT1G31258	-0.00508190828254112
AT1G27670	-0.00508187170631032
AT3G61740	-0.00508176715490311
AT3G57790	-0.00508145270843306
AT1G47271	-0.00508133699911279
AT1G68220	-0.00508120925696685
AT2G11890	-0.00508019707593194
AT3G21280	-0.00508004210319356
AT2G32070	-0.0050798677172125
AT1G16916	-0.00507979489530164
AT5G37820	-0.00507932330723314
AT3G46830	-0.00507925741227921
AT2G01020	0.00507866366974904
AT1G17060	-0.00507861548103492
AT2G36680	-0.00507745510028568
AT5G48830	-0.00507725083543713
AT2G13100	-0.00507554826560681
AT2G33510	-0.00507507760027835
AT2G13650	-0.0050749105020271
AT3G46630	-0.00507446198022619
AT1G27980	-0.00507395407796897
AT5G08310	-0.00507278493658221
AT2G25625	-0.00507272303209103
AT2G40820	-0.00507198672847732
AT1G60790	-0.00507148707307011
AT1G66090	0.00507110871773627
AT2G16380	-0.00506977759184474
AT1G75000	-0.00506958272941426
AT5G38550	-0.00506954962772253
AT1G03610	-0.00506954403420705
AT4G17040	-0.00506872669524683
AT1G14870	-0.00506869017629691
AT2G25160	-0.00506847670485546
AT5G55810	-0.00506840711920557
AT5G20410	-0.00506705087846004
AT5G08360	-0.00506619960853912
AT5G15760	-0.00506619769504733
AT3G57800	-0.00506609516887721
AT1G70740	-0.00506546917260739
AT5G14020	-0.00506508037145535
AT5G63650	-0.00506457280009173
AT1G11460	-0.00506433189030961
AT1G75360	-0.00506329325417365
AT5G66390	-0.00506230237407662
AT3G08490	-0.0050618991448996
AT2G27430	-0.00506152688471108
AT2G40340	-0.00506058146719357
AT4G12070	-0.00506044269382126
AT4G26410	-0.00506013209098686
AT5G39000	-0.00505972352236147
AT2G42365	-0.00505959016718032
AT3G21580	-0.00505885239057761
AT1G50910	-0.00505870730815562
AT5G07910	-0.00505834777472657
AT1G22065	-0.00505782419369916
AT4G12560	-0.00505781077714617
AT1G51550	-0.00505671038161714
AT3G48860	-0.0050564782947021
AT3G11510	-0.0050559595223401
AT1G10460	-0.00505534651788744
AT5G02580	-0.00505490914074719
AT4G01460	-0.00505461021387111
AT2G34925	-0.00505450155842844
AT1G53670	-0.00505434656009264
AT5G21222	-0.0050539728358495
AT2G14680	-0.00505391411072542
AT4G38650	-0.00505387199671734
AT1G20570	-0.00505349373818931
AT5G59680	-0.00505185413437824
AT1G19660	-0.00505136305895391
AT5G52210	-0.00505019497707717
AT3G21620	-0.00504982721024351
AT1G52540	-0.00504923047034689
AT4G06598	-0.0050473357760509
AT2G37560	-0.00504724489638531
AT3G02560	-0.00504720622924288
AT1G08460	-0.00504639134719793
AT2G30580	-0.00504631633078386
AT5G40090	-0.00504582839245694
AT1G16420	-0.0050455855932177
AT5G28850	-0.00504456494211647
AT4G04960	-0.00504426852946335
AT3G12970	-0.00504403408497814
AT1G21100	-0.00504307896924522
AT5G46710	-0.00504284606988362
AT5G48335	-0.00504281399908401
AT2G45980	-0.00504273694233656
ATCG00020	0.00504130369776294
AT4G02540	-0.00504101206456609
AT5G08185	-0.00504074374099458
AT3G54970	-0.00504054277408365
AT2G14775	-0.00504035904846923
AT4G25210	-0.0050398896659569
AT4G22280	-0.00503987667819297
AT2G22420	-0.00503966187606483
AT1G79900	-0.00503868232728283
AT3G61860	-0.00503862689333803
AT1G67410	-0.00503811081946389
AT4G12760	-0.00503793258294702
AT2G43400	-0.00503747725039086
AT5G08330	-0.00503741846177445
AT2G39120	-0.0050373677660995
AT5G04360	-0.00503731821920248
AT1G63830	-0.00503694880322427
AT4G15475	-0.0050369015345192
AT5G17060	-0.00503598489654618
AT5G47330	-0.00503472239427607
AT2G26970	-0.00503433904335888
AT2G34530	-0.00503389981916674
AT1G18640	-0.00503360627965353
AT1G67970	-0.00503287000834347
AT5G01180	-0.00503277270873429
AT3G44590	-0.0050326713028785
AT1G78430	-0.00503185193600101
AT1G42960	-0.00503112047264427
AT5G20130	-0.00503060880892697
AT4G22950	0.00503040892430292
AT4G16570	-0.00502830495619995
AT2G01490	-0.00502802267140865
AT5G23810	-0.00502752056998366
AT1G51340	-0.00502694094335775
AT1G76810	-0.0050268569143222
AT3G09035	-0.00502622125060645
AT3G44510	-0.00502621923426412
AT3G57760	-0.00502572545985309
AT1G59725	-0.00502557855729052
AT3G60360	-0.00502543244328938
AT4G39100	-0.00502484618090284
AT1G69390	-0.00502471631790938
AT4G27350	-0.00502370906120162
ATCG00040	0.00502358814474529
AT2G42210	-0.00502262946355051
AT4G10970	-0.00502254447832535
AT5G20030	-0.00502207131645925
AT5G16010	-0.00502199983100232
AT3G49250	-0.00502177654870196
AT1G18060	-0.00502165916585143
AT1G22170	-0.00502135605397613
AT1G49850	-0.00502097159931486
AT1G08650	-0.0050208852315446
AT2G17550	-0.00501730992107046
AT1G51950	-0.00501721919373069
AT3G54690	-0.00501498720992868
AT3G56260	-0.00501385428598715
AT5G44410	-0.00501361752977992
AT4G36830	-0.00501349067445331
AT4G31408	-0.00501298920542556
AT2G17442	-0.00501276242518131
AT5G06740	-0.00501239250897846
AT2G45740	-0.00501220951569361
AT3G23930	-0.00501174624059219
AT1G58280	-0.00501086304783404
AT1G10920	-0.00501069570922225
AT5G65730	-0.00501054280577517
AT5G54300	-0.00500967648118456
AT1G16930	-0.00500952991467819
AT5G06200	-0.00500946809252873
AT5G49820	-0.00500946242875437
AT3G61550	-0.00500810425450686
AT4G15396	0.00500804554254248
AT1G13580	-0.00500709691652059
AT2G46030	-0.00500691785133674
AT5G14730	-0.00500681952344253
AT3G11120	-0.0050066926721077
AT1G69935	-0.00500656930039317
AT2G31751	-0.00500652647871504
AT4G17760	-0.00500578098052282
AT4G15670	-0.00500556139079584
AT1G07870	-0.00500492894999992
AT1G79050	-0.00500481235673846
AT4G04835	-0.00500438255384301
AT4G32430	-0.00500391115434804
AT1G80720	-0.00500389882128942
AT5G37340	-0.00500374413209276
AT5G52660	-0.00500301356904703
AT2G19830	-0.00500218223548519
AT3G12340	-0.00500190621753807
AT5G43920	-0.0050018996181419
AT5G62980	-0.00500118811194677
AT4G37022	-0.00499993728127311
AT4G12060	-0.00499979931178349
AT4G07365	-0.00499943270640665
AT1G19010	-0.00499907415090683
AT2G26975	-0.00499845211449035
AT5G17440	-0.00499820239195799
AT2G39805	-0.00499799101972268
AT3G01295	-0.00499690396803539
AT1G33090	-0.00499635017402289
AT3G23330	-0.00499615676044989
AT3G08840	-0.00499541162224514
AT1G66410	-0.00499488674743713
AT4G16900	-0.00499481717004927
AT5G44550	-0.0049940869998312
AT5G06620	-0.00499390838923058
AT4G12510	-0.00499349169693615
AT2G45600	-0.00499334399892511
AT2G37390	-0.00499295957826721
AT3G12587	-0.00499277859881058
AT1G56440	-0.0049924648255004
AT5G11460	-0.00499237953885978
AT1G62250	-0.00499234434608114
AT2G45920	-0.004992321637129
AT4G15563	-0.00499219931752279
AT4G37590	-0.00499132787674764
AT2G43900	-0.00499085818844864
AT3G47690	-0.00498964844852087
AT2G25080	-0.00498949538027678
AT3G27025	0.00498909764106808
AT5G47840	-0.00498893877863411
AT1G79320	-0.00498848944450718
AT4G24920	-0.00498796120136504
AT3G13275	-0.00498736230762457
AT1G14640	-0.00498721268793716
AT5G56200	-0.00498630004739172
AT1G20480	-0.00498380360354443
AT1G62870	-0.00498336723654131
AT3G55080	-0.00498319559554183
AT4G20830	-0.00498285556776513
AT3G55330	-0.00498162566649456
AT1G77480	-0.00498136560986571
AT2G23050	-0.00498107524440432
AT1G66180	-0.00498101098024552
AT3G55850	-0.00497979431070068
AT2G24350	-0.00497766117851887
AT1G04230	-0.00497748474095722
AT1G56300	-0.0049772127515321
AT3G62650	-0.0049769526671839
AT3G02240	-0.00497689784510513
AT5G62770	-0.00497654333236278
AT5G52780	-0.00497646631112649
AT5G20240	-0.00497592314905303
AT2G02880	-0.00497587783870812
AT1G68030	-0.00497544248597856
AT1G16370	-0.00497376581570034
AT3G28940	-0.00497317256438507
AT5G40700	-0.00497222826159901
AT3G19400	-0.00497222306339447
AT3G15040	-0.00497215015421602
AT4G22390	-0.00497212972682421
AT4G36930	-0.00497144557896233
AT4G30800	-0.00497098457408347
AT1G80890	-0.0049701403207202
AT3G18430	-0.0049690891042137
AT5G48730	-0.00496904689215264
AT1G65130	-0.0049683759311758
AT1G55310	-0.00496805420631368
AT2G41440	-0.00496793430051451
AT2G25850	-0.00496696344759277
AT3G52920	-0.00496687595758813
AT4G00330	-0.0049667140400279
AT5G18940	-0.00496597441653758
AT2G02910	-0.00496577437996288
AT5G59380	-0.00496574628619508
AT5G63700	-0.00496546621132101
AT2G41705	-0.00496511426237494
AT4G33260	-0.00496364866317819
AT3G51500	-0.00496317108616604
AT4G31250	-0.00496301827450674
AT2G48121	-0.00496253896825807
AT2G19920	-0.00496235275484756
AT4G39830	-0.00496233037317761
AT4G15880	-0.00496159273406439
AT5G51770	-0.00496107242172598
AT1G28480	-0.00496058132863719
AT4G18510	-0.00496053612837212
AT4G09920	-0.00496040261858468
AT5G06950	-0.00496033099684876
AT1G03410	0.00495915469973413
AT4G06634	-0.0049590177186025
AT1G14190	-0.00495897019368195
AT5G55900	-0.00495821060442637
AT5G53030	-0.00495775279037645
AT1G50700	-0.00495762920688082
AT5G28150	-0.00495752587626678
AT5G60190	-0.00495702765962653
AT3G47950	-0.00495701533179398
AT3G28690	-0.00495613113281961
AT2G12646	-0.00495594405954491
AT3G14595	-0.00495547719698887
ATCG01120	-0.00495526800395702
AT5G55250	-0.00495492585171653
AT5G16530	-0.00495468742423862
AT1G37130	-0.00495385663199859
AT3G08000	-0.00495375623548174
AT1G67050	-0.00495301636383196
AT5G45580	-0.00495298273170246
AT1G76970	-0.00495286868479691
AT4G12520	-0.0049528481261503
AT1G07770	-0.00495262523533055
AT2G23420	-0.00495261230559055
AT2G42070	-0.00495256705750772
AT4G11840	-0.00495142820201886
AT2G44745	-0.00495139410491629
AT5G26040	-0.00495123224370108
AT5G25970	-0.00495102345936695
AT1G13540	-0.00495100862680924
AT1G73440	-0.00495083405984935
AT5G58670	-0.00495059166984636
AT2G27580	-0.00495044252760086
AT1G22190	-0.00495037901614784
AT2G02360	-0.00495025770915745
AT5G49560	-0.00495020168842592
AT4G27280	0.00494964755229774
AT1G17640	-0.00494915631867746
AT5G16630	-0.00494888876344236
AT3G27960	-0.00494870290029226
AT4G00980	-0.00494802223244327
AT3G20890	-0.0049480075685573
AT4G31510	-0.00494758307778212
AT5G54030	-0.0049475547382248
AT2G31870	-0.00494745747142367
AT4G39560	-0.00494660835469544
AT1G48540	-0.00494642107323421
AT4G38050	-0.00494575065112787
AT3G26690	-0.00494541763344399
AT4G13030	-0.00494488223163424
ATCG00190	-0.00494434649601686
AT4G21850	-0.00494401463882578
AT2G03780	-0.00494390156946514
AT3G46210	-0.00494378241903405
ATCG00810	-0.00494324691813977
AT2G28970	-0.00494285336469458
AT1G29740	-0.00494131305129042
AT5G66052	-0.00494122761691
AT1G44100	-0.00494116532932026
AT2G46620	-0.00494112414428741
AT3G62400	-0.00494109778481524
AT3G58700	-0.00494054474725089
AT2G15430	-0.00493994452439934
AT3G46710	-0.00493925764083838
AT5G20110	-0.00493856218872536
AT3G60510	-0.00493817343613739
AT4G20170	-0.00493812316565476
AT2G32440	-0.00493752490478731
AT2G36740	-0.00493715162462131
AT3G52535	-0.004936342001018
AT2G47270	-0.00493573664790602
AT1G78960	-0.00493570271642114
AT3G06435	-0.00493548847858778
AT2G27389	-0.0049351658334821
AT2G21830	-0.00493513676357252
AT4G21520	-0.00493418030913353
AT3G56650	-0.00493367956520597
AT4G33480	-0.00493347787541237
AT4G13550	-0.00493276389981606
AT1G64760	-0.00493211322268874
AT3G18690	-0.00493115049780299
AT2G14260	-0.00493078835703998
AT1G31190	-0.00493023270387875
AT2G47810	-0.00492983755339963
AT4G28730	-0.00492939942160172
AT5G40880	-0.00492927331718357
AT5G02630	-0.00492900937090486
AT1G14520	-0.00492867437694464
AT1G17520	-0.00492859124795447
AT1G15380	-0.00492793543493275
AT1G24030	-0.00492782291079736
AT4G33580	-0.00492747046827888
AT4G36980	-0.00492708626975718
AT5G45220	-0.00492595032809881
AT3G47160	-0.00492591842185075
AT4G32272	-0.00492413357192823
AT5G22210	-0.00492342292825103
AT2G01910	-0.00492298585891179
AT3G56860	-0.00492271722086029
AT3G13480	-0.00492256717347968
AT4G29030	-0.00492237492792271
AT4G22980	-0.00492227202683611
AT1G79880	-0.00492203855880071
AT3G24050	-0.00492136383188628
AT3G16400	-0.00492090180551476
AT2G40570	-0.00492023030302989
AT5G08780	-0.00491991451649947
AT1G58320	-0.00491948142597637
AT5G01870	-0.00491918309948086
AT4G11230	-0.00491885352093939
AT1G05370	-0.00491828068871285
AT1G75490	-0.00491821122858088
AT3G09680	-0.00491772347270298
AT4G25300	-0.00491765997992356
AT5G40550	-0.00491755798883998
AT1G67370	-0.00491749014716647
AT1G09330	-0.00491707043083889
AT1G05990	-0.00491671362678945
AT5G46860	-0.00491528405570749
AT5G47130	-0.00491514804769751
AT5G01350	-0.00491508519518667
AT4G20690	-0.00491438408476785
AT2G04170	-0.00491352077067892
AT3G10440	-0.00491349076309901
AT5G56310	-0.00491341007564116
AT1G12520	-0.00491299505684711
AT5G02200	-0.0049124858163027
AT2G16090	-0.00491241940520001
AT3G49940	-0.00491218038470076
AT3G48070	-0.00491176622829573
AT1G69760	-0.00491060015622125
AT2G41730	-0.00491039353564941
AT5G45090	-0.00491005097465741
AT4G40040	-0.00490956816580395
AT2G21940	-0.00490882904395922
AT3G63420	-0.00490826405855627
AT5G40470	-0.00490772549396118
AT2G28305	-0.00490723149619937
AT2G24395	-0.00490687237106736
AT1G29260	-0.00490421327494953
AT2G45820	-0.00490360070414201
AT4G27840	-0.00490317278847629
AT5G18860	-0.00490307726123932
AT2G21385	-0.00490299230099636
AT2G36840	-0.00490225460754061
AT3G11620	-0.00490170581242968
AT1G77810	-0.00490154335372673
AT1G56345	-0.00490086165130221
AT1G07720	-0.00490066756633613
AT5G13100	-0.00490060762548833
AT2G02960	-0.00490011223575131
AT1G15430	-0.00490001191194327
AT1G61260	-0.00489953894916484
AT2G01620	-0.00489922621550521
AT5G11900	-0.00489862206839004
AT1G25250	-0.00489858112689451
AT1G78540	-0.00489810986624293
AT3G05490	-0.00489800833356762
AT1G12280	-0.00489798940849546
AT1G32930	-0.00489749160840022
AT4G17670	-0.00489693212797949
AT5G03320	-0.00489671705617338
AT5G51100	-0.00489658917592019
AT1G61460	-0.0048965139261951
AT5G56750	-0.00489624223841292
AT1G19070	-0.00489610636310018
AT2G35658	-0.00489548551550299
AT1G55120	-0.00489538052436312
AT1G06630	-0.00489519604342829
AT2G33855	-0.00489467142661476
AT5G40500	-0.00489351618665825
AT4G23880	-0.00489326124028284
AT1G16890	-0.00489269666380279
AT1G73490	-0.00489254239748475
AT5G56610	-0.00489224568759802
AT5G17600	-0.00489218430451422
AT5G66310	-0.00489103502214261
AT5G06090	-0.00489085799532088
AT4G02440	-0.00489075982840743
AT4G34810	-0.0048904593565248
AT5G55490	-0.00489022910749073
AT1G13560	-0.00489000829997519
AT4G27290	-0.0048896159125875
AT5G14340	-0.00488916474049202
AT1G62910	-0.00488814112177661
AT3G51890	-0.00488789897202527
AT2G28960	-0.00488704632652068
AT3G25120	-0.00488659513538033
AT1G61170	-0.00488613890697674
AT1G49920	-0.00488603227122283
AT3G09600	-0.00488578571439192
AT1G65950	-0.00488575826606242
AT1G21070	-0.0048849125841546
AT1G55260	-0.00488441076232336
AT4G36820	-0.00488416296745335
AT5G08100	-0.00488323120477094
AT4G39540	-0.00488255949940812
AT1G33270	-0.00488243641888171
AT2G19620	-0.00488211590469859
AT5G28442	-0.00488152968005504
AT1G34340	-0.0048814373730346
AT2G05755	-0.00488138679908064
AT4G02715	-0.00488123437212584
AT3G46040	-0.00488113202986924
AT3G06455	-0.00488083162779798
AT3G51420	-0.00487982492870532
AT5G40140	-0.00487961035603394
AT1G33050	-0.00487902163166138
AT5G59200	-0.00487891848250658
AT4G37900	-0.00487890651908208
AT5G18930	-0.00487811382932311
AT2G40370	-0.00487803175579535
AT3G02300	-0.00487762137553605
AT1G61900	-0.00487758007973334
AT3G45880	-0.00487741913326349
AT2G26790	-0.00487691157798366
AT2G22640	-0.00487645639315528
AT1G15885	-0.00487553171051634
AT1G14685	-0.00487485664221953
AT2G25410	-0.00487483314735692
AT1G30620	-0.00487440947373655
AT1G74590	-0.00487423357706955
AT1G20696	-0.00487361118463519
AT2G36295	-0.00487276385726515
AT1G50440	-0.00487196870922894
AT5G17850	-0.00487194093419238
AT3G26810	-0.00487167208313485
AT4G23660	-0.00487082226992814
AT1G56280	-0.00487063062506249
AT1G75810	-0.00487061728039924
AT5G54530	-0.00487008616255214
AT2G22410	-0.00486996475431858
AT3G60160	-0.00486930879940441
AT4G04750	-0.00486898598870793
AT1G63250	-0.00486805329429076
AT1G66070	-0.00486640667210383
AT2G20120	-0.0048645119820948
AT5G04090	-0.00486386945720862
AT1G59980	-0.00486247762090936
AT2G46530	-0.00486219062209997
AT4G30920	-0.00486168352723319
AT3G13780	-0.00486147119354516
AT2G24490	-0.00486128094224077
AT2G14050	-0.00486058129263495
AT5G54590	-0.00486044613204796
AT3G48930	-0.0048603240548594
AT1G66230	-0.00486005006577849
AT2G23770	-0.00485996653088675
AT3G46845	-0.0048599659080162
AT1G73480	-0.00485961337052175
AT5G61980	-0.00485800340495627
AT4G01335	-0.00485778303602113
AT1G49300	-0.00485718976336344
AT3G07230	-0.00485536752340786
AT4G22820	-0.00485484016707279
AT4G12910	-0.00485370747656644
AT1G29590	-0.0048535086199504
AT1G11950	-0.00485343844868877
AT3G61700	-0.00485253654003875
AT5G14180	-0.00485232888463101
AT3G14660	-0.00485186592405974
AT5G39790	-0.00485099547932983
AT1G27660	-0.00485061465704916
AT1G64253	-0.00484896899366404
AT2G04700	-0.00484801868910425
AT5G45670	-0.00484763576206244
AT4G13220	-0.00484694398873754
AT2G26830	-0.00484665276089089
AT1G12350	-0.00484657879210302
AT1G31750	-0.00484644178192504
AT5G24100	-0.00484615912057102
AT5G08410	-0.00484591673066801
AT4G12545	-0.00484570057494216
AT1G69930	-0.00484548950246182
AT1G08180	-0.0048453594359881
AT5G18070	-0.00484511713737856
AT1G02010	-0.00484506536528598
AT5G61330	-0.00484472374854691
AT2G44700	-0.0048438852485382
AT1G10050	-0.00484235112551394
AT2G02760	-0.00484174925590716
AT4G24250	-0.00484019017417164
AT1G01720	-0.00483992841588413
AT4G20450	-0.00483987414513206
AT4G00530	-0.00483963590127013
AT5G41160	-0.00483957417843228
AT3G02410	-0.00483718778542953
AT5G49630	-0.00483686719154123
AT5G47120	-0.00483597752791088
AT3G27000	-0.00483590307320842
AT3G13000	-0.00483563918104957
AT4G39710	-0.00483548006601666
AT3G52260	-0.00483520087778469
AT3G52400	-0.00483422102119502
AT3G03850	0.00483404936882858
AT5G16480	-0.00483400495201617
AT1G66140	-0.00483391548974616
AT3G62620	-0.00483390642662576
AT3G56230	-0.00483310719141529
AT3G07190	-0.00483189230053254
AT1G23960	-0.00483152721262702
AT3G63445	-0.00483147864050264
AT5G49510	-0.00483143077586227
AT3G57930	-0.00483072848031515
AT4G30510	-0.00483033268525453
AT3G52905	-0.00482899607758356
AT2G30695	-0.00482807962744392
AT1G35515	-0.00482788676951895
AT1G30410	-0.00482728471961277
AT1G13420	-0.00482686651767124
AT5G38050	-0.00482629293990101
AT5G37740	-0.00482569964108942
AT5G54110	-0.00482544129466695
AT1G04250	-0.00482542253592143
AT2G34450	-0.00482424544847887
AT5G40210	-0.00482393570891093
AT4G35160	-0.00482305467288712
AT3G54810	-0.00482294311976826
AT3G55940	-0.00482253196298854
AT3G51400	-0.00482199001713125
AT5G43680	-0.00482172173138835
AT4G15620	-0.00482149392719785
AT4G23496	-0.00482143162658131
AT5G19830	-0.00482086847176967
AT3G27660	-0.00482060789815035
AT5G40230	-0.00482045156308993
AT2G27500	-0.00482018484668917
AT5G13250	-0.00482009232553357
AT5G58990	-0.00481922378772339
AT2G27490	-0.00481905711157816
AT1G12440	-0.00481863986169468
AT4G30500	-0.00481852942250057
AT5G44670	-0.00481845004459853
AT3G46000	-0.0048182280392199
AT2G45120	-0.00481723380588668
AT1G66260	-0.00481698460884975
AT1G12480	-0.00481682897501955
AT3G01510	-0.00481624366431708
AT4G12430	-0.00481623839154608
AT4G30820	-0.0048157945706409
AT5G09315	-0.00481544332027253
AT3G57070	-0.00481514274149397
AT2G11620	-0.00481436970159349
AT2G29320	-0.00481375931516039
AT5G25360	-0.00481373276744544
AT5G12950	-0.0048132548288062
AT4G37070	-0.00481311297280039
AT4G08755	-0.00481288236855544
AT4G34880	-0.00481147227062996
AT2G27260	-0.0048109678945894
AT5G03850	-0.00481090697256244
AT1G52290	-0.00481078403256044
AT3G57090	-0.00481046826982586
AT1G63290	-0.00481007025582489
AT1G64690	-0.00480974919161894
AT3G25060	-0.00480941587110327
AT1G50360	-0.0048093743830708
AT1G09540	-0.00480906211131275
AT5G37850	-0.00480881724281539
AT5G02140	-0.00480836826243197
AT3G50780	-0.00480822290891494
AT2G34770	-0.00480744868684996
AT4G16680	-0.00480620043787918
AT3G62860	-0.00480593121049344
AT2G25220	-0.00480345664904847
AT2G01008	0.00480325602361453
AT5G44820	-0.00480312294573498
AT2G25070	-0.00480305596295961
AT4G15680	-0.00480269191823295
AT4G26860	-0.00480252394276582
AT1G79440	-0.00480216474749606
AT5G39850	-0.00480197421094346
AT1G09160	-0.00480164601935997
AT5G10350	-0.00480086719208346
AT1G08643	-0.00479969154086508
AT5G13320	0.00479962091555013
AT1G03470	-0.00479945318488914
AT4G30240	-0.00479940761038046
AT2G03430	-0.00479919110126493
AT4G32295	-0.00479868026473814
AT3G53170	-0.00479863395989526
AT4G02560	-0.00479784542047826
AT2G26350	-0.00479694151806219
AT5G16800	-0.00479609868850645
AT2G25140	-0.004795062659881
AT4G05040	-0.00479470546680904
AT2G17080	-0.00479406091444424
AT4G00238	-0.00479397819840171
AT1G78680	-0.0047939121549492
AT3G05345	-0.00479359582996071
AT4G30620	-0.0047935217122043
AT5G57860	-0.00479351468249532
AT4G18800	-0.00479333343600305
AT1G61240	-0.00479328166532914
AT1G31814	-0.00479319224442004
AT1G49510	-0.00479309778015929
AT3G11780	-0.00479303639135071
AT3G09900	-0.0047929147763611
AT5G10290	-0.00479204813053921
AT4G20260	-0.00479148931279979
AT5G60370	-0.00479039474090552
AT1G35350	-0.00479032531279854
AT2G33980	-0.00478939350008533
AT2G14825	-0.00478918034505791
AT1G67400	-0.00478893453600591
AT1G34580	-0.00478756210039512
AT5G41650	-0.00478665628940021
AT4G08555	-0.00478662060811275
AT2G33570	-0.00478605357155904
AT3G25855	-0.0047853359834649
AT1G15120	-0.00478494466148468
AT1G23490	-0.00478477688263622
AT5G52960	-0.0047836646788789
AT5G19370	-0.00478319893549962
AT3G51920	-0.00478215391469231
AT3G13437	-0.00478197784024658
AT3G49530	-0.00478077639214242
AT1G69570	-0.00478006587076294
AT1G66760	-0.00477900589999226
AT2G29525	-0.00477867878589762
AT4G34480	-0.00477853183719693
AT4G24670	-0.00477848671232519
AT5G27400	-0.00477842022449018
AT4G23720	-0.00477749699235392
AT5G62220	-0.00477623296784881
AT4G13280	-0.00477618681343223
AT5G04390	-0.00477555318459712
AT4G27660	-0.00477536346417429
AT2G34350	-0.00477535589343266
AT5G37500	-0.00477511955649918
AT1G60260	-0.00477506304397423
AT5G56450	-0.00477493387008969
AT4G30630	-0.00477473334913437
AT4G16640	-0.00477448559472945
AT4G36970	-0.00477387477536
AT1G12450	-0.0047722808392552
AT5G59350	-0.00477095963204398
AT3G62000	-0.00477064773258598
AT5G11590	-0.00477057599712529
AT4G36540	-0.00477038682950736
AT1G49975	-0.00477033470143382
AT5G16990	-0.0047703296574422
AT2G46420	-0.00476891369700855
AT4G21745	-0.00476821276972459
AT3G59980	-0.00476813783832357
AT3G06120	-0.00476793778364076
AT4G38830	-0.00476786951063746
AT2G40700	-0.00476765178817121
AT3G15358	-0.00476707204962583
AT5G60850	-0.00476691877912806
AT5G27210	-0.00476647389862319
AT3G18900	-0.0047662084300612
AT2G04650	-0.00476551533539436
AT5G26731	-0.00476537392219929
AT3G27290	-0.00476502326004827
AT4G00970	-0.00476489128566001
AT1G20430	-0.00476425849526848
AT5G25757	-0.0047641893575762
AT5G23440	-0.0047637135934544
AT2G43620	-0.00476349361730017
AT2G46330	-0.00476320545227324
AT1G20810	-0.00476250989309992
AT1G04778	-0.00476175700727111
AT3G62720	-0.00476157850962867
AT2G02860	-0.0047610482135183
AT3G52720	-0.00475963167861748
AT3G12040	-0.00475925420444626
AT3G09290	-0.00475866030774899
AT1G68260	-0.00475853106884736
AT5G57780	-0.00475848330469027
AT3G11550	-0.00475798327941434
AT1G12244	-0.00475794252582708
AT4G22140	-0.0047572862528714
AT5G11650	-0.00475670045847491
AT5G09225	-0.00475616450759815
AT1G12550	-0.00475549997675154
AT5G25020	-0.00475463362564658
AT5G55650	-0.00475367334276992
AT5G48110	-0.00475258989491702
AT3G14760	-0.00475180269447944
AT2G33240	-0.00475168753976961
AT3G07760	-0.00475168406971035
AT2G15630	-0.004751542089288
AT5G51620	-0.00475122074187319
AT1G13740	-0.00474972795450697
AT3G27010	-0.00474828295510444
AT1G69680	-0.00474725773323388
AT1G16510	-0.00474542854936969
AT3G57280	-0.00474477226484855
AT4G21510	-0.004744453141013
AT4G01590	-0.00474402320258246
AT2G36895	-0.00474152210513053
AT5G16610	-0.00474055208095745
AT4G00040	-0.00474038761819697
AT4G39580	-0.0047399890349325
AT3G62160	-0.00473994660653319
AT1G68000	-0.00473949801638018
AT4G21750	-0.00473946243116831
AT1G52430	-0.00473934302598502
AT2G31083	-0.00473880593154652
AT1G75840	-0.00473811319398193
AT5G40170	-0.00473782385326467
AT4G24590	-0.00473761148722139
AT3G13445	-0.00473734464558766
AT1G04650	-0.0047371713837564
AT3G48115	-0.00473549024618321
AT2G01540	-0.00473360114518263
AT2G19380	-0.00473179136543483
AT2G21210	-0.00473124692495428
AT2G04080	-0.00473106885322529
AT5G41130	-0.00473084346059203
AT2G32320	-0.00473052441404928
AT2G23755	-0.00473025355503982
AT5G15170	-0.00473010372795609
AT5G16810	-0.00472987094250198
AT2G36370	-0.00472924694782006
AT4G02425	-0.0047291233162018
AT4G27690	-0.00472892992513807
AT5G49960	-0.00472832932294475
AT3G51220	-0.00472814789168363
AT1G50170	-0.00472724358283883
AT5G49840	-0.00472722475629243
AT5G07670	-0.00472721562229863
AT4G00955	-0.00472703127355788
AT5G10710	-0.00472652902704452
AT5G25010	-0.00472617225352242
AT3G58770	-0.00472527313651793
AT1G13480	-0.00472514387472098
AT3G57500	-0.00472428553313678
AT2G21320	-0.0047239259648369
AT4G02725	-0.00472341762271768
AT3G25590	-0.0047233200819863
AT4G20030	-0.00472331085866209
AT4G04745	-0.00472274698951345
AT3G50870	-0.00472226164893476
AT5G44569	-0.00472215904661113
AT3G21351	-0.00472203585639965
AT3G52770	-0.00472198153460591
AT2G05075	-0.0047216404119648
AT5G47890	-0.00472155364271826
AT2G28880	-0.00471976310657337
AT2G39480	-0.00471687782350971
AT2G42740	-0.00471665793908035
AT3G12920	-0.00471597946277448
AT1G16150	-0.00471501467182758
AT2G16230	-0.00471288994378103
AT2G17290	-0.00471267451915428
AT5G37710	-0.00471247842076827
AT5G39340	-0.00471086714397374
AT2G35710	-0.00471070304144898
AT5G11570	-0.00471067440947014
AT5G04890	-0.00470928139416849
AT1G11530	-0.00470906302153939
AT5G63460	-0.00470905659982248
AT2G35860	-0.00470844327432271
AT5G50010	-0.00470841721553594
AT5G48660	-0.00470832906582827
AT2G30250	-0.0047072856577099
AT5G25040	-0.00470693820637141
AT1G26300	-0.0047058479460145
AT5G07450	-0.00470581983154128
AT1G69050	-0.00470567863726247
AT2G40720	-0.00470549093825153
AT2G04480	-0.00470539001293944
AT4G24440	-0.00470530392898842
AT4G19720	-0.0047051096395699
AT5G49525	-0.00470468335533186
AT1G11175	-0.00470430270531505
AT1G55280	-0.0047039091904402
ATCG00490	0.00470389864314749
AT3G24500	-0.00470295959980934
AT4G34720	-0.00470264465452819
AT2G45500	-0.00470114579057471
AT3G23255	-0.00470076706844636
AT4G02485	-0.00470061691452313
AT2G13790	-0.0046998288737392
AT1G06960	-0.00469904126617246
AT5G26980	-0.0046985090658891
AT5G55470	-0.0046985033480644
AT5G12920	-0.00469846014767474
AT2G04540	-0.00469800863032896
AT2G18170	-0.00469614948823644
AT1G22790	-0.00469594712906511
AT5G18300	-0.0046954802263517
AT2G19310	-0.00469398373175988
AT1G74310	-0.0046938658328451
AT5G65420	-0.00469350148298124
AT5G17700	-0.00469312583914413
AT1G53120	-0.00469268896521751
AT2G28260	-0.00469045710675612
AT4G35410	-0.00468791475956783
AT1G66060	0.00468771926848504
AT5G66210	-0.00468708186860631
AT3G57965	-0.00468692679042197
AT3G25790	-0.00468677657522256
AT3G16690	-0.00468661436571794
AT2G01180	-0.00468569442290779
AT5G10990	-0.00468508837399196
AT1G58270	-0.00468442048590081
AT3G44820	-0.00468417051113842
AT5G41170	-0.00468356998724278
AT5G41010	-0.00468329443112057
AT1G20020	-0.00468322915174841
AT5G14105	-0.00468311655726924
AT1G49560	-0.00468245014758074
AT2G16720	-0.00468229121415391
AT5G50175	-0.00468224558140336
AT1G17430	-0.00468224529496531
AT2G04680	-0.00468224170292844
AT5G25754	-0.00468195932672323
AT1G64610	-0.00468156529699531
AT5G22360	-0.00468154174594667
AT1G79700	-0.00468125071092542
AT3G19508	-0.0046810027769723
AT5G24070	-0.00468071899452493
AT5G49000	-0.00468009856058851
AT3G16120	-0.00467958596335088
AT1G04100	-0.00467881330019829
AT1G62420	-0.004678780398443
AT1G30890	-0.00467842328441302
AT3G14450	-0.00467837271348123
AT1G65850	-0.00467738887750952
AT4G31290	-0.00467512612562222
AT1G17665	-0.00467509454450084
AT1G70530	-0.00467506060038724
AT5G39250	-0.00467429793242819
AT5G65390	-0.00467385000972981
AT5G23090	-0.00467351956148855
AT4G01550	-0.00467344857847699
AT5G10310	-0.0046725542264622
AT3G07568	-0.00467219113344535
AT4G39180	-0.00467211550320222
AT2G04240	-0.00467199381012159
AT1G10417	-0.00467070394860037
AT4G38980	-0.00467047175390216
AT5G48950	-0.00466984790317444
AT5G67260	-0.00466935717316383
AT1G44414	-0.00466894394868813
AT4G37770	0.00466874960592729
AT4G39795	-0.00466803953620583
AT4G16444	-0.00466803868521966
AT2G05760	-0.00466760248385803
AT5G11270	-0.00466635670402738
AT5G39680	-0.0046657056921574
AT4G29540	-0.00466566393856667
AT2G27030	-0.00466519306155067
AT1G79820	-0.00466475989899088
AT1G19200	-0.00466469228813344
AT5G62880	-0.00466409863916987
AT4G29900	-0.00466409442037765
AT3G51080	-0.00466403376392104
AT4G27490	-0.00466328200347151
AT2G29300	-0.00466108544562809
AT1G32780	-0.00466054006729293
AT5G14910	-0.00466025337447444
AT5G60100	-0.00465862922190958
AT4G29610	-0.00465843004078283
AT4G13400	-0.00465813535535777
AT1G73177	-0.00465703441523453
AT3G26200	-0.00465625200123298
AT5G35620	-0.00465615383031823
AT5G64880	-0.00465599364201675
AT5G45960	-0.00465595030111616
AT5G28060	-0.00465559794476143
AT4G08980	-0.00465555954750392
AT5G35520	-0.00465531965484373
AT2G17230	-0.00465393412031226
AT2G21800	-0.00465371000655362
AT1G08465	-0.00465349461662141
AT3G25110	-0.00465315213031765
AT3G05250	-0.00465266116144329
AT1G14450	-0.00465224288461125
AT3G03500	-0.00465216624883942
AT1G47830	-0.00465184439158439
AT2G37920	-0.00465136409991866
AT1G18890	-0.00465025831776703
AT4G02120	-0.00465006504120462
AT1G07350	-0.00464986872294731
AT4G13130	-0.00464876099476836
AT3G05400	-0.00464856696271126
AT3G29810	-0.00464798480664524
AT1G61730	-0.00464797175034935
AT1G21980	-0.00464780809240717
AT1G27370	-0.00464775174895752
AT4G21740	-0.00464767644226658
AT1G77122	-0.00464603437427379
AT1G61750	-0.00464517595122521
AT5G22690	-0.00464500484768227
AT1G70650	-0.00464438843610751
AT5G10110	-0.00464349135847456
AT4G33950	-0.00464308446355417
AT4G35020	-0.00464251185720631
AT1G73320	-0.00464223399639113
AT1G01210	-0.00464222460420764
AT2G38070	-0.00464053316038221
AT3G58900	-0.00464046818915621
AT1G03905	-0.00463992215865976
AT1G22900	-0.00463923134297047
AT5G16000	-0.00463913260526429
AT1G75350	-0.00463897095122055
AT5G06980	-0.00463814329276237
AT5G62330	-0.00463707781771806
ATCG00340	0.00463518860974994
AT1G57620	-0.00463469946677773
AT1G11260	-0.00463394996637279
AT5G20165	-0.00463328475989494
AT5G54240	-0.00463273789287838
AT5G03355	-0.004632717914779
AT5G48340	-0.00463193870069092
AT1G22260	-0.00463183747478512
AT1G69910	-0.00463178107651023
AT1G04610	-0.00463119507170382
AT3G50670	-0.00463091883638967
AT3G09790	-0.0046299620080023
AT1G72490	-0.00462973093609906
AT4G31650	-0.00462938381250109
AT5G07770	-0.00462921852659535
AT1G65120	-0.00462856022651546
AT3G50430	-0.00462796216322611
AT4G16566	-0.00462775481712794
AT1G15640	-0.00462675728513907
AT3G44890	-0.00462555124122273
AT4G21585	-0.00462400565088975
AT5G19560	-0.00462398061149365
AT5G19650	-0.00462388335040229
FBti0019586	-0.00462341014348186
AT4G06195	-0.00462206943191948
AT3G07425	-0.0046215654689627
AT3G11402	-0.00462079435242899
AT3G28850	-0.00462012816297498
AT5G08340	-0.00461885628679097
AT4G10370	-0.00461738479744078
AT3G51860	-0.00461732463994715
AT2G44630	-0.00461656171110565
AT2G44770	-0.00461628609510116
AT1G18773	-0.00461608459369657
AT4G27310	-0.00461607651779037
AT1G80650	-0.00461560889925152
AT5G13960	-0.00461552756742006
AT5G06450	-0.00461501805876527
AT4G24450	-0.00461477171112131
AT5G28910	-0.00461436948026191
AT2G06200	-0.0046141668287483
AT4G23910	-0.00461317134628851
AT3G16560	-0.00461313955032373
AT1G63240	-0.00461309208327989
AT5G37475	-0.00461306214274292
AT3G47710	-0.00461257942367847
AT4G00760	-0.00461248956460873
AT4G18550	-0.00461188906424804
AT1G53920	-0.00461159174107431
AT3G59370	-0.00461155250392641
AT5G37480	-0.00461122694110376
AT5G61430	-0.00461078593917051
AT4G01240	-0.00461059674194543
AT2G41880	-0.00461022548675779
AT4G00950	-0.00460864903475975
AT1G44160	-0.00460862727101692
AT1G16160	-0.00460851953446622
AT1G07270	-0.00460817923580372
AT1G60750	-0.0046076067618731
AT3G01080	-0.00460693626935311
AT4G16280	-0.00460678332266203
AT5G12900	-0.00460443669465547
AT4G15165	-0.00460321107808677
AT5G03720	-0.004602353628432
AT4G14270	-0.00460212155247753
AT5G42710	-0.00460202046667346
AT5G62030	-0.00460183245353039
AT5G03060	-0.00460181811333892
AT3G03660	-0.00460087300629925
AT2G28230	-0.00460044848653982
AT3G28140	-0.00460018793247873
AT3G15210	-0.00459938513636088
AT2G30170	-0.00459930944085334
AT1G02740	-0.00459924198886828
AT2G46600	-0.00459873837360967
AT2G25710	-0.00459739697515511
AT4G38740	-0.00459696126555585
AT3G57440	-0.00459681829392421
AT5G58210	-0.00459653344005437
AT4G21110	-0.00459651429319082
AT5G50170	-0.0045959424506668
AT3G54150	-0.00459549418507383
AT1G63295	-0.00459412449641434
AT1G74370	-0.00459337310579833
AT4G23170	-0.00459323010678412
AT3G10620	-0.00459302777956357
AT4G04925	-0.00459159073240034
AT3G49840	-0.00459075806065102
AT2G32060	-0.00458841015244613
AT3G59750	-0.00458820640853959
AT3G05730	-0.00458820071896962
AT3G21870	-0.00458790038296473
AT2G03640	-0.00458680759950436
AT1G14330	-0.00458654102217357
AT5G12240	-0.00458646405084449
AT1G75163	-0.00458641048331238
AT5G42180	-0.00458559153957428
AT5G40970	-0.00458542464644845
AT5G38730	-0.00458517144143964
AT3G23760	-0.00458501225982882
AT5G64320	-0.00458492435260401
AT2G24020	-0.00458357475667236
AT4G18230	-0.00458246583869345
AT3G29100	-0.00458194290625851
AT3G20510	-0.00458173875786394
AT5G37540	-0.00458095415330345
AT2G03710	-0.00458081186592125
AT4G04700	-0.0045803947359618
AT2G35830	-0.00458032131723161
AT2G35210	-0.00457929831459971
AT5G42120	-0.00457878852182198
AT2G39830	-0.00457827963973459
AT3G03010	-0.00457823086177276
AT1G14540	-0.00457726767066207
AT1G67340	-0.00457713242222975
AT3G01920	-0.00457701282961035
AT1G22985	-0.00457700389568161
AT3G03830	0.00457683231186457
AT4G30940	-0.00457617146687562
AT4G01950	-0.00457613543685898
AT3G18670	-0.00457603457051164
AT5G49870	-0.00457558813968897
AT4G03635	-0.00457438933720953
AT2G06005	-0.00457341699789527
AT5G03610	-0.00457194768947711
AT3G49620	-0.00457189572165112
AT4G09620	-0.00457154418128064
AT4G38710	-0.00457129885977067
AT3G44716	-0.00457075071410107
AT1G05810	-0.00456942488373556
AT3G07860	-0.00456929587295066
AT3G20380	-0.00456888031825579
AT3G56800	-0.00456848127400202
AT5G37590	-0.00456753703006341
AT5G40190	-0.00456697357649498
AT5G61390	-0.00456659193083929
AT3G01070	-0.00456638880914125
AT1G56020	-0.00456487758061675
AT3G50845	-0.00456474454652234
AT3G07530	-0.00456427853693355
AT5G49990	-0.00456395890340623
AT3G10260	-0.0045632064682356
AT2G38470	-0.00456312595240705
AT4G10150	-0.00456242046173016
AT1G01670	0.00456219089008884
AT4G17615	-0.00456129682908178
AT3G44010	-0.004560971955771
AT2G13600	-0.00456097129213397
AT2G02470	-0.00456043127821696
AT1G31300	-0.00456033732471984
AT3G21270	-0.00456012590009445
AT5G64667	-0.00455910966632357
AT2G04955	-0.00455900374184951
AT5G54510	-0.00455883158946013
AT1G28190	-0.00455787701112927
AT4G16950	-0.00455759137718778
AT1G33320	-0.00455729752933024
AT4G14700	-0.00455721244684256
AT4G16500	-0.00455687685187308
AT1G51880	-0.00455668903521368
AT1G29110	-0.0045556077740178
AT3G59540	-0.00455504027212718
AT2G41600	-0.00455478051963034
AT5G67520	-0.00455265686601382
AT2G43370	-0.00455212876736382
AT5G37670	-0.00455186573476542
AT5G14970	-0.00455139273902843
AT3G60670	-0.00455107066816433
AT3G08520	-0.00455099930264278
AT1G01480	-0.00455067816218894
AT3G06110	-0.00455014764102924
AT5G08600	-0.00454979171683135
AT1G49032	-0.00454944146015185
AT1G20920	-0.00454905765320165
AT2G27130	-0.00454725492136698
AT3G08970	-0.0045470152969918
AT1G77200	-0.0045467575455705
AT5G44700	-0.00454577990694731
AT3G54710	-0.00454569527285576
AT5G27560	-0.0045456386138156
AT5G50760	-0.00454521311963598
AT5G25090	-0.00454458919004657
AT5G51590	-0.00454450735542666
AT2G39445	-0.00454423090986665
AT4G22570	-0.00454323222023487
AT2G28590	-0.00454306816197697
AT1G28010	-0.00454295526465206
AT5G14690	-0.00454269733971459
AT1G65700	-0.00454251348727999
AT5G38420	-0.00454189290275373
AT5G50330	-0.00454060519529091
AT3G48410	-0.004540216724461
AT2G28350	-0.00453946933608517
AT5G37790	-0.00453935342836494
AT3G17580	-0.00453889486073899
AT1G22980	-0.00453880727112194
AT4G19650	-0.00453872544126467
AT3G29010	-0.00453865149897975
AT1G21110	-0.00453854409409265
AT3G20970	-0.0045381300096763
AT3G56020	-0.00453808846791102
AT1G22970	-0.00453801489190377
AT3G03880	-0.00453794781155144
AT4G03210	-0.00453784610873697
AT5G49290	-0.00453766466502008
AT1G10530	-0.00453760144229881
AT5G57440	-0.00453729616021747
AT2G27970	-0.00453722974058926
AT1G23450	-0.00453700103443972
AT1G26960	-0.00453677889485214
AT5G46530	-0.00453588416291367
AT4G00200	-0.00453520151654461
AT4G04890	-0.00453515649331902
AT3G18090	-0.00453505775849413
AT1G78815	-0.00453503534266582
AT4G14640	-0.00453459135392189
AT1G32370	-0.00453247749309241
AT1G74120	-0.00453247564414222
AT4G38840	-0.00453182062150501
AT4G37810	-0.00453165798286271
AT1G75020	-0.00453091010673919
AT3G57470	-0.00453000187539708
AT2G32765	-0.00452949055302572
AT3G16710	-0.00452930854863596
AT4G11350	-0.00452883209471154
AT3G03160	-0.00452848162548004
AT4G28706	-0.00452818430265326
AT3G11880	-0.00452811280232687
AT2G38995	-0.00452758374635551
AT3G01750	-0.00452660608539909
AT1G33120	-0.00452569862939818
AT1G57600	-0.00452569551016685
AT3G29170	-0.00452520384159144
AT2G31150	-0.00452495182748152
AT3G13276	-0.00452476688162253
AT4G38932	-0.00452474532564801
AT4G23895	-0.00452324221355186
AT3G58800	-0.00452293945292275
AT1G56220	-0.00452264734574874
AT1G63245	-0.00452219691922441
AT4G34620	-0.0045208135073885
AT2G22425	-0.00452077390001218
AT1G66160	-0.00451979682891788
AT1G10940	-0.00451931915871863
AT2G33845	-0.0045187577944054
AT1G73300	-0.00451845531375749
AT4G02630	-0.00451815316433806
AT3G62970	-0.00451804797202385
AT3G20040	-0.00451752004029988
AT4G37940	-0.00451603983232465
AT1G74790	-0.00451424655548176
AT1G02145	-0.00451391047606472
AT1G34770	-0.00451388288085484
AT4G22758	-0.00451236705493395
AT4G09432	-0.00451235591092315
AT1G79480	-0.00451171841541596
AT1G58070	-0.00451156951195589
AT3G60270	-0.00451148190028874
AT5G20885	-0.00451132645353314
AT1G74810	-0.00451124551891794
AT3G19900	-0.00451109829956073
AT5G01730	-0.00450986952609015
AT4G00335	-0.0045080966969248
AT3G16650	-0.00450779910902472
AT5G24020	-0.00450740490486721
AT1G22590	-0.00450578339213864
AT2G45040	-0.00450545448467735
AT3G23730	-0.00450510244664335
AT5G24410	-0.00450461975988221
AT3G57810	-0.00450439891323567
AT1G31840	-0.00450391735554155
AT3G17300	-0.00450376309554122
AT4G26180	-0.00450260639321609
AT4G20040	-0.00450250586350411
AT3G54000	-0.00450115634462293
AT4G21390	-0.00449884646036814
AT4G31860	-0.00449879079891207
AT1G01240	-0.00449872603874371
AT1G23000	-0.0044983905380199
AT1G73030	-0.00449738494800344
AT5G43070	-0.00449662630488303
AT1G61250	-0.00449506677567608
AT1G06580	-0.00449480907061604
AT1G12750	-0.00449461562325863
AT1G56680	-0.00449441322860645
AT2G20540	-0.00449240156729745
AT4G19090	-0.00449135504036054
AT4G21610	-0.00448910842246681
AT3G58850	-0.00448885383496482
AT1G79910	-0.00448796092531623
AT5G06580	-0.00448772649810119
AT5G04070	-0.00448746845611457
AT2G02980	-0.00448708650708174
AT4G30580	-0.00448644588069643
AT3G49870	-0.00448405471168191
AT1G71130	-0.00448384311736283
AT1G16780	-0.00448372061628624
AT5G15460	-0.00448286571723768
AT5G63080	-0.00448246554573023
AT1G72620	-0.00448178023673532
AT1G51090	0.00448034089192549
AT1G33600	-0.00448007209112287
AT1G07620	-0.00447984745271775
AT3G52760	-0.00447849004188641
AT2G38740	-0.00447808120151794
AT1G16170	-0.00447749484520807
AT5G42990	-0.00447643704740066
AT2G32840	-0.00447628369505703
AT5G08565	-0.00447607606829338
AT4G02482	-0.00447605068465304
AT5G52370	-0.00447584568791264
AT1G76120	-0.00447420344626815
AT3G27080	-0.00447348165454228
AT4G24810	-0.00447341639458747
AT5G41260	-0.0044731335914537
AT3G14440	-0.00447273715109359
AT4G36430	-0.00447258849875087
AT2G27830	-0.00447225868385542
AT3G11600	-0.00447131664412428
AT3G50200	-0.00447078165562174
AT5G07180	-0.004470571151661
AT4G17695	-0.00446975974839462
AT4G33985	-0.00446862380341081
AT1G29390	-0.00446806965628164
AT5G58720	-0.00446696602833077
AT1G36640	-0.00446506871480551
AT4G32030	-0.00446488027669294
AT4G02410	-0.00446441580278623
AT3G49950	-0.00446340252718706
AT5G65430	-0.00446291821001714
AT5G48650	-0.00446235051384716
AT5G06265	-0.00446153825290495
AT3G10700	-0.0044613347698777
AT3G25805	-0.00446005441506817
AT5G22794	-0.00445992697538896
AT4G27370	-0.00445991386995738
AT5G24205	0.00445915236979228
AT3G26539	-0.00445883445325708
AT5G13290	-0.00445784548260722
AT4G29530	-0.00445770687038678
AT1G52700	-0.00445732351925205
AT5G58360	-0.00445726793291063
AT3G24360	-0.00445686483014032
AT2G39440	-0.00445644769231206
AT5G40850	-0.0044561933646017
AT2G34850	-0.0044560905773315
AT1G20693	-0.00445601590534388
AT3G44798	-0.00445567500531658
AT3G50860	-0.00445533124144573
AT1G67035	-0.00445472779674182
AT5G46880	-0.00445462421920094
AT2G32415	-0.00445429128804486
AT3G22810	-0.00445413971144714
AT4G21620	-0.00445324986559954
AT5G57850	-0.00445244839905796
AT1G18335	-0.00445237463367733
AT1G05280	-0.00445225192603707
AT1G72650	-0.00445214678265215
AT4G09970	-0.00445038063790689
AT3G09330	-0.00445017226011183
AT2G02410	-0.00444974540231675
AT3G61260	-0.00444850834046844
AT5G57080	-0.00444847311183846
AT3G27890	-0.0044465578824192
AT3G19970	-0.00444511857274094
AT5G44730	-0.00444465862513856
AT5G02080	-0.00444414094947936
AT1G35460	-0.00444400073541194
AT4G36690	-0.00444396106661972
AT4G01190	0.00444233672099005
AT3G53530	-0.0044422117549084
AT2G02500	-0.00444192514921438
AT1G49350	-0.00444003206811106
AT3G52530	-0.00443998596988525
AT5G45080	-0.00443935608316462
AT2G03360	-0.00443882929261818
AT3G02930	-0.00443814668770848
AT4G34750	-0.00443598625818292
AT5G54950	-0.00443569059120652
AT1G75760	-0.00443514237869558
AT1G07367	-0.00443491136016431
AT2G28560	-0.00443380077622295
AT4G29735	-0.00443333020492197
AT3G46200	-0.00443231978767892
AT2G21195	-0.00443228468723767
AT1G69970	-0.00443189048650082
AT3G49100	-0.00443146766381159
AT3G61620	-0.00443076326652907
AT2G01730	-0.00443020064364881
AT3G58830	-0.00442958066483638
AT1G59730	-0.00442865657929513
AT5G24220	-0.00442858567168128
AT1G07440	-0.00442812017821899
AT2G30070	-0.00442759995882296
AT3G43110	-0.00442749295587565
AT5G38540	-0.0044268144421865
AT4G08320	-0.00442619242204343
AT3G08220	-0.00442616122344438
AT4G10955	-0.00442585287681736
AT1G08730	-0.00442567189105786
AT1G49840	-0.0044254295122046
AT1G11630	-0.00442535669506794
AT2G16530	-0.0044224243742857
AT1G68930	-0.00442178496865948
AT1G62975	-0.00441961221552205
AT3G56300	-0.00441942386172647
AT1G54260	-0.00441936926750837
AT1G51270	-0.00441891465359274
AT5G53650	-0.00441727052870189
AT4G25690	-0.00441608324317482
AT3G22415	-0.00441496387285566
AT3G61390	-0.0044144011742829
AT1G04620	-0.00441410471290263
AT1G03700	-0.00441384777149124
AT5G45560	-0.00441249746500729
AT1G18485	-0.00441235597617465
AT4G17905	-0.00441196678719312
AT1G80420	-0.0044118872433985
AT2G30120	-0.0044115829630422
AT5G52390	-0.00441025080445906
AT1G06537	-0.00440944422420747
AT5G47530	-0.00440840249022621
AT1G47270	-0.00440833709322671
AT1G29410	-0.00440822887641767
AT1G07743	0.0044080082774081
AT3G63250	-0.00440599361492279
AT2G30930	-0.00440544736380375
AT2G17540	-0.00440473136891031
AT2G46320	-0.00440459912534107
AT1G26740	-0.00440413934520027
AT3G53830	-0.00440388684480968
AT2G45640	-0.00440382079755502
AT4G25450	-0.00440380737719907
AT3G16050	-0.00440365762328687
AT5G58200	-0.00440330140387348
AT2G25737	-0.00440267821113253
AT1G59520	-0.00440195407477592
AT1G11340	-0.00440148626709967
AT5G05540	-0.00440143104546491
AT4G14342	-0.00440099256079807
AT2G26810	-0.0044008379866702
AT4G00165	-0.00440047256544904
AT1G20270	-0.00440002770921719
AT4G25970	-0.00439859325813801
AT1G31173	-0.00439847541693021
AT1G62040	-0.00439816227356836
AT4G03960	-0.00439742828234749
AT1G64090	-0.00439674722997564
AT3G43920	-0.00439594737156074
AT5G52880	-0.0043951708502027
AT1G28560	-0.00439495687428177
AT2G24070	-0.0043948323231057
AT5G56340	-0.00439438699165631
AT5G44490	-0.00439410670838398
AT3G11370	-0.00439315098909225
AT2G36050	-0.00439211760092683
AT3G46990	-0.00439161223550796
AT1G12570	-0.00439104917287282
AT5G15537	-0.00438836068604805
AT3G61028	-0.00438832960388341
AT5G37530	-0.00438652784052347
AT5G26160	-0.00438472393628764
AT1G79640	-0.00438402329587396
AT3G07875	-0.00438399771475058
AT4G13050	-0.00438390010767686
AT1G79770	-0.00438357240751556
AT4G29860	-0.00438334751929561
AT5G50780	-0.00438267145793909
AT1G51745	-0.004382652831914
AT5G09978	-0.00438264517414832
AT5G66170	-0.00438230042159573
AT1G17350	-0.0043821080769496
AT3G24255	-0.00438138077540924
AT5G53740	-0.00438136926351195
AT2G38500	-0.00438074469314755
AT3G53270	-0.00437836058353872
AT1G16670	-0.00437783101786729
AT3G55490	-0.00437746507414815
AT5G23870	-0.00437727984587206
AT1G70090	-0.00437725243358028
AT5G44260	-0.00437713286015509
AT3G22600	-0.00437590501909465
AT5G63220	-0.00437503482026656
AT1G43890	-0.00437495669787478
AT3G04020	-0.0043741404868574
AT5G37000	-0.00437254729368494
AT3G28580	-0.00437235752889773
AT5G41590	-0.00437219975152556
AT2G20210	-0.00437205848945582
AT2G23040	-0.00437183652978505
AT5G07070	-0.00437175717071958
AT3G63160	-0.0043712581856098
AT1G57980	-0.00437001505809325
AT5G65500	-0.00436901296347148
AT5G35330	-0.00436857081643712
AT1G30880	-0.00436831923615122
AT3G09830	-0.00436820137762244
AT4G23920	-0.00436806648264567
AT3G52340	-0.00436749181165549
AT1G68340	-0.00436746703606789
AT3G16712	-0.00436726516633147
AT2G31310	-0.00436654747629858
AT1G64583	-0.00436498151486664
AT4G23000	-0.0043645937515634
AT3G05830	-0.00436358480851041
AT2G35690	-0.00436286313408199
AT3G51410	-0.00436153246092134
AT5G40270	-0.00436136315324666
AT5G27830	-0.00436112891116175
AT1G27960	-0.00436102671732521
AT1G09490	-0.00435977632986657
AT1G62915	-0.00435926745837457
AT5G25280	-0.00435913295122406
AT3G49410	-0.00435815224727551
AT5G65220	-0.00435748043003472
AT1G60080	-0.00435685789181039
AT5G55460	-0.00435626016693525
AT4G34760	-0.00435497266718197
AT3G16750	-0.0043539867483676
AT4G01200	-0.00435384094490195
AT2G17975	-0.00435302259594068
AT3G15700	-0.00435262756729659
AT1G22470	-0.00435258906518215
AT3G14150	-0.0043515100193341
AT2G02765	-0.0043508537302851
AT3G23190	-0.00434858248244139
AT5G38100	-0.00434813228750199
AT1G54680	-0.00434767061470359
AT2G41830	-0.00434765562506488
AT5G42330	-0.00434650583888768
AT4G13600	-0.004346031700574
AT5G43440	-0.00434516857739863
AT2G22920	-0.00434508661090912
AT2G33640	-0.00434494950475573
AT4G03115	-0.00434395058459804
AT5G10760	-0.00434351124276088
AT4G24630	-0.00434295959316177
AT2G27590	-0.00434287491062199
AT2G41850	-0.00434234081121748
AT2G40530	-0.00434216976737603
AT5G17870	-0.0043421580599042
AT5G26210	-0.00434152819349108
AT1G70420	-0.00434084965898222
AT5G53470	-0.00434041565013859
AT1G79170	-0.00434031778388178
AT4G16442	-0.0043400716101623
AT4G38680	-0.0043393156591191
AT1G76110	-0.00433925165390713
AT4G30845	-0.00433924918159537
AT5G06690	-0.00433816231672217
AT3G02750	-0.00433648835691974
AT5G25210	-0.00433637376206457
AT3G02600	-0.00433523657103476
AT3G17280	-0.00433469847090288
AT1G57540	-0.00433396207726032
AT3G15150	-0.00433334036127813
AT1G58590	-0.00433281888024607
AT4G20000	-0.00433206742483415
AT4G08450	-0.00433051048999262
AT3G11230	-0.00432996489365636
AT4G20070	-0.00432955345305968
AT4G28950	-0.00432934757351028
AT5G47060	-0.00432831861377797
AT2G05520	-0.00432827783542531
AT3G10910	-0.00432807326969814
AT1G51440	-0.00432740219980323
AT3G56450	-0.00432630044010082
AT2G26470	-0.00432605061210152
AT1G29200	-0.00432596833463084
AT3G24715	-0.00432572905384231
AT4G00880	-0.00432546852477128
AT2G18850	-0.00432450724549836
AT5G46640	-0.00432391944498878
AT1G07660	-0.00432342041369483
AT1G30550	-0.0043231381088946
AT2G44680	-0.00432175348947669
AT3G42630	-0.0043214859188702
AT2G41420	-0.00432105361286785
AT2G01670	-0.00432007665144003
AT1G61795	-0.00431909236234657
AT3G05700	-0.00431898370153071
AT1G73010	-0.00431863163827153
AT3G09660	-0.00431842433780178
AT2G38185	-0.00431679589461226
AT2G34355	-0.0043167075536397
AT5G11640	-0.00431668403331526
AT4G20760	-0.00431602143206746
AT2G07638	-0.00431585135133453
AT3G58875	0.00431496215170353
AT3G16175	-0.00431464870306854
AT2G27990	-0.0043142189713145
AT1G77930	-0.00431418780642618
AT1G52740	-0.0043135098435525
AT5G03680	-0.00431254418004538
AT4G36530	-0.0043122186380823
AT2G39010	-0.00431190816579807
AT2G25735	-0.00431154858671535
AT1G67420	-0.00431138951130798
AT4G35840	-0.00431097640210555
AT1G11300	-0.0043104177242662
AT2G33990	-0.00431019631102371
AT3G47630	-0.00430982017899032
AT1G30590	-0.00430957322681284
AT5G48690	-0.0043095683349057
AT5G64230	-0.00430927225451807
AT3G19030	-0.00430884199035295
AT1G69980	-0.0043085324473031
AT1G11000	-0.00430852776415534
AT5G57050	-0.00430753080873277
AT2G32280	-0.00430597959040191
AT5G46270	-0.00430491020463846
AT3G21950	-0.00430484408749444
AT1G63710	-0.00430369651142653
AT1G13330	-0.00430289577860655
AT2G30130	-0.00430198170528291
AT5G50940	-0.00430154999494284
AT3G01435	-0.00430111024395741
AT1G04635	-0.00430092993457459
AT3G45610	-0.00430034389539108
AT3G01430	-0.00430029326490422
AT5G63810	-0.00429898134577436
AT3G47750	-0.00429863439055836
AT4G16141	-0.00429707603734405
AT4G20720	-0.00429701760521264
AT1G54930	-0.00429697066327969
AT5G48410	-0.00429651576231491
AT2G16850	-0.00429624560539808
AT2G19580	-0.00429583354815129
AT5G28630	-0.00429519577619951
AT2G20362	-0.00429498196779304
AT1G11350	-0.00429442869000749
AT5G14320	-0.0042942185318382
AT1G04893	-0.00429395201745131
AT3G15351	-0.00429267742820866
AT1G34065	-0.00429263843095676
AT3G17185	-0.00429161246048799
AT3G17210	-0.00429078930697686
AT3G23200	-0.00429073874765022
AT1G74660	-0.00428996871459794
AT1G01225	-0.00428982306029655
AT5G46450	-0.00428937216572571
AT1G75450	-0.00428929524786572
AT5G39450	-0.00428921758747772
AT2G18860	-0.00428849852871701
AT3G24540	-0.00428813866458897
AT4G28820	-0.00428695576088878
AT4G24740	-0.00428619678431438
AT1G17920	-0.00428595000297896
AT5G48530	-0.00428509343973328
AT5G03490	-0.00428482387127854
AT3G27610	-0.00428471861765727
AT1G14530	-0.00428469743220611
AT3G03280	-0.00428427251608493
AT2G27370	-0.0042834475777576
AT3G10290	-0.00428328977576694
AT4G16765	-0.00428185511368257
AT1G46554	-0.00428159910567411
AT2G28270	-0.00428115542328739
AT5G62900	-0.00428002770762721
AT5G02415	-0.00427908658497172
AT1G79970	-0.00427673288371091
AT1G14205	-0.00427568177829018
AT1G29380	-0.00427558265380431
AT2G06025	-0.00427556268776712
AT2G17650	-0.00427481081856049
AT5G23700	-0.0042747731217883
AT1G69210	-0.00427450651094162
AT3G29780	-0.00427401437024493
AT3G12610	-0.00427354261465821
AT4G17483	-0.00427276589560274
AT2G28050	-0.00427215221955826
AT3G48040	-0.00427186054711647
AT4G17860	-0.00427161209218396
AT2G32870	-0.00427098042078781
AT3G02435	-0.00427066301046904
AT3G16860	-0.00427063956890916
AT3G14540	-0.00427059179482037
AT4G19865	-0.00427019351723998
AT4G18590	-0.00426955841278665
AT3G16950	-0.00426950371273375
AT1G33140	-0.0042694236027236
AT1G18330	-0.00426927733281419
AT1G74088	-0.00426893018563457
AT2G31580	-0.00426890098808679
AT3G47740	-0.00426836125963491
AT3G57380	-0.00426779448096025
AT3G57030	-0.00426753723946088
AT3G20300	-0.00426659548227238
AT4G25150	-0.00426644615505914
AT5G39240	-0.00426597848795523
AT1G28660	-0.00426582162433204
AT3G26130	-0.00426510153723728
AT4G33610	-0.00426393978485998
AT2G39675	-0.00426297534864036
AT2G40020	-0.00426289391623642
AT5G38930	0.00426167359609437
AT4G39370	-0.00426054538564641
AT1G68310	-0.00425934262033398
AT2G37430	-0.0042592575602181
AT2G46410	-0.00425925492399579
AT2G16980	-0.00425891198983032
AT1G76490	-0.00425887733452731
AT1G49620	-0.00425881017290615
AT5G47000	-0.00425880950339226
AT5G05690	-0.00425839464769693
AT4G34630	-0.00425810265280827
AT1G54530	-0.0042578329672444
AT2G27480	-0.00425748974213974
AT3G52155	-0.00425746868454063
AT5G66000	-0.00425713117112844
AT2G39250	-0.00425632149149377
AT3G47350	-0.00425587649087588
AT1G16130	-0.0042557668299191
AT2G31910	-0.00425526531751713
AT3G54065	-0.00425511979726552
AT2G34230	0.00425417321211148
AT5G65480	-0.00425349621457217
AT5G66631	-0.004253307394421
AT1G13620	-0.00425296871665462
AT1G19650	-0.00425258759361555
AT1G07187	0.00425209459802395
AT1G76760	-0.00425200925381334
AT2G41190	-0.00425171625901957
AT1G68490	-0.0042509841797754
AT1G65040	-0.00425095579925734
AT5G06790	-0.00425000439814655
AT2G38465	-0.00424982163077572
AT1G67300	-0.00424845703683198
AT3G55630	-0.00424807932869294
AT3G18200	-0.0042479762589894
AT5G02890	-0.00424723996982174
AT1G16730	-0.00424604283980549
AT5G46295	0.00424439593513718
AT2G32710	-0.00424439180203614
AT1G31020	-0.00424428857393598
AT3G56320	-0.00424222967095489
AT4G29820	-0.00424178688788465
AT3G12650	-0.00424164093860512
AT3G25890	-0.00424012168391582
AT5G26700	-0.00423935585380415
AT4G23180	-0.00423902335100121
AT3G02630	-0.00423741014111601
AT5G61540	-0.00423588435780773
AT4G36800	-0.00423546184893987
AT1G34570	-0.00423459102854043
AT1G03270	-0.00423360072271923
AT3G01940	-0.00422889800905138
AT4G13520	-0.00422859463428746
AT2G44500	-0.00422700942675858
AT5G49610	-0.00422693793064029
AT4G16447	-0.00422682074739053
AT1G48390	-0.0042255735585513
AT5G14760	-0.00422545395878581
AT3G44220	-0.00422461132528183
AT4G02090	-0.00422390106858526
AT3G51290	-0.00422265780864979
AT1G50055	-0.00422041750432647
AT3G24463	-0.00421958535866923
AT5G49440	-0.00421909339746239
AT1G32410	-0.00421908247274391
FBti0059781	0.00421859605021758
AT1G08450	-0.00421844804529671
AT3G54826	-0.0042177376296261
AT3G56550	-0.00421691870128932
AT1G33540	-0.00421656933660779
AT1G29670	-0.00421654929528431
AT5G19750	-0.00421580133948676
AT2G25605	-0.00421569851672861
AT4G30390	-0.00421455919425357
AT5G65250	-0.00421400387126647
AT5G47600	-0.00421217791654246
AT3G54480	-0.00421197369310038
AT4G33925	-0.00421039604507944
AT4G03292	-0.00421000820048821
AT1G54210	-0.00420966813472732
AT4G33467	-0.00420934883577307
AT2G38250	-0.00420926066878503
AT3G15340	-0.00420837818590718
AT2G44600	-0.00420748266693085
AT3G45680	-0.00420731978926435
AT1G69270	-0.00420683543927926
AT1G34750	-0.0042061241088919
AT1G60930	-0.00420542613375673
AT1G30260	-0.00420454587356982
AT2G29700	-0.00420312771621493
AT5G28960	-0.0042026793039418
AT5G51710	-0.00420216854419151
AT1G07780	-0.00420080651119339
AT1G12845	-0.00420013316022404
AT2G37950	-0.00420012024110529
AT1G71480	-0.00420008921098607
AT2G02590	-0.00419763895182754
AT1G26500	-0.00419746102934212
AT3G17717	-0.00419731015102545
AT5G02220	-0.004196479913678
AT2G35660	-0.00419573537407015
AT2G32510	-0.00419478312109565
AT5G39820	-0.00419121110128669
AT4G15910	-0.00418879690636477
AT1G05860	-0.00418828007954514
AT5G48480	-0.00418813762040677
AT2G17280	-0.00418723490907694
AT2G43640	-0.00418692441986621
AT2G37210	-0.00418645620757691
AT4G19590	-0.00418569424687552
AT5G53220	-0.00418510578810553
AT5G55170	-0.00418457556239987
AT5G66300	-0.00418355627523642
AT3G61415	-0.00418188843449469
AT5G25265	-0.00418106355352262
AT1G02390	-0.00418059606294528
AT5G60760	-0.00418044873074592
AT1G29690	-0.00417962908911187
AT3G45970	-0.00417929926422521
AT2G38240	-0.00417805560032351
AT5G25880	-0.00417686558846445
AT3G22820	-0.00417660402689588
AT2G35360	-0.00417558053376837
AT1G08283	-0.00417427128421827
RR48347_transposable_element	0.00417162856246461
AT4G01880	-0.00417069826544605
AT3G03870	-0.00417006087531292
AT2G33847	-0.00416996167921412
AT3G23605	-0.00416981966050705
AT1G66350	-0.00416944491579768
AT5G03795	-0.00416567128165165
AT5G01595	-0.00416547636166577
AT3G24780	0.00416463799501388
AT5G22940	-0.00416333441119944
AT4G14060	-0.00416316274698555
AT2G06510	-0.00416019113433951
AT2G34940	-0.00416006006454536
AT2G15960	-0.00415891857752686
AT3G27920	-0.00415842207019074
AT3G22900	-0.00415825274953639
AT1G09380	-0.00415734611750964
AT1G80160	-0.00415716654878113
AT1G75390	-0.0041571060194245
AT4G19950	-0.00415629093266135
AT1G05950	-0.00415621275530246
AT5G22250	-0.00415606745763333
AT1G53163	-0.00415584611216182
AT5G05410	-0.00415549618448154
AT4G32020	-0.00415436115621081
AT1G26470	-0.00415431319188164
AT1G66880	-0.00415333494381159
AT1G04550	-0.00415309384473136
AT1G06687	-0.00415282412805007
AT3G56830	-0.00414958452478856
AT2G41090	-0.00414895602062726
AT4G37540	-0.00414878519764333
AT5G14210	-0.00414797443000105
AT1G48140	-0.00414789668892562
AT3G03170	-0.00414750709101183
AT1G14120	-0.00414651038589741
AT4G30450	-0.00414633700752289
AT3G04960	-0.00414496980833077
AT5G42250	-0.00414433548174656
AT1G33475	-0.00414351746322336
AT3G17630	-0.00414325434506563
AT5G65050	-0.0041414038861025
AT2G47370	-0.00414139922177876
AT3G27930	-0.00414051982841463
AT1G02260	-0.00414016279597083
AT1G02070	-0.00414015223485548
AT4G05330	-0.00414013390560749
AT5G64687	-0.00413899153069313
AT2G43590	-0.00413837523223687
AT2G25250	-0.00413770994720992
AT5G01740	-0.00413759478854229
AT1G44890	-0.00413712754910544
AT2G01275	-0.00413592737875056
AT2G36410	-0.00413554778002428
AT5G51460	-0.00413480423320957
AT3G45840	-0.00413423753758259
AT1G66050	-0.0041326442539762
AT2G42960	-0.00413146255447316
AT1G62200	-0.00413107779715836
AT4G15660	-0.00413045925895925
AT4G37240	-0.00412970397241202
AT4G16695	-0.00412946896193599
AT5G07610	-0.00412782938034031
AT4G16880	-0.00412538780088964
AT1G44350	-0.00412217046616398
AT1G54450	-0.00412213212508474
AT3G52360	-0.00412159851609839
AT5G62570	-0.00412154930335289
AT2G45320	-0.0041195375445335
AT1G19080	-0.00411827638267806
AT5G30495	-0.00411810105294909
AT3G51680	-0.00411731711060783
AT4G04620	-0.00411675068769628
AT5G14000	-0.00411552785203451
AT2G39690	-0.00411507529729476
AT5G43300	-0.00411503157020399
AT5G17580	-0.0041142653414507
AT2G37070	-0.00411281940545441
AT1G58150	-0.00411213861433499
AT5G10230	-0.00411180542596813
AT4G18375	-0.00411159869764689
AT2G38570	-0.0041108319859173
AT1G73810	-0.00411041844604262
AT3G62750	-0.00410926385512999
AT2G14620	-0.00410807927307218
AT3G23490	-0.00410753361887517
AT3G60260	-0.0041069084979532
AT2G25780	-0.0041064955198286
AT3G19580	-0.0041062487419993
AT5G13220	-0.00410554529079042
AT4G35530	-0.00410519487307668
AT5G43160	-0.00410439533031204
AT1G17940	-0.00410415516669031
AT4G14000	-0.00410403308766704
AT1G61840	-0.00410357847175353
AT3G09735	-0.0041032946715198
AT5G10030	-0.00410225726368318
AT1G69440	-0.00410117845019758
AT4G36620	-0.00410097218256243
AT2G38420	-0.00410079386679512
AT3G06125	-0.00409984148120794
AT5G63690	-0.00409965487187048
AT4G33130	-0.00409934332561416
AT2G21100	-0.00409922758054988
AT5G58980	-0.00409827686777271
AT1G17330	-0.00409749194122119
AT3G09410	-0.0040974576139866
AT3G49810	-0.00409403824675005
AT1G62030	-0.00409300938151531
AT3G02990	-0.0040915064386704
AT1G14590	-0.00409133175545702
AT5G24655	-0.00409109013867583
AT5G66070	-0.00409096339489758
AT2G27930	-0.00409075252896095
AT3G50980	-0.00409059502134741
AT3G62190	-0.00408924969953969
AT2G41010	-0.00408917436922266
AT5G01510	-0.00408912340843772
AT4G08160	-0.00408863086124848
AT3G02555	-0.00408838002767556
AT1G61370	-0.00408831287983085
AT5G22570	-0.00408721883600758
AT2G35980	-0.00408720857071469
AT1G18390	-0.00408700840998161
AT1G73270	-0.00408635449704766
AT1G16650	-0.00408613644736386
AT2G45630	-0.00408488982023823
AT1G51890	-0.00408460280925586
AT3G51710	-0.00408437011788413
AT4G26720	-0.00408346382617835
AT4G02370	-0.00408226061219861
AT5G44710	-0.00408136895649105
ATCG00110	0.004081309382727
AT5G41910	-0.00408050433159472
AT1G67980	0.00408015716177261
AT1G58180	-0.00407910122289258
AT2G04230	-0.00407900834401817
AT5G66710	-0.00407867968911373
AT1G29357	-0.00407845242748756
AT5G20635	-0.0040760343331647
AT4G01900	-0.00407557909180268
AT1G55990	-0.00407510541713754
AT3G47600	-0.00407446184610351
AT1G02960	-0.00407364759060575
AT1G01020	-0.00407151838318348
AT2G33820	-0.00407042054168974
AT4G18400	-0.00406980166027566
AT5G57100	-0.00406971037615139
AT5G16570	-0.00406751396338423
AT5G15520	-0.00406734710758409
ATCG00350	0.00406706147011486
AT4G10450	-0.00406530631691516
AT5G65740	-0.00406209912579919
AT4G38950	-0.00406077817051905
AT1G76240	-0.0040596639990749
AT4G02600	-0.00405878863282401
AT2G34200	-0.0040587568705211
AT2G44910	0.0040583000555286
AT1G51450	-0.0040573350615579
AT1G31600	-0.00405685941319369
AT1G72530	-0.00405635480784833
ATCG00790	-0.00405551216946162
AT3G08800	-0.00405450896002681
AT1G35310	-0.00405432425877728
AT3G60250	-0.00405268085977162
AT4G32750	-0.00405152714874204
AT2G30432	-0.00404868618106637
AT3G22235	-0.00404853936963259
AT1G19840	-0.00404843671756627
AT5G38970	-0.00404779644951001
AT4G15270	-0.00404723404631021
AT5G53950	-0.00404571459749033
AT3G17365	-0.0040454138244808
AT1G19050	-0.00404436700234334
AT5G47510	-0.00404303211372282
AT4G25440	-0.00404294862344068
AT1G31812	-0.00404255773784648
AT3G57600	-0.00404031477774807
AT3G58220	-0.00403940194087676
AT2G46850	-0.00403887562986319
AT5G24980	-0.00403748338862386
AT4G25800	-0.00403722278127934
AT5G20470	-0.00403673657945396
AT1G02930	-0.004036228384929
AT4G22250	-0.00403579450628032
AT5G03440	-0.00403552595153118
AT4G27610	-0.00403497440039733
AT4G28330	-0.00403491747798195
AT2G44510	-0.00403416630229535
AT2G03505	-0.00403297268340314
AT2G40160	-0.00403286521507039
AT1G75900	-0.00403126107623324
AT1G48315	-0.00403054612469866
AT3G50640	-0.00403020336840859
AT2G37440	-0.0040296588189453
AT2G18193	-0.004029570588103
AT2G44000	-0.00402944423394233
AT3G32040	-0.0040284447100379
AT5G23190	-0.00402836397273614
AT3G08880	-0.0040276179589627
AT1G27520	-0.00402666935715048
AT3G46490	-0.00402596028905544
AT1G72430	-0.00402585244174962
AT1G23710	-0.00402555530823326
AT3G05150	-0.00402496371754371
AT5G42700	-0.00402471787603485
AT1G68190	-0.0040244363776548
AT1G17145	-0.00402418081296513
AT1G33610	-0.0040235144769193
AT1G49180	-0.00402309845006664
AT4G30910	-0.00402127006093433
AT1G49170	-0.00402036642395997
AT3G62630	-0.00401988539188896
AT3G54366	-0.0040196566985362
AT1G16500	-0.00401902550487074
AT2G21820	-0.00401886201726166
AT2G03010	-0.00401833182409786
AT2G14460	-0.00401827409341361
AT5G40710	-0.00401793355022207
AT4G15720	-0.00401768091990378
AT5G03380	-0.00401732073548784
AT5G63090	-0.00401711620036924
AT3G48100	-0.0040165043455369
AT4G16940	-0.00401602057819427
AT5G22050	-0.00401549782930364
AT5G55970	-0.00401531737135873
AT2G23960	-0.00401529157046645
AT1G05450	-0.00401436866645177
AT3G48660	-0.00401370720320603
AT2G35585	-0.00401305593367118
AT5G02770	-0.00401179939057586
AT1G69460	-0.00401109978089742
AT5G01790	-0.0040098538745655
AT3G01760	-0.00400839953589703
AT5G01490	-0.00400689310885227
AT1G49880	-0.0040064699569571
AT5G46890	-0.00400503240648801
AT1G64572	-0.00400321137732733
AT4G23820	-0.00400279625841308
AT2G15890	-0.00400148333548989
AT4G28830	-0.00400108535111499
AT5G16660	-0.00399982892235898
AT1G06910	-0.00399921478659321
AT1G04700	-0.00399921376712182
AT3G15050	-0.0039986170612212
AT1G11270	-0.00399668909638027
AT3G06910	-0.00399487611371569
AT5G23830	-0.00399475588860789
AT1G14970	-0.00399365219809021
AT1G60860	-0.00399252647588208
AT1G61310	-0.00399240816055643
AT4G19390	-0.00399111215954525
AT3G16570	-0.00398974687239416
AT4G12970	-0.00398962989549993
AT1G11880	-0.00398941663541022
AT5G26720	-0.00398830209908386
AT2G24280	-0.00398664727582841
AT5G07040	-0.00398621172365885
AT5G43890	0.00398365969999429
AT5G49390	-0.00398347472860196
AT3G14430	-0.00398316489768444
AT2G11810	-0.00398241812962199
AT2G36500	-0.00398110015008706
AT5G62170	-0.00398026020452859
AT4G38850	-0.00398018661131802
AT1G75580	-0.00397862775100604
AT1G48745	-0.00397856172337023
AT1G72240	-0.00397850363245619
AT2G32530	-0.00397846917716777
AT3G01490	-0.00397762382429288
AT3G13420	-0.00397697464146044
AT1G13390	-0.00397632561923273
AT1G56165	-0.00397456414463038
AT5G50300	-0.003972674427394
AT3G54363	-0.00397170004346095
AT5G56795	-0.00397008742561834
AT4G04880	-0.00396851625923418
AT5G59010	-0.00396746358159061
AT1G49780	-0.00396697762486233
AT4G39640	-0.0039668192252046
AT3G62060	-0.00396636133219014
AT5G08320	-0.00396565931825264
AT1G01110	-0.00396516051700814
AT1G57590	-0.00396342350553253
AT2G44310	-0.00396326772523527
AT5G14440	-0.00396165186506792
AT1G01120	-0.00396064677572021
AT4G17480	-0.00396026234783317
AT2G06850	-0.00396020381037888
AT2G41330	-0.00395989075606028
AT5G64816	-0.00395869906884812
AT3G47680	-0.00395853380375574
AT1G27380	-0.00395851322999123
AT1G32150	-0.00395817643800882
AT1G65800	-0.00395807837559741
AT3G02030	-0.0039578215655693
AT1G26940	-0.00395731022258499
AT4G28180	-0.00395695318388066
AT1G60460	-0.00395600525597171
AT4G14385	-0.00395599325690482
AT2G09795	-0.00395573933715113
AT1G74875	-0.00395573678914233
AT4G08470	-0.00395479989882556
AT2G08865	-0.00395335291104188
AT4G36610	-0.00395334856153105
AT5G67550	-0.0039529842991841
AT2G33110	-0.0039482347244777
AT3G46400	-0.00394733001236837
AT5G64520	-0.00394723152932026
AT1G61450	-0.00394564658184303
AT5G62950	-0.00394522005628677
AT5G47900	-0.0039447788356339
AT2G16580	-0.00394338071900756
AT1G72210	-0.00394210017030882
AT3G12070	-0.00394097205097073
AT1G04640	-0.00394017127957441
AT1G06710	-0.00393998520129602
AT3G01140	-0.00393872595219164
AT2G35160	-0.00393779701987891
AT1G51190	-0.00393742346183747
AT4G29240	-0.0039374029866845
ATCG01050	0.0039363861448611
AT3G59150	-0.00393604593243243
AT1G76040	-0.00393521117984294
AT3G15820	-0.00393508912055995
AT2G29995	-0.00393466400446066
AT3G60640	-0.00393419981149918
AT1G31430	-0.00393403815458672
AT3G48940	-0.00393352102272473
AT1G28330	-0.00393339947828354
AT4G31441	-0.00393326918793244
AT1G52343	-0.00393324512945463
AT4G30280	-0.00393321696188994
AT3G06755	-0.00393292989126775
AT5G40320	-0.00393283005684773
AT5G27290	-0.00393170398568158
AT1G22890	-0.00393061477544042
AT5G15070	-0.00393017758506273
AT5G32450	-0.00393003122150731
AT2G19050	-0.0039296150724478
AT1G01840	-0.00392886073798865
AT5G64890	-0.00392885545535641
AT1G03055	-0.00392861579885046
AT5G61940	-0.00392847449673097
AT5G66600	-0.0039280460371985
AT1G55475	-0.00392563026253059
AT5G48175	-0.00392557188054893
AT2G21640	-0.00392441720425375
AT5G46080	-0.00392366804667354
AT1G56420	-0.00392121338793022
AT2G35035	-0.00391864363962119
AT1G21200	-0.00391782063638639
AT1G07940	-0.00391621852541552
AT1G07590	-0.00391538321463328
AT3G48030	-0.00391423130777365
AT5G18065	-0.00391336263262814
AT1G31950	-0.00391253302858228
AT5G67020	-0.00391184510488345
AT1G53633	-0.00391111912725031
AT1G76820	0.00390961686692248
AT2G28060	-0.003908891656037
AT4G36500	-0.0039086163807057
AT3G49645	-0.00390729655667662
AT1G80840	-0.00390723102337437
AT5G04980	-0.00390712238448056
AT5G03460	-0.00390514747499939
AT5G59510	-0.0039044803860836
AT3G62430	-0.0039044594032115
AT1G56000	-0.00390302218086804
AT3G29575	-0.00390198245834231
AT1G74650	-0.00390116932801576
AT1G35230	-0.00390041244076752
AT5G66290	-0.00390040875998521
AT3G22240	-0.00389963037001279
AT4G05590	-0.00389863484601355
AT3G27340	-0.00389794484326421
AT3G28510	0.00389777072772837
AT3G11580	-0.00389726597292328
AT1G17345	-0.00389686988618463
AT3G57710	-0.00389629182275718
AT5G19200	-0.00389524015640356
AT5G27750	-0.00389515642042993
AT4G03150	-0.00389499674256327
AT2G20562	-0.00389456622443834
AT2G28605	-0.00389434754426738
AT2G22970	-0.00389305908086089
AT5G08250	0.00389195499127062
AT3G58820	-0.00389058914818355
AT1G12290	-0.0038900619531516
AT1G68450	-0.00388999236843288
AT2G37195	-0.00388982377146684
AT4G09800	-0.00388971953081807
AT5G23930	-0.00388955038421592
AT2G36390	-0.00388929257760351
AT3G11220	-0.00388892219005206
AT3G05870	-0.00388872478727114
AT2G21660	-0.00388716250341005
AT5G42655	-0.00388704345532008
AT5G51370	-0.00388639236003672
AT5G15790	-0.00388625796046876
ATMG01370	-0.00388623533886495
AT1G23360	-0.00388383694490854
AT5G67560	-0.00388354886946029
AT2G02750	-0.00388280942936099
AT4G30996	-0.00388204726814668
AT3G11570	-0.00388194907811933
AT1G70150	-0.00388028897818592
AT3G61400	-0.00387893584092214
AT5G65207	-0.00387777358401023
AT4G33020	-0.00387761056606374
AT1G76955	-0.0038775777561713
AT1G01130	-0.00387618468722854
AT1G17700	-0.00387614668514738
AT4G37390	-0.00387565744979922
AT2G04410	-0.00387558873474881
AT3G28956	-0.00387546370449779
AT5G52545	-0.00387503382497096
AT1G71340	-0.00387396118180835
AT1G01570	-0.0038737772056249
AT5G43980	-0.00387302882557397
AT1G12990	-0.0038728345773118
AT5G11950	-0.00387239065244231
AT4G18195	-0.00387109889848024
AT2G41510	-0.00387056135493535
AT1G32928	-0.00387041692315751
AT2G45100	-0.00386924809304061
AT2G12190	-0.00386611337657565
AT5G03250	-0.00386360527536769
AT1G61255	-0.00386338604038262
AT1G11740	-0.00386119540013077
AT1G01290	-0.00386108263942747
AT3G24560	-0.00386087157559858
AT3G02980	-0.00385930428805295
AT1G03150	-0.00385819770112087
AT5G18080	0.00385757488527406
AT1G54200	-0.00385639098280542
AT5G26770	-0.00385531881772301
AT5G28030	-0.00385477145658879
AT2G17040	-0.00385251524380092
AT1G49130	-0.00385249886601843
AT2G39840	-0.00385209544474134
AT5G21900	-0.00385148605626206
AT5G24170	-0.00385105822115425
AT2G25420	-0.00384996393640242
AT5G12280	-0.00384961370739394
AT3G27860	-0.00384869780210104
AT5G15280	-0.00384841460131085
AT4G33160	-0.00384812982704592
AT4G38540	-0.00384781447904024
AT1G43770	-0.00384646044340586
AT5G59270	-0.00384624859348977
AT2G15292	-0.00384582087124908
AT1G32690	-0.00384475660428162
AT3G20935	-0.00384453193177019
AT1G64700	-0.00384222994484049
AT5G64900	-0.00384134206085034
AT4G01250	-0.00384081944927934
AT1G02430	-0.00384026898317528
AT1G21050	-0.00383793866135359
AT3G20160	-0.0038371073341258
AT3G55760	-0.00383702595100394
AT5G38750	0.00383683278137113
AT3G41762	-0.00383549911371912
AT5G66650	-0.00383546212406652
AT5G06210	-0.00383415372429082
AT2G03370	-0.00383405208215465
AT5G51080	-0.00383268159302436
AT2G44420	-0.00383215596957463
AT3G58270	-0.003831778042679
AT1G61215	-0.00383147115001443
AT3G56130	-0.00383036508655757
ATCG00460	0.00382675629988595
AT2G33480	-0.00382486815160215
AT1G55670	-0.00382464836837482
AT3G06390	-0.00382415834989517
AT5G54400	-0.0038225874755908
AT2G04450	-0.00382238113781539
AT5G44600	-0.00382098534645891
AT3G03040	-0.00381994795859912
AT1G09320	-0.00381990223454127
AT1G62290	-0.00381778260485899
AT1G69485	-0.00381677787005593
AT5G10660	-0.00381621134163538
AT1G28470	-0.0038142088155727
AT4G33980	-0.00381372960123136
AT3G20740	-0.00381364818487918
AT2G42190	-0.00381325544543134
AT5G37990	-0.00381178238311063
AT4G08705	-0.00381144135702064
AT1G02620	-0.00380565082369668
FBti0019000	-0.00380507921120024
AT1G72750	-0.00380498389495729
AT1G63400	-0.00380448780687791
AT2G21540	-0.00380373424874269
AT1G70800	-0.00380211448603304
AT1G49830	-0.00379872689039562
AT5G17165	-0.00379823216952235
AT1G33760	0.00379747739408084
AT1G54095	-0.00379607999069687
AT1G54355	-0.00379495060970288
AT4G34090	-0.00379481667932678
AT4G24080	-0.00379480617414539
AT5G37210	-0.00379400985229363
AT2G45610	-0.00379082841688963
AT2G17705	-0.00379057547060685
AT5G16600	-0.00379001782648343
AT3G59400	-0.00378970585481291
AT2G02570	-0.00378804205529293
AT1G48310	-0.00378738231489278
AT5G20270	-0.0037869260648701
AT1G77080	-0.00378500485884948
AT5G54050	-0.00378335211289211
AT5G43270	-0.00378311126524521
AT4G19560	-0.00378281049474966
AT5G36110	-0.00378267616357434
AT3G14360	-0.00378233807858575
AT1G05340	-0.00378139493111302
AT3G29635	-0.00378122322044658
AT1G06473	-0.00378119253146813
AT2G38680	-0.00377984307224269
AT4G22190	-0.00377870496704424
AT2G15580	-0.00377690116926666
AT4G25830	-0.00377660867573685
AT5G49190	-0.00377410120165452
AT4G30760	-0.00377341266278537
AT3G14510	-0.00377289812213133
AT1G15790	-0.00377113391391531
AT5G09800	-0.00377066735535258
AT5G04340	-0.00377056964295081
AT5G62130	-0.00377005536810435
AT1G10890	-0.00376945244530368
AT1G34245	-0.00376899899114762
AT3G03590	-0.00376713658450973
AT1G06010	-0.00376687731306412
AT5G39380	-0.00376652292927587
AT4G25390	-0.00376632429220978
AT5G48820	-0.00376608439280247
AT3G21330	0.00376594041216841
AT2G01905	-0.00376567417610392
AT1G60630	-0.0037648476271284
AT4G32200	-0.00376449938373418
AT1G78210	-0.0037637693582522
AT3G45443	-0.00376309577537763
AT1G09140	-0.00376223699944163
AT5G41900	-0.00376218669826835
AT2G29125	-0.0037617413919415
AT4G33590	-0.00376075704002555
AT5G24240	-0.00375987234063826
AT5G24280	-0.00375986724966823
AT1G78550	-0.00375919421732784
AT5G54190	-0.0037585333524875
AT3G09540	-0.00375743367902614
AT5G03500	-0.00375702630104071
AT2G17380	-0.00375662597021325
AT1G65710	-0.00375650075276647
AT3G53850	-0.00375611345607598
AT3G18880	-0.00375596072306852
AT4G35783	-0.00375549586521457
AT5G56050	-0.0037552579938653
AT4G11370	-0.00375460055021665
AT3G56820	-0.00375405026154044
AT4G37300	-0.00375297362348213
AT2G33205	-0.0037528092833021
AT1G22430	-0.00375056341558754
AT3G21700	-0.00374908055055923
AT3G62050	-0.00374737217831976
AT1G07175	-0.00374563009317123
AT1G33500	-0.00374459124570509
AT3G02770	-0.00374304925337841
AT3G07273	-0.00374239284673032
AT3G60550	-0.0037411498108721
AT5G57640	-0.00374060776117242
AT1G64940	-0.00374028012658148
AT1G34460	0.00373892669729208
AT3G06600	-0.00373483563549734
AT1G05575	-0.00373437228666223
AT3G50150	-0.00373432970302085
AT1G70690	-0.00373412075672252
AT2G23180	-0.00373156561329002
AT1G19250	0.00372950103409365
AT2G34240	-0.00372869471795221
AT4G30830	-0.00372799103715042
AT4G30340	-0.00372735988835448
AT3G53450	-0.00372729919313417
AT3G48830	-0.00372637389890548
AT5G27730	-0.00372622664622959
AT4G21192	-0.00372549042477375
AT5G15900	-0.00372485488784937
AT1G61430	-0.00372472669826159
AT5G50440	-0.00372276769271603
AT5G07700	-0.00372050008167409
AT4G37095	-0.00371842308102179
AT1G13710	-0.00371598468750768
AT5G25440	-0.00371567432232634
AT5G53660	-0.00371542894116039
AT3G21420	-0.0037136542522792
AT5G08760	-0.00371345542138264
AT5G22870	-0.00371249508622199
AT3G46150	-0.00371220580586829
AT1G29230	-0.00370941832228517
AT4G33330	-0.00370881810994022
AT5G61570	-0.0037083728719618
AT5G11150	-0.00370767567422262
AT1G77010	-0.00370766427060655
AT1G32070	-0.00370758799247243
AT3G56910	-0.0037064919534409
AT5G44610	-0.00370634015064011
AT1G24430	-0.00370626249528992
AT5G59990	-0.00370608665523404
AT1G14750	-0.00370454016642496
AT2G17900	-0.0037042201928393
AT1G06140	-0.00370259960267348
AT3G27490	-0.00370188177317125
AT1G70190	-0.00370161411252679
AT4G10280	-0.00370122813349938
AT1G53160	-0.00370104558740685
AT5G42370	-0.00370055399327034
AT3G07460	-0.00370052961381606
AT1G33340	-0.00370011073666585
AT2G39910	-0.00369917540649437
AT5G66620	0.00369857501706506
AT4G38910	-0.00369811193098317
AT5G07620	-0.00369659716184223
AT1G26800	-0.00369576630716348
FBti0060472	0.0036951172210433
AT4G18530	-0.00369503865711556
AT5G60400	-0.00369445996782299
FBti0062820	0.00369403786970863
AT1G16060	-0.00369333979022874
AT3G17590	-0.00369327100470701
AT5G15270	-0.0036930265446666
AT4G23870	-0.00369248100239809
AT1G21230	0.00369029302273292
AT5G21274	-0.00368946919678607
AT5G07380	-0.00368744588183892
AT3G26680	-0.00368737762650799
AT3G62420	-0.00368624352054388
AT4G30090	-0.00368503263448482
AT3G25250	-0.00368478831700417
AT4G23750	-0.00368341802753643
AT1G30860	-0.00368241778512408
AT2G26980	-0.00368147967560403
AT5G12030	-0.00368063328012865
AT1G72190	-0.00368032853929581
AT2G03550	-0.00367846469427451
AT2G23810	-0.0036776545644229
AT5G55560	-0.00367757187693708
AT3G04140	-0.00367707617585006
AT1G75590	-0.00367632523447408
AT5G53360	-0.00367558061707427
AT5G57010	-0.0036755544199567
AT5G60650	-0.00367538033056939
AT4G34360	-0.00367517369788876
AT1G30750	-0.00367320986723826
AT1G05820	-0.00367290237962581
AT3G46330	-0.00367272373749016
AT4G03120	-0.00367241246037795
AT5G11100	-0.00367168686451216
AT5G16410	-0.00367123978561877
AT4G01080	-0.00367012442385134
AT1G20100	-0.00367010176986993
AT5G07475	-0.00366931033619026
AT1G42990	-0.00366924263643858
AT3G45420	-0.0036689406009622
AT1G09820	-0.00366794487645645
AT2G21590	-0.0036665175867215
AT1G09753	-0.00366539084480184
AT4G30470	-0.0036642420156102
AT1G45010	-0.00366410811681998
AT3G14370	-0.00366399905233033
AT1G74860	-0.00366328416687418
AT1G69150	-0.00366272922468592
AT1G06080	-0.00366208059312146
AT2G38830	-0.00366170936821829
AT4G02550	-0.00366170668101494
AT4G15300	-0.00366133535658527
AT4G14746	-0.00366101426049485
AT1G19940	-0.00365968342210601
AT5G15025	-0.00365917319686389
AT3G50660	-0.00365820628517593
AT1G13245	-0.00365807353969192
AT1G21780	-0.00365634718243757
AT1G09467	-0.00365609592792113
AT1G08930	-0.00365509273944151
AT4G10030	-0.00365505311901882
AT4G35590	-0.00365425749857686
AT1G48740	-0.00365423587793905
AT1G67840	-0.00365400266753268
AT2G17033	-0.00365390657101173
AT5G25190	-0.00365222015490078
ATCG00300	0.00365117770432302
AT5G07630	-0.00365075628953872
AT1G06930	-0.00364983311215829
AT3G16640	-0.0036495372983908
AT5G67390	-0.00364802999471363
AT2G15128	-0.0036478372229437
AT3G12100	-0.00364756251094466
AT2G14878	-0.00364727390662747
AT5G57655	-0.00364691746191596
AT5G06440	-0.00364532671590861
AT4G30690	-0.00364483684422277
AT1G18710	-0.00364223962183056
AT2G22790	-0.00363962486076027
AT3G20898	-0.00363918697763506
AT1G49000	-0.00363818116451441
AT3G20730	-0.00363814822445495
AT5G40440	-0.00363791684488651
AT5G63520	-0.00363790922009648
AT5G22530	0.00363654815345019
AT5G63130	-0.00363399677077774
AT4G23330	-0.00363291832827931
AT1G72630	-0.00362979497038789
AT5G26990	-0.00362958539007178
AT3G12320	-0.00362869761150318
AT1G74460	-0.00362584155728023
AT1G17600	-0.00362561057013777
AT4G16510	-0.00362521963634206
AT2G22730	-0.00362508084387105
AT4G08790	-0.00362448650314996
AT1G01660	-0.00362410392729762
AT3G06770	-0.00362297694828874
AT4G15690	-0.00362245691846849
AT5G41471	-0.00362240211053352
AT1G09932	-0.00362222454864248
AT1G75860	-0.00362221706106503
AT2G19440	-0.0036206500959179
AT1G67650	-0.00362021984626785
AT5G28646	-0.00361832579068126
AT2G46160	-0.00361789520782684
AT5G13410	-0.00361616383639758
AT1G35320	-0.00361439074612055
AT1G67880	-0.00361300058337448
AT3G25620	-0.00361257153130113
AT5G24750	-0.00361186490009798
AT1G59620	-0.00361085775813598
AT2G31990	-0.00360883416112221
AT1G26440	-0.00360794869217027
AT3G20840	-0.003607649849839
AT3G26115	-0.00360604782070095
AT5G56970	-0.00360554964937067
AT2G37260	-0.00360516836946084
AT5G60800	-0.00360440708272917
AT3G28150	-0.00360325370938803
AT5G18255	-0.00360291725204431
AT1G79070	-0.00360232547519349
AT1G23260	-0.00360145880939324
AT5G51910	-0.00359919443298102
AT1G63270	-0.00359819553107764
AT2G15050	-0.00359620367384258
AT5G07580	-0.0035950988460712
AT4G00310	-0.00359440135752785
AT1G62950	-0.00359411277163344
AT5G12940	-0.00359340703868676
AT1G11850	-0.0035933373747299
AT1G49500	-0.00359304878405126
AT2G48150	-0.00359217815407469
AT2G24592	-0.00359187439200303
AT3G19500	-0.00359156273427571
AT4G14103	-0.00358947812532062
AT4G14390	-0.00358882356473504
AT5G18475	-0.00358879543694617
AT1G08670	-0.00358873947131279
AT2G29460	-0.00358715084252406
AT4G29905	-0.00358464540369844
AT1G62045	-0.00358363123093376
AT1G79610	-0.00358306026749003
AT3G16490	-0.00358263641964006
AT1G13410	-0.00358231702637454
AT3G26310	-0.00358211720634065
AT3G25597	-0.00358032012858182
AT2G41380	-0.00357978984923737
AT5G46870	-0.00357858070831395
AT5G25170	-0.00357806233168661
AT3G61113	-0.00357754359154858
AT1G64300	-0.00357706860341409
AT1G17455	-0.00357643677343363
AT1G72510	-0.00357624301204298
AT5G67350	-0.0035761697969937
AT5G37800	-0.00357492575793406
FBti0018862	-0.00357488759507491
AT2G31585	-0.00357317812333006
AT1G04007	-0.00357309914701291
AT1G04877	0.00357245830528368
AT3G07730	-0.00357244781008095
AT2G08765	-0.00357222096938032
AT1G68330	-0.00357178406926729
AT5G60130	-0.0035717575222572
AT2G13550	-0.00356994783997947
AT3G61080	-0.00356913526353801
AT1G19025	-0.00356852528605168
AT1G78530	-0.00356773915740968
AT3G53010	-0.00356635769224295
AT5G13240	-0.00356603564591066
AT1G10060	-0.00356560144958474
AT3G47347	-0.00356531650296038
AT5G09240	-0.00356494356222228
AT3G62030	-0.00356446688530077
AT3G49420	-0.0035636064656091
AT3G45070	-0.00356335709126441
AT4G18880	-0.00356046378804975
ATCG00800	-0.00355901896349487
AT5G42440	-0.00355713368870534
AT5G23405	-0.00355538318218671
AT4G35320	-0.0035542443179459
AT1G34180	-0.00355177031118285
AT1G73650	-0.00355086885731643
AT2G15090	-0.0035488836774998
AT1G69520	-0.00354855254743976
AT2G23540	-0.00354844097110576
AT2G36980	-0.00354768543115676
AT3G47030	-0.0035462182229478
AT3G26920	-0.00354609670880892
AT5G27930	-0.00354485576546192
AT4G24415	-0.00354332153096735
AT3G48980	-0.00354205025869013
AT1G15630	-0.00354177511748362
AT1G24145	-0.00353920523791341
AT2G08220	-0.00353872721841551
AT4G39970	-0.00353744703327825
AT4G39510	-0.00353705711907567
AT5G26230	-0.00353687084379881
AT3G13770	-0.00353654725381866
AT5G44582	-0.00353636027600091
AT3G02370	-0.00353634701115696
AT4G02280	-0.00353562920141998
AT2G31180	-0.00353542165090532
AT5G36790	-0.00353526132577623
AT2G25770	-0.00353383082007723
AT4G13690	-0.00353322594203571
AT5G44460	-0.00353210261002711
ATMG00030	-0.00353207481816626
AT5G62210	-0.00353191639492905
AT5G38060	-0.00353158660614441
AT2G45870	-0.00353147798495093
AT1G04477	-0.00353134243576861
AT5G17520	-0.00353065927346169
AT2G36730	-0.00353037147133858
AT1G05057	-0.0035298095800827
AT3G27270	-0.00352956631112
AT5G20510	-0.00352921744327885
AT5G12390	-0.0035290025739476
AT1G67460	-0.00352852137070524
AT1G56540	-0.00352796943893496
AT4G22530	-0.00352796779338372
AT1G59510	-0.00352640521946853
AT3G18840	-0.0035260980540609
AT1G09400	-0.00352589514655512
AT1G75190	-0.00352228859111206
AT5G37055	-0.00352129684885333
AT5G09380	-0.00352043315876887
AT3G59068	-0.00352038576139101
AT5G05550	-0.00351959550032709
AT3G16670	-0.00351890981565273
AT5G45370	-0.00351723229509414
AT5G58790	-0.00351678578550656
AT4G21700	-0.00351670433536404
AT3G57640	-0.00351553502620682
AT4G19645	-0.00351384618418518
AT3G17730	-0.00351306290690614
AT3G56730	-0.00351160478687662
AT5G03770	-0.00351026372568545
AT5G57150	-0.00351003275958747
AT5G43822	-0.00350903114225489
AT1G69720	-0.00350884932042182
AT2G30910	-0.00350849817954253
AT5G20190	-0.00350833093352269
AT1G27720	-0.00350518416443305
AT5G18290	-0.00350358137128864
AT4G24700	-0.0035008526714084
AT5G59930	-0.00350083367149302
AT2G35738	-0.00350081170819383
AT4G09110	-0.00350050519928235
AT4G40020	0.00350011516257406
AT5G28010	-0.00349996354327936
AT5G57060	-0.00349956283877823
AT4G30660	-0.00349947846635817
AT1G55340	-0.00349939376376122
AT1G02920	-0.00349886807407328
AT1G66830	-0.00349724046358569
AT3G56880	-0.00349645823940032
AT5G03890	-0.00349569759758744
AT4G16410	-0.00349504171757343
AT1G52450	-0.00349354594443993
AT2G20722	-0.00349225057763624
AT3G04050	-0.00349191267586385
AT5G46220	-0.00349173138063571
AT5G13190	-0.00349108842406558
AT1G47480	-0.00348902021804429
AT3G07590	-0.00348524442437505
AT3G59080	-0.00348460549191084
AT5G14570	-0.00347988491686135
AT3G29630	-0.00347841281507945
AT1G52155	-0.00347670062162837
AT4G05090	-0.00347649310511846
AT5G11020	-0.00347525661819526
AT5G61950	-0.00347458096668545
AT3G45050	-0.0034743185493586
AT1G49700	-0.00347389226366564
AT4G10800	-0.00347151983061731
AT4G14140	-0.00347066934025761
AT1G35430	-0.00346985946336627
AT4G35750	-0.00346886547160419
AT4G09160	-0.00346872131381805
AT2G35075	-0.00346839651943747
AT4G31520	-0.00346778895284448
AT5G47380	-0.0034671012209164
AT3G11470	-0.00346645759032869
AT5G66740	-0.0034663963388888
AT4G06980	-0.00346368501738868
AT1G78450	-0.00346283453353486
AT2G01430	-0.0034627754746368
AT3G23470	-0.00346163510964595
AT5G10380	0.00346119606476522
AT2G18740	-0.00346000867429714
AT1G09533	-0.003459122501359
AT3G02800	-0.00345829277793258
AT1G11362	-0.00345783583257399
AT5G01470	-0.00345709136170967
AT1G47760	-0.00345621133464199
AT1G02660	-0.0034561230787664
AT1G16120	-0.00345543972845916
AT5G10946	0.00345524214842312
AT4G21940	-0.0034543594000721
AT4G02380	-0.00345370239957855
AT1G26580	-0.00345192797125905
AT5G41300	-0.00345109070171865
AT2G01850	-0.00345043795368905
AT1G66400	0.00345032106010515
AT5G59490	-0.00344951086305686
AT1G33720	-0.00344841550288596
AT1G01448	-0.00344748782568304
AT5G51210	-0.00344538644671093
AT1G43140	-0.00344489338181032
AT5G57560	0.0034446168574566
AT3G10815	-0.00344404534689906
AT4G22940	-0.00344311536249068
AT5G63625	-0.00344307441798626
AT5G55360	-0.00344219347342475
AT1G60610	-0.00344098930849887
AT2G47910	-0.00343990626480099
AT1G58007	-0.0034385237845166
AT5G03406	-0.00343595340923742
AT1G04920	-0.00343320090639909
AT2G34585	-0.00343208622011578
AT2G19330	-0.00343156222981591
AT4G29070	-0.00343140415622859
AT1G19190	-0.00342981873298203
AT1G14260	-0.00342847475166732
AT1G74200	-0.00342734341015208
ATCG00140	-0.00342723052588656
AT3G47965	-0.00342708421824884
AT4G15030	-0.00342682208592239
AT4G20920	-0.00342609428987612
AT2G43440	-0.00342517086799461
AT4G09180	-0.00342429924141992
AT5G39090	-0.00342422340292766
AT3G11650	-0.00342307787728277
AT1G33960	-0.00342275918439942
AT1G52618	-0.0034223168764386
AT1G31170	-0.00342219995758159
AT1G53860	-0.00342036868120092
AT1G63800	-0.00342031974504074
AT3G63088	-0.00341722662895708
AT3G50890	-0.00341706273179899
AT5G06000	-0.00341229956311128
AT2G31440	-0.00341228731728367
AT1G71930	-0.0034109492508075
AT5G06180	-0.00341089160265685
AT1G63750	-0.00341002264771493
AT5G04730	-0.00340946041293803
AT5G49500	-0.0034076868523433
AT1G61490	-0.00340762204911543
AT1G75980	-0.00340747969335328
AT2G28210	-0.00340599370516761
AT5G59650	-0.00340587459113385
AT1G55205	-0.00340561654473451
AT5G52710	-0.00340559218745916
AT1G74490	-0.0034046485055135
AT3G17130	-0.00340341610064462
AT5G05810	0.00340256025332153
AT4G33470	-0.00340218059218074
AT1G72930	-0.00340210263754753
AT1G14550	-0.00340191600788191
AT5G59800	-0.00340136315481817
AT2G31305	-0.00340034917436082
AT5G62230	-0.003400048790664
AT4G38290	-0.00340002323641583
AT1G66510	-0.00339629931721818
AT5G24940	-0.0033961173547655
AT5G06770	-0.00339560249226491
AT1G03010	-0.00339462458660343
AT4G12990	-0.00339319233469784
AT1G72940	-0.00339183536609659
AT1G60060	-0.00339043649155263
AT5G52220	-0.00338830725050734
AT2G34090	-0.00338741541105712
AT1G07420	-0.00338621362809017
AT2G22100	-0.00338520853501859
AT1G23060	-0.00338466002774739
AT4G38400	-0.0033845945011339
AT1G53990	-0.0033809187065337
AT3G45020	-0.00337861217335908
AT5G64905	-0.00337828288599691
AT1G66810	-0.00337641399784592
ATMG00660	-0.00337298218321682
AT1G27630	-0.00337295406924527
AT1G64260	-0.00337248875400612
AT5G55760	-0.0033720504227688
AT4G18830	-0.00337188003071818
AT4G28700	-0.00337185193891981
AT1G67620	-0.00337019727180688
AT4G21160	-0.00336896451909725
AT3G52526	-0.0033686319803484
AT1G30475	-0.00336857838682089
AT1G68780	-0.00336828910787321
AT1G07901	-0.00336638078191058
AT1G09000	-0.0033642392669952
AT3G05355	-0.00336408199210973
AT1G80520	-0.00336354709502196
AT3G51075	0.00335968446225806
AT5G27420	-0.00335620097161103
AT3G25740	-0.0033559011902913
AT3G49550	-0.00335548836852304
AT3G04165	-0.00335492002385729
AT4G11530	-0.00335255751384681
AT2G23430	-0.0033523709488314
AT4G37010	-0.00335148558124141
AT5G46520	-0.00335094985122827
AT5G55850	-0.00335073643955223
AT1G55865	-0.00334996623397775
AT4G19460	-0.00334864046187796
AT1G59930	-0.0033481482163235
AT1G65486	-0.0033439655124948
AT3G13210	-0.00334304395954673
AT5G45240	-0.00334185623080417
AT3G15800	-0.00334149552818361
AT4G12720	-0.00334132459167172
AT3G20557	-0.00334092707797731
AT1G68872	-0.00334069484732902
AT5G39030	-0.00334017430173904
AT5G23410	-0.00333716086355752
AT5G52640	-0.00333706567019337
AT2G44670	-0.00333434349543676
AT2G05632	-0.0033340315736772
AT1G09950	-0.00333285269821982
AT5G05320	-0.00333246368921771
AT2G46830	-0.00333091921946625
AT1G34010	-0.0033290153030172
AT3G15115	-0.00332782891883834
AT1G66660	-0.00332484640294055
AT3G05937	-0.00332350735164508
AT5G16240	-0.00332183696531863
AT5G65687	-0.00331997400981522
AT5G19240	-0.00331893512633126
AT1G31580	-0.00331877987141675
AT1G07290	-0.00331877775731162
AT4G15233	-0.00331538019593196
AT1G63550	-0.00331470146712502
AT3G50470	-0.00331402451268706
AT4G28350	-0.00331031556620043
AT5G16640	-0.00330655143326707
AT2G17710	-0.00330633002955781
AT3G05320	-0.00330533455687713
AT4G15800	-0.0033051047200746
AT3G51760	-0.00330401505345664
AT3G05140	-0.00330258386696721
AT5G62865	-0.00330183898232758
AT5G07650	-0.00330119656144422
AT2G45023	-0.00330081771907034
AT3G29130	-0.00330060295840681
AT2G26400	-0.0032979760150005
ATCG00180	-0.00329791165279839
AT1G09250	-0.00329601068440693
AT1G24330	-0.00329552852253835
AT4G26055	-0.00329464245530108
AT5G51530	0.00329367302377719
AT3G27473	-0.00329277579656787
AT2G23170	-0.00329258615236362
AT5G09690	-0.00329167149686672
AT3G02500	-0.00328859761313445
AT5G04690	-0.00328734923345319
AT3G24450	-0.00328665394220206
AT1G53950	-0.00328658730368161
AT5G25460	-0.00328601079433594
AT5G10280	-0.00328593536340966
AT5G46900	-0.00328588299976845
AT1G10657	-0.00328465224260712
AT5G39860	-0.00328451469649307
AT4G21720	-0.00328410514406009
AT1G18750	-0.00328388753026334
AT3G55840	-0.00328338052500168
AT1G63520	-0.00328314153826768
AT5G09580	-0.00328236791016006
AT5G15265	-0.00328049625215392
AT1G77390	-0.0032798259979483
AT5G18060	0.00327938081964204
AT3G45700	-0.00327812538448703
AT2G35140	-0.00327737544546769
AT5G55830	-0.00327655648588694
AT5G38212	-0.00327646946877157
AT3G58070	-0.00327542477644405
AT5G01545	-0.00327346474472779
ATCG01060	0.00327250016010534
AT3G60960	-0.00327230344644538
AT4G09460	-0.00327224627142749
FBti0019384	-0.0032716221014206
AT3G46880	-0.00327120496339684
AT3G04860	-0.00327107320950731
AT3G14070	-0.00326976009199642
AT4G00690	-0.00326901308868176
AT3G61460	-0.00326871931203903
AT3G56220	-0.00326850105830683
AT5G56490	-0.00326680732289
AT5G49320	-0.00326505880566108
AT5G09820	-0.00326143072146367
AT4G33905	-0.00326135964276248
AT4G27657	0.00325986993543786
AT5G41400	-0.00325983732415399
AT4G27745	-0.00325932564605177
AT5G23750	-0.00325917165556072
AT5G19160	-0.00325805263377607
AT3G22450	-0.0032576234765223
AT3G06520	0.00325734805594745
AT1G52905	-0.00325558152571517
AT5G65240	-0.0032550905580386
AT1G61360	-0.00325202860091247
AT3G12580	-0.00325191436515285
AT3G61190	-0.00325127795293376
AT4G39925	-0.00325068670584129
AT5G47990	-0.00325034897455779
AT4G06775	-0.00324795151988606
AT3G07675	-0.00324777276430355
AT4G27040	-0.00324714201421823
AT1G07650	-0.00324691003163415
AT1G06515	-0.0032463530807941
AT1G15050	-0.00324634469957886
AT1G67900	-0.00324622913957965
AT5G18260	-0.00324414004468288
AT4G33490	-0.00324408761423067
ATMG00650	0.00323868499600865
AT5G24900	-0.00323864901437917
AT4G33670	-0.00323804014278123
AT5G03905	-0.00323716730846162
AT1G03340	-0.00323672780697332
AT2G29420	-0.00323622450664901
AT5G14750	-0.00323541897925007
AT2G16595	-0.00323414665386012
AT5G43290	-0.00323222504778727
AT1G68540	-0.00323207046579107
AT4G21120	-0.0032318533214365
AT2G43500	-0.00323124136881485
AT1G14240	-0.00323047368667859
AT5G60022	-0.00323032999579135
AT4G28680	-0.00322877100983677
AT4G03935	-0.00322754534262933
AT5G57123	0.00322674491047552
AT1G50590	-0.00322622511788692
AT4G17280	-0.00322394968390109
AT5G42900	-0.00322205458522487
AT2G20440	-0.00321726102591416
AT1G05100	-0.00321627437637857
AT4G02140	-0.00321593839786512
AT1G02470	-0.00321543091144161
AT5G64450	-0.00321448557414401
AT5G59865	-0.00321362089550483
AT1G60050	-0.00321352276149503
AT4G38330	-0.00321299925072163
AT4G40065	-0.0032124692542008
AT5G25370	-0.00320998239176575
AT1G31760	-0.00320974749730928
ATCG00450	-0.00320883828915261
AT5G66610	-0.0032080218048638
AT5G54710	-0.00320768324107941
AT4G30120	-0.00320714393131882
AT1G17960	-0.00320633127272032
AT4G37608	-0.0032051646771443
AT5G09530	-0.00320448895663915
AT2G42860	-0.00320411401538627
AT4G09810	-0.00320266393285688
AT1G56510	-0.00320060103462678
AT1G68360	-0.00319826233900205
ATCG00220	0.00319724265723186
AT2G43720	-0.00319723365222104
AT1G07323	-0.00319675843141109
AT1G49952	-0.0031962634348229
AT1G55050	-0.00319607323352672
AT1G02065	-0.00319309726110836
AT1G02300	-0.00318969091316378
AT5G63135	-0.00318752910607441
AT5G53160	-0.00318707179694618
AT1G09812	-0.00318646752938973
AT1G07795	-0.00318591708806053
AT2G27770	-0.00318586149605641
AT1G26600	-0.00318376097784492
AT4G30975	-0.00318352704965102
AT5G37680	-0.00318309938619045
AT1G08400	-0.0031822956349647
AT3G62110	-0.00318113629434998
AT5G16770	-0.00317878413692778
AT1G29785	-0.0031779098224116
AT1G63420	-0.00317548732848249
AT4G16892	-0.00317464087546476
AT3G12830	-0.00317271953815383
AT2G24700	-0.00317142874604036
AT3G01850	-0.00317125411343118
AT3G06220	-0.0031699627579621
AT5G13470	-0.00316854272320612
AT3G51910	-0.00316833561517512
AT1G47990	-0.00316688847259842
AT3G02070	-0.00316621751882295
AT2G17060	-0.00316609853204028
AT2G25590	-0.00316607353222947
AT3G26782	-0.00316540697893686
AT3G23610	-0.00316324334702615
AT4G10390	-0.00316143353448021
AT3G59130	-0.00316056103871103
AT3G49380	-0.00316055290006807
AT2G24390	-0.00315882151205315
AT5G18540	-0.00315875905014509
AT1G76170	-0.00315757111974835
AT2G39620	-0.00315521577149512
AT1G72640	-0.00315493291210014
AT2G43050	-0.00315338980160023
AT1G22403	-0.00315321582722966
AT1G05277	-0.00315241643396049
AT2G25130	-0.00315182073605617
AT5G43460	-0.00315069438087818
AT1G10000	-0.00314953945227145
AT2G32930	-0.00314831424717419
AT5G01420	-0.00314824630910531
AT5G10278	-0.00314821758018934
AT5G24960	-0.00314729029292152
AT2G30020	-0.00314677725983226
AT1G19990	-0.00314634951591819
AT1G24265	-0.00314497451848345
AT1G58460	-0.00314471719998395
AT4G38060	-0.00314470346855628
AT2G22260	-0.0031442688940392
AT3G17600	-0.00313623115950195
ATCG00500	0.00313591529468719
AT1G74456	-0.00313511309168777
AT3G62570	-0.00313510359221575
AT4G19550	-0.00313401064125201
AT1G73690	-0.00313271490123737
AT3G27420	-0.00313093104420063
AT4G28703	-0.0031308461993101
AT2G02850	-0.00312980180672846
AT4G00780	-0.00312927184668089
AT1G01250	-0.00312880442572909
ATCG00320	-0.00312778151298996
AT5G55620	-0.00312504190146678
AT2G28900	-0.00312392677608018
AT2G36026	-0.00312362194406559
AT2G28330	-0.00312205060765587
AT1G60525	-0.00312192887516501
AT4G21340	-0.00312152034253519
AT5G49780	-0.00312044750144693
AT2G15370	-0.00311626047340735
AT4G23450	-0.00311625290144505
AT1G64640	-0.00311617806674749
AT1G12460	-0.00311460119129655
AT1G26218	-0.0031140595938794
AT5G47160	-0.00311380990480858
AT1G32415	-0.00311373711576193
ATCG00440	0.00311362537893066
AT4G36280	0.00311307489511579
AT1G18980	-0.0031111974366772
AT3G47100	-0.00310599109791328
ATCG01090	0.00310543159879013
AT4G16780	-0.00310526216825134
AT1G68680	-0.0031052156216279
AT4G36230	-0.0031049704569874
AT2G45380	-0.00310481388139479
AT5G25640	-0.00310413296880635
AT3G14580	-0.00310241578116124
AT3G55700	-0.00309755817368079
AT2G22000	-0.00309685398782842
AT5G66800	-0.00309621782677797
AT4G19003	-0.00309354400736733
AT3G59680	-0.00309195741314138
AT3G13175	-0.00308921100549481
AT3G04640	-0.00308638387531656
AT4G13580	-0.00308569331130182
AT3G45080	-0.00308467135659364
AT3G48260	-0.00308409210928857
AT5G57220	-0.00308302163478509
AT1G26420	-0.00308129399323815
AT1G12880	-0.00308080908768412
AT3G52180	-0.00308024223545426
AT2G42820	-0.00307983183821634
AT1G33415	-0.00307913651473811
AT5G37240	-0.00307820473920285
AT5G11740	-0.00307612598524845
AT1G08300	-0.00307592105832168
AT5G53045	-0.00307467071449805
AT1G28070	-0.00307347191220462
AT3G57130	-0.00307337492099107
AT5G09970	-0.00307251646214379
AT1G63260	-0.00307095462508727
AT1G21550	-0.00307024778636756
AT3G27500	-0.00306985271644484
AT1G44830	-0.00306956704632501
AT1G79310	-0.00306956143308003
AT1G23465	-0.0030666072890975
AT1G68850	-0.00306383117051726
AT3G23640	-0.00306336487841772
AT5G57340	-0.00306183631632481
AT1G12070	-0.00306154748176719
AT5G17350	0.00305888375425711
AT4G10000	-0.00305886637751039
AT1G22885	-0.00305860493532933
AT4G14860	-0.00305733548601811
AT5G43690	-0.00305702823100297
AT5G45760	-0.00305512251641642
AT5G61600	-0.00305478709366822
AT2G46735	-0.00305289663616061
AT4G08950	-0.0030526333302545
AT1G32520	-0.00305222630347327
AT2G46740	-0.00305212647786913
AT3G57480	-0.0030520394448065
AT5G28490	-0.00304894353123427
AT1G47130	-0.00304751141196984
AT5G07325	-0.00304280583346508
AT5G20260	0.00304276802302555
AT4G14050	-0.0030424863198831
AT4G18280	-0.00304192964039809
AT4G24026	-0.00304065397400058
AT5G03345	-0.00304054292339397
AT3G25600	-0.00303965043594854
AT1G04240	-0.00303828793296555
AT5G59190	-0.0030376783199037
AT1G75945	-0.00303709533771443
AT2G40110	-0.00303502077201968
AT1G09995	-0.00303419849424039
AT1G43020	-0.00303318882748693
AT3G50620	-0.00303304410450949
AT5G24735	-0.00303184071571866
ATCG00520	0.00303162760461093
AT1G21510	-0.003030106575146
AT5G52290	-0.00302874435809436
AT4G11410	-0.00302842978593704
AT1G47578	-0.00302800662370411
AT1G13500	-0.00302791872832284
AT3G24020	-0.00302624298957374
AT2G36355	-0.00302471391687059
AT3G03965	-0.00302297505455833
AT3G50340	-0.0030212983328382
AT1G71380	-0.0030195263133486
AT3G05160	-0.0030178225728776
AT1G26945	-0.00301577499742918
AT1G61340	-0.00301534721373975
AT2G38823	-0.0030150656936683
AT2G31141	-0.00301470431807639
AT3G56000	-0.00301425104680749
AT2G08735	-0.00301175381279211
AT4G34680	-0.00301103369334691
AT4G25600	-0.00301056831672317
AT1G70780	-0.00300641796863781
AT5G22860	-0.0030053444057585
AT1G04180	0.00300122252789018
AT5G37180	-0.00300052974936304
AT1G54540	-0.0029998366036108
AT1G05894	-0.00299669514577322
AT3G26170	-0.00299510491327841
AT2G46455	0.00299333366795133
AT4G06701	-0.002991327768954
AT4G12040	-0.00299121842183663
AT2G27400	-0.0029908816719234
AT1G05020	-0.00299044647667597
AT3G16280	-0.00299012039245244
AT4G01510	-0.00298971927380172
AT5G17840	-0.00298949894396405
AT1G36940	-0.0029894406261218
AT4G08040	-0.00298905200679004
AT1G74520	-0.00298483091942279
AT5G67340	-0.00298380120571854
AT5G08240	-0.00298136127151256
AT4G11720	0.00298136081449037
AT5G62020	-0.00298048267423319
AT4G02005	-0.00297986365490987
AT5G55590	-0.00297887723969536
AT2G35950	-0.00297768736231958
AT5G55720	-0.00297651386247151
AT2G18690	-0.00297625479408666
AT4G14548	-0.00297320321592977
AT5G23160	-0.00297262588891148
AT2G14095	-0.00297164190518539
AT4G32060	-0.00297037818742166
AT1G17420	-0.00297007583892432
AT5G24600	-0.00296916072328736
AT1G60190	-0.00296911098290107
AT4G05170	-0.00296785827522477
AT2G40460	-0.00296721834682475
AT1G25422	-0.00296623917470748
AT5G22555	-0.0029658802684791
AT3G04700	-0.00296582308557757
AT5G39220	-0.0029647427597847
AT2G30420	-0.00296461626577956
AT4G15380	-0.00296286015403003
AT3G05890	-0.00296272376378366
AT4G34990	-0.00296243535337742
AT4G22610	-0.00296164802375803
AT4G36010	-0.00295982080726646
AT1G69252	-0.00295931539326719
AT2G31220	-0.00295860492669574
AT4G21300	-0.0029582895591389
AT5G27889	-0.00295716893130333
AT5G54980	-0.00295227934121825
AT2G28940	-0.00295157226851481
AT2G20100	-0.00295093708503407
AT2G47060	-0.0029493533012526
AT3G06740	-0.0029476408690833
AT2G35744	-0.00294709134919632
AT2G23030	-0.00294708771551618
AT3G49820	-0.00294639126930582
AT1G23970	-0.00294633259414158
AT5G40600	-0.00294599190951857
AT2G16750	-0.00294241445737212
AT5G53250	-0.00294199277253153
AT1G09687	-0.00293977298053715
AT1G10600	-0.00293779722019459
AT1G04150	-0.00293593775777196
AT3G50030	-0.00293360425259229
AT1G80960	-0.00293303608555712
AT2G14520	-0.00293178527207967
AT5G25260	-0.00293086031553964
AT2G40350	-0.00293051724862048
AT4G16670	-0.00292628795867605
AT1G56320	-0.00292560482482837
AT1G77860	-0.00292334428772653
AT3G55740	-0.00292316209128191
AT4G14400	-0.00292212925167469
AT3G02380	-0.00292075274754794
AT4G03940	-0.00292072320842539
AT1G57610	-0.00292049061911335
AT1G03210	-0.00292015632709998
AT5G45840	0.00291668702332295
AT2G32795	-0.00291583307172512
AT3G53250	-0.00291467265242762
AT1G21695	-0.00291185065744685
AT3G55470	-0.00291070140578222
AT1G52830	0.00291067629766
AT2G40520	-0.00290866214807045
AT5G45810	-0.00290793466949714
AT1G05540	0.00290793175445105
AT1G71910	-0.00290744903390528
AT3G19040	-0.00290735846818781
AT1G18570	-0.00290595536294634
AT5G49015	-0.00290353741350926
AT2G27080	-0.00289822634897294
AT4G11655	0.00289769283315084
AT2G30660	-0.00289644861494604
AT1G07313	-0.00289490105955203
AT4G13190	0.00289473710886031
AT2G42330	-0.00289125627117328
AT1G51430	-0.00289033870017406
AT2G26530	-0.00288847519846712
AT4G23190	-0.00288835511948743
AT4G03443	-0.00288794027799352
AT1G66540	-0.00288673340847361
AT5G51810	0.00288625883827694
AT2G39560	-0.00288503233756127
AT5G36870	-0.0028843298797834
AT1G65240	0.0028823534143449
AT3G28620	-0.00288226992250105
AT1G54730	-0.00288015339819388
AT5G18661	-0.00287948885203568
AT5G66350	-0.00287511658528344
AT2G21130	-0.0028747623274127
AT3G56620	-0.00287396845048395
AT2G03200	-0.00286608787784394
AT2G34600	-0.0028624324744088
AT5G24215	0.00285974727667198
AT5G11320	-0.00285952970973944
AT1G14660	-0.00285669302395225
AT5G58784	-0.00285627733319635
AT1G53700	-0.00285510020134431
AT1G15800	-0.00285373677727796
AT1G66950	-0.00285301817039045
AT4G08035	-0.00285245868388341
AT1G70920	-0.00285200541282362
AT3G62070	-0.00285115782803198
AT5G46115	-0.00285109521133116
AT5G46410	-0.00285039349039257
AT3G17626	-0.00285024941766967
AT3G06020	-0.00284995298646363
AT5G60440	0.00284855876733347
AT4G34970	-0.00284692920465815
AT4G28930	-0.00284591977576526
AT2G30380	-0.00284447415345603
AT1G33615	-0.00284265436884671
AT4G03600	-0.00284186132276926
AT5G50130	-0.00284121911272791
AT4G26890	-0.00284042867691606
AT4G19095	-0.00283694750652618
AT5G38910	0.00283336632025417
AT1G78480	-0.00283270595349554
AT2G46440	-0.00283238534678367
AT3G07470	-0.00282884173433403
AT3G48450	-0.00282750510368762
AT5G07000	-0.00282738645802414
AT1G74350	-0.00282658542814889
AT2G28500	-0.00282613386127427
AT5G45340	-0.00282381594135086
AT1G07897	-0.0028231642578974
AT5G11190	-0.00282292817956628
AT5G05330	-0.00281891817404017
AT1G58037	-0.00281781793027186
AT3G18610	-0.00281669785214779
AT1G36070	-0.00281632286427766
AT2G30840	-0.00281445372238783
FBti0060664	0.00281432116744742
AT1G16825	-0.00281304628457163
AT3G49330	-0.0028121926973846
AT4G33355	-0.00280962056693902
AT1G63820	-0.00280819278739076
AT2G23410	-0.00280790564888165
AT5G65920	-0.00280733777392621
AT3G14850	-0.00280710844092161
AT5G22788	-0.00280625117196686
AT4G37483	-0.00280334188212479
AT2G04800	-0.00280178654446053
AT3G14362	-0.00280154970982881
AT4G06880	0.00280066890172355
AT3G11020	-0.00280052648438541
AT5G48440	-0.00279882349342985
AT2G15760	-0.00279862759368949
AT4G23340	-0.00279344206037808
AT1G52130	-0.00279124380887682
AT4G13000	-0.00278871321995016
AT2G05540	-0.00278788049338201
AT3G06260	0.00278737898377228
AT3G55820	-0.00278693580434873
AT2G21180	-0.00278569535212764
AT4G10330	-0.00278497830442512
AT1G03920	0.00278311643051365
ATMG01380	-0.00278273284059891
AT3G47040	-0.00278215516587088
AT2G46570	-0.00278153700012036
AT2G08100	0.00278006079787063
AT4G32800	-0.00277688622979417
AT5G65860	-0.00277589462176135
AT5G55120	-0.0027749427668358
AT4G18270	-0.00277439614841586
AT2G41340	-0.00277199698141194
AT1G08507	0.00277175954237798
AT3G10986	-0.00277047580760138
AT1G56260	-0.00276844147474675
AT4G26990	-0.00276623054726928
AT5G06540	-0.00276608092998568
AT3G20475	-0.0027642749690384
AT3G55970	-0.00276424078627811
AT1G78940	-0.00276407051230707
AT2G32620	-0.00276380290057983
AT1G33612	-0.00276322565622144
AT2G47930	0.00276145236065055
AT1G45015	-0.00276036059188795
AT5G54490	-0.00276031264631542
AT1G51520	-0.00275745469910372
AT4G04423	0.00275648413276001
AT1G28570	-0.00275638489464624
AT5G14960	-0.00275614586681384
AT4G02830	-0.00275532489611729
AT1G74630	-0.00275290820569511
AT3G07000	-0.00275180084561687
AT3G28760	-0.0027517994438543
AT1G48510	-0.002751558348963
AT1G23840	0.00275050063805061
AT4G28085	-0.00274970022636418
AT1G75030	0.0027495272197671
AT2G17210	-0.00274817839492363
AT3G62930	-0.00274682540836593
AT5G52890	-0.00274547640376133
AT5G53420	-0.00274414560683828
AT5G55990	-0.0027435594256816
AT4G13885	-0.00274322297263649
AT2G16990	-0.0027428942514299
AT3G05650	-0.0027425223483494
AT2G22200	-0.00274070697653636
AT5G20450	-0.00274005398362599
AT5G45770	-0.0027381993618004
AT1G09195	-0.00273769762075793
AT5G46720	-0.00273498296596071
AT1G17460	-0.00273456477435223
AT3G45430	0.00273416524825291
AT5G59570	-0.00273347415247308
ATMG01170	-0.00273093414654403
AT3G60940	-0.00273083774183732
AT5G65350	-0.0027296299447782
AT1G11125	-0.00272777879701122
AT5G17150	0.00272644338785017
AT5G11290	-0.00272272686520966
AT1G47278	-0.00272222804839166
AT1G78865	-0.00272074942365379
AT4G35290	-0.00271851217721304
AT1G06753	-0.00271529732910964
AT2G18890	-0.00271403051245637
AT3G50210	-0.00271009179795808
AT5G20420	-0.00270982730150531
AT4G36450	-0.00270727109193458
AT1G15165	-0.00270704028665775
AT5G52070	-0.00270548988877035
AT3G05630	-0.00270543562782288
AT1G52710	-0.00270543175259139
AT5G13580	-0.00270499202931853
AT5G61800	-0.0027041356337919
AT1G04600	-0.00270283524545309
AT3G26395	-0.00270199626053881
AT3G13970	-0.00269710758397443
AT4G12000	-0.00269601879925968
AT4G02075	-0.00269379367875176
AT1G69325	-0.00269221988554209
AT4G01140	-0.00268971847047355
AT5G14895	-0.00268842288664783
AT5G36260	-0.00268829313136552
AT5G17450	-0.00268763329870857
AT1G52100	-0.00268759016937957
AT4G24660	-0.00268734520288308
AT4G37370	-0.00268704883724003
AT3G46700	-0.00268376442184553
AT4G12917	-0.00268264153655264
AT1G47560	-0.00268233758770046
AT3G13400	0.00268229969095509
AT5G67245	-0.00268154303474573
AT3G19680	-0.0026796103607085
AT3G20590	-0.00267957579208441
ATCG00130	0.00267924535185227
AT2G05665	-0.00267746537956943
AT2G42510	-0.00267683303273486
AT3G44540	-0.00267615254294854
AT1G02400	-0.00267477529731674
AT5G27770	-0.00267445492244806
AT5G07285	-0.00267173143976799
AT1G68700	0.0026712441092554
AT3G47050	-0.00266964177908935
AT4G39366	-0.00266713312196201
AT3G54320	-0.00266605088212799
AT4G20880	-0.00266537611488929
AT5G43725	-0.00266422570545969
AT5G35760	-0.00266354285352559
AT1G06450	-0.00266320919364948
AT2G43520	-0.00266317245636851
AT1G30845	-0.00266301526876169
AT2G24645	-0.00266263101452965
ATCG01040	-0.00266190868227536
AT5G16490	-0.00266177844668282
AT4G04865	-0.00265958844794389
AT1G05153	-0.00265840427748671
AT4G10960	-0.00265696587426909
AT5G66580	-0.00265540643614229
AT5G02750	-0.00265430938187177
AT5G64510	-0.00265355911644378
AT2G16970	-0.00265236748375622
AT1G77520	-0.00265107823259665
AT3G59765	-0.00265079529302062
AT2G19690	-0.00265051507271148
AT3G07525	0.00264894125956159
AT2G46950	-0.00264861101276652
AT5G14920	-0.00264698684048257
AT2G46300	-0.00264686204640956
AT5G18010	0.0026456800387636
AT2G27180	0.00264456858233399
AT5G60880	-0.00264211065306531
AT5G67411	-0.00264120807667606
AT1G65370	-0.00264111701624459
FBti0061808	-0.00263926927613103
AT2G27010	-0.00263764150263051
AT5G37750	-0.0026363622416409
AT1G80060	-0.00263340168808288
AT1G03660	-0.00263219247695344
AT1G45229	0.00262945360667166
AT3G49920	-0.0026258660824002
AT5G06760	-0.00262462744237935
AT5G64660	-0.00262443790078152
AT4G28162	-0.00262267658868887
ATCG00420	-0.0026207942036561
AT4G11640	-0.00262030553376953
AT2G26370	-0.00261908433520585
AT4G13800	0.00261782853097423
AT1G65510	-0.00261656416793413
AT1G70430	-0.00261591009027679
AT3G12460	-0.00261461236019363
AT2G33830	-0.00260838038567285
AT3G03840	0.00260818097059921
AT1G65620	-0.00260769657104023
AT3G59310	-0.00260677583004724
AT3G04755	-0.0026053042833387
AT1G73910	-0.00260449515934855
AT1G15625	-0.00260260767995812
AT3G17700	-0.00260222787059525
AT4G27460	-0.00260193626645455
AT3G43840	-0.00260136151666344
AT3G23050	-0.00260114672139098
AT4G21320	-0.00260073926830426
AT2G39310	-0.00259715974442404
AT4G36110	-0.00259657067609273
AT5G05960	-0.00259591136266282
AT3G16700	-0.00259574828840649
AT3G01210	-0.00259497954299951
AT2G45900	-0.00259074135833407
AT5G13200	-0.00258806847681309
AT3G32047	-0.00258677295034669
AT2G43940	-0.00258657015261777
AT5G06310	-0.00258643852926721
AT3G54020	-0.0025849259439387
AT1G49940	-0.00258351556447262
AT1G26680	-0.00258257227405624
AT1G44740	-0.00258253477559639
AT1G48820	-0.00257955927708932
AT1G29180	-0.00257500557493343
AT1G09600	-0.00257190314422477
AT1G24405	-0.00257187583380938
AT3G62510	-0.00257180494343182
AT3G55980	-0.00257097968397785
AT5G10800	-0.00257054134869999
AT3G01500	-0.00256986208070789
AT1G61560	-0.0025685543152232
AT1G58235	-0.00256449556173763
AT5G01110	-0.0025639234319227
AT3G50810	-0.00256332120793542
AT5G41690	-0.00256308229671238
AT1G31290	-0.00256103973781918
AT2G22620	-0.00256056661888656
AT5G49800	-0.00256043152645271
AT5G55380	-0.00255984905220324
AT4G29340	0.00255799895561586
AT1G08857	-0.00255796864015096
AT1G29418	-0.00255736380272418
AT4G01830	-0.00255719530412347
AT5G59590	-0.0025557731956816
AT4G23950	-0.00255506152850668
AT3G04160	-0.00255000260120424
AT5G43700	-0.00254802583408214
AT5G02690	0.00254403546932053
AT3G59450	-0.00254149726614987
AT5G09720	-0.00253959675898401
AT4G07195	-0.00253639357403522
AT3G49970	-0.00253619737210401
AT1G79580	-0.00253614154163598
AT3G07555	-0.0025343818273843
AT3G01516	-0.00253411003990936
AT3G06100	-0.00253368820042231
AT1G70440	-0.00253356349005822
AT1G71740	-0.00253192194144987
AT2G15080	0.0025306409570468
AT1G55430	-0.00252994725519004
AT1G05467	-0.00252885819595017
AT1G75430	-0.00252885468323874
AT3G05620	-0.00252850825292866
AT1G76650	0.00252750405819967
AT5G48400	0.00252591865006612
AT1G60787	-0.00252568325061434
AT5G45540	-0.00252518357434898
AT3G13898	-0.00252452125160639
AT2G17340	-0.00252401542078341
AT5G37050	-0.00252258405282885
AT1G26780	-0.00251891104837154
AT2G27790	-0.00251854341584066
AT1G43765	-0.00251750635036811
AT3G09032	-0.00251726055422527
AT3G05936	-0.0025160137463083
FBti0020031	0.00251591236691426
ATCG00720	0.00251543070941692
AT4G17215	-0.00251512088383802
AT4G27050	-0.00251427056976779
AT3G54200	-0.00251098168730578
AT4G21870	-0.00251077290960489
AT5G13900	-0.00250972988579094
AT2G43290	-0.00250942757901126
AT3G06370	-0.00250936426183318
AT3G56890	-0.00250926288389752
AT5G02575	0.00250864901422582
AT2G43670	-0.00250849818576425
AT1G50970	-0.00250847156615367
AT2G02630	-0.00250789153260119
AT4G27852	-0.00250704175689114
AT3G50040	-0.0025041387736676
AT4G05210	-0.00250411379582854
AT1G55910	-0.0025018668937985
AT5G40400	-0.0025013070911381
AT5G22799	-0.00249972370265308
AT3G13980	-0.00249697246858703
AT1G73360	-0.0024959996509704
AT4G30650	-0.00249480153954951
AT1G69540	0.00249046817753396
AT5G12050	0.00248914783770144
AT1G12400	-0.00248620808048105
AT2G35290	-0.00248568871959063
AT5G63060	-0.00248496293723991
AT3G19270	-0.0024849347686951
AT4G39340	-0.00248480303908664
AT2G39681	-0.00248048471885863
AT5G46650	-0.00248042914446867
AT1G17780	-0.00247927898815078
AT1G28685	-0.00247924769830141
AT2G40095	-0.00247707356093614
AT3G16030	0.00247461920647293
AT3G22910	-0.00247246090506849
FBti0020127	0.00247208243876131
AT5G52320	-0.00247070773787858
AT3G28950	-0.00246833718575055
AT2G07435	0.0024677945988479
AT3G58810	-0.00246687357758579
AT1G52570	-0.00246636525622546
AT2G30424	-0.00246543675685996
AT1G02580	-0.0024649116838451
AT2G03590	-0.00246352313104792
AT2G18650	-0.00246337059084236
AT3G20810	-0.00246315471158405
AT1G53130	-0.00246160345550396
AT3G20130	-0.00245929533446652
ATMG00020	-0.00245887197622103
AT1G08590	-0.00245696457549668
AT3G47675	-0.00245549595734754
AT1G74440	-0.00245431644348412
AT5G66658	-0.00245394066873558
ATCG00640	0.00245377925933482
AT1G33102	-0.00245310008950094
AT3G16300	-0.00245251939232468
AT1G50790	-0.00245144990144681
AT2G46720	-0.0024507557500166
AT4G16745	-0.00244723112431638
AT2G37900	-0.00244707217090105
AT1G79915	-0.00244696058668806
AT5G65060	-0.00244660376815548
AT4G24130	-0.00244484784660086
AT3G03020	-0.00244394549038111
AT2G33000	-0.00244304423849793
AT5G57320	0.00244222743335453
AT1G29510	0.00244183558460501
AT5G11160	-0.00243984951170816
AT5G09430	-0.00243984673742203
AT1G57990	-0.0024339982362122
AT1G26530	-0.00242839388326174
AT1G61065	-0.00242640893939124
AT1G68825	-0.00242535610965126
AT4G04900	-0.00242394598832497
RR48341_transposable_element	0.00242001487216104
AT1G51820	-0.00241884583282386
AT1G52880	-0.00241849607953083
AT3G60520	-0.00241825391438292
AT1G22740	-0.00241677192308111
AT5G63595	-0.00241656385649789
AT1G59590	-0.00241511548626807
AT1G30370	-0.00241488137026291
AT3G26480	-0.00241464540247651
AT2G15440	-0.00241414165777158
AT5G05350	0.00240603192887525
AT2G28400	-0.00240593479855061
AT4G12890	-0.00240559948742775
AT1G48870	-0.00240394358604111
AT3G06868	0.00240390474091812
AT3G27510	-0.00240242659822692
AT1G11120	-0.00240182136083161
AT5G03550	-0.00239787557840607
AT3G15770	-0.00239668105368951
AT3G13277	-0.00239407197570166
AT3G59330	-0.00239263223213785
AT5G20810	-0.00239232891438771
FBti0019220	0.00239067595031987
AT1G31460	-0.00238663074529277
AT3G10450	-0.0023864000524447
AT2G31010	-0.00238184974650898
AT2G46310	-0.00238172997680485
AT1G03100	-0.00237850923621906
AT4G37580	-0.00237459143002753
AT1G32190	-0.00237427931978507
AT2G32300	-0.00237344878207709
AT4G14370	-0.00237281573358902
AT2G24220	-0.00237179787922257
AT1G04290	-0.00237069102626827
AT4G15400	-0.00236936273019784
AT5G19170	-0.00236861895736821
AT1G65330	-0.00236808390305514
AT1G55675	-0.00236619134061207
AT1G05690	-0.00236247194507969
AT4G13820	-0.00236155497803092
AT3G59350	-0.00235927471523288
AT3G50230	-0.00235822086517975
ATMG00090	0.0023577887173223
AT1G18030	-0.00235413852829609
AT1G27730	0.00235404095530948
AT1G70510	-0.00235347659214616
AT5G18030	0.00235018936474241
AT5G02865	-0.00234818526016635
AT2G21187	-0.00234754666332698
AT3G44800	-0.00234725721142716
AT5G08150	0.00233707512250952
AT5G62165	-0.00233633436835156
AT5G66270	-0.0023340475625269
AT3G58000	-0.00233353310218478
AT5G66590	-0.00233328616633553
AT4G25350	-0.00232874941152399
AT5G55790	-0.00232686985511038
AT5G53200	-0.0023255869766214
AT4G09030	-0.00232358276337916
AT3G05900	0.00232247786091051
AT5G45210	-0.00232016786406321
AT1G09650	-0.00231998542948423
AT4G11910	-0.00231903573826987
AT4G24275	-0.00231510015721275
AT1G50400	-0.00231507690000658
AT3G16565	-0.00231461722540962
AT5G54840	-0.00231348598671676
AT5G60610	-0.00231257352172751
AT5G02320	-0.0023049562151986
AT2G22450	-0.00230382798449663
AT5G11210	0.00230365790413532
AT4G09100	-0.00230363673691756
AT1G08115	-0.00230142529035028
AT1G61480	-0.00230032022306871
AT4G19370	-0.002299354703387
AT2G19400	-0.00229915722889673
AT1G70581	-0.00229904782988203
AT5G18340	-0.00229513633464059
AT3G07205	-0.00229051177360021
AT3G26820	-0.00229051131633538
AT4G28720	0.00228968328822642
AT1G22150	-0.00228823124267012
AT4G33000	-0.00228781572947088
AT1G04760	-0.00228750242134324
AT3G20480	-0.00228733463175232
AT5G61740	0.00228668377132673
AT4G28110	0.00228600748813339
AT5G57000	-0.00228489301475507
AT5G25995	0.00228287260968169
AT2G18060	-0.00228280390892586
AT1G17380	-0.00228187537163738
AT1G31040	-0.00228016415281029
AT3G26085	-0.00227870309515306
AT4G11547	-0.00227763432255134
AT2G09225	0.00227695086229478
AT2G37530	-0.00227636840847668
AT4G16162	0.00227622524163431
AT2G20270	-0.00227356370649916
AT4G21865	-0.0022726312469033
AT1G33030	-0.00226992309312983
FBti0019417	0.00226949596949696
AT5G12420	-0.00226821760156916
AT1G48360	-0.00226650939937424
ATCG00550	0.00226500960764904
ATCG00650	0.00226403440438208
AT2G42005	-0.002263774542371
AT4G11400	-0.00226273668033004
AT5G28450	-0.00226265198157464
AT5G06490	-0.00226067076512729
AT5G41740	-0.00226018108389489
AT1G05023	-0.00226008194536399
AT1G69587	-0.00225813951768769
AT5G49645	-0.00225760649311657
AT3G43930	-0.00225421640466158
AT5G19210	-0.00225265308533349
AT3G02242	0.00225260016147314
AT5G55780	-0.00225036138298828
AT4G24860	-0.00224747122731368
AT3G47790	-0.00224741252173453
AT2G01870	-0.00224651078443316
AT3G25905	-0.00224587902947282
AT5G40630	-0.0022457241888921
AT5G24155	-0.00224521238326268
AT1G31880	-0.00224085473593614
AT1G67060	-0.00223857095881717
AT1G08900	-0.00223821444907968
AT2G38460	-0.00223583945398184
AT2G45080	-0.00223507178364537
AT4G19220	-0.00222925755509866
AT3G44860	-0.00222876004979203
AT3G03265	-0.00222754409917572
AT5G49330	-0.00222602518136573
AT5G52900	-0.00222416414444976
AT5G18470	-0.00222144538108606
AT2G42870	-0.00221988688450451
AT1G73780	0.00221841154543935
AT1G66080	-0.00221804828408191
AT3G15395	-0.00221773188155901
AT4G36160	-0.00221685409016936
AT4G08700	-0.00221572333735901
AT1G02030	-0.00221517742428737
AT3G51642	0.00221401579308737
AT1G01700	-0.00221245832849372
AT5G09805	-0.00221241988045661
AT1G53035	-0.00220750818075809
AT2G16245	-0.00220722418231118
AT5G56860	-0.0022069236900326
AT3G21310	-0.00220475375327389
AT4G16146	-0.00220455510800669
AT4G23590	-0.00220440390727864
AT1G04853	0.00220174040752268
AT5G57880	-0.00220077772287953
AT1G18740	-0.00219850090488789
AT2G20875	-0.00219773060943346
AT1G74453	-0.00219509183100832
AT2G19460	-0.00219311936353658
AT4G38240	-0.00219311796311221
AT1G70895	-0.00218889411329634
AT5G51800	-0.00218833457796415
AT1G14280	-0.00218815210828019
AT1G14790	-0.0021874832223756
AT3G23250	-0.0021857925554886
AT2G20480	-0.00218207919529559
AT5G37440	-0.00217976195701931
AT1G72645	-0.00217904185296876
AT5G37410	-0.00217526881230414
AT4G09170	-0.00216941371519885
FBti0020021	0.00216644382874825
AT5G17360	-0.0021604957400833
AT1G73700	-0.00215869519719988
AT3G09280	-0.00215237945507967
AT1G18830	-0.00214936155170899
AT4G33180	-0.00214879488402682
AT5G65400	-0.00214857406251382
AT3G49551	0.00214613750696674
AT3G46810	-0.0021454918162747
AT4G11950	-0.00214118470641991
AT2G26710	-0.00214053061222009
AT5G03885	-0.00214029259263124
AT3G55090	-0.00213819447235741
AT1G17400	-0.00213525958276188
AT5G10430	-0.0021347534035435
AT3G13170	-0.00213458911256718
AT3G44580	0.00213275726921858
AT3G49570	-0.00212974942902917
AT4G32340	-0.00212640952353778
AT5G23155	-0.0021254546298929
ATCG00100	0.00212431248948746
AT5G26170	-0.00212257412330091
AT5G13920	-0.00212140074276055
AT1G24140	-0.00212090165832849
AT3G04854	-0.00212021643141486
ATCG00120	-0.00211913107174818
ATCG00170	0.00211635959037004
AT5G51470	-0.00211134815956144
AT2G32770	-0.00210658272257904
AT4G21215	-0.002105614168143
AT3G05550	-0.00210235412647531
AT4G14560	-0.00210204365548807
AT5G05900	-0.00210058214166539
AT5G23770	-0.00209943777517298
AT5G46500	0.00209717475523649
AT2G42800	-0.00209601610487147
AT3G44753	-0.00209169958733065
AT2G04852	-0.00209041121980872
AT1G26260	-0.00209008428242226
AT4G06375	-0.00209007760955402
AT1G06983	-0.00208793937681592
AT3G07215	-0.0020878422952588
AT5G27410	-0.00208111463854943
AT4G36880	-0.00208073850580809
AT1G19380	-0.00207989434955495
AT4G10843	-0.00207890220189734
ATCG00560	0.0020755629062431
AT5G49300	-0.00207390992251305
AT2G33130	-0.00207360318911236
AT2G02380	-0.0020730552950304
AT3G50400	-0.00207272590094173
AT5G38140	-0.00207247469397673
AT5G11930	-0.00207093667754446
AT3G11390	-0.00206937140112752
AT1G10220	-0.00206883216065787
AT4G23515	0.00206814864501219
AT1G62700	0.00206564040309622
AT5G09585	-0.0020630624796202
AT5G48540	-0.00206227334890053
AT1G29535	-0.00206171775242098
ATMG01090	-0.00206171629585247
AT2G32190	-0.00206136206231291
AT3G50060	-0.00206012947145328
AT4G39363	-0.00205801697637322
ATCG00630	-0.00205740457437308
AT1G18400	0.00205678522870668
AT3G53310	-0.00205642747026271
AT2G04032	-0.00205400756216233
AT2G25150	0.00205176324069974
AT1G65295	-0.00204807767665791
AT5G03620	-0.00204610856691796
AT5G08490	-0.00204307741304778
AT3G55710	0.00204276489260266
AT5G19460	-0.00204131797319237
AT5G02540	0.00203863219533955
AT5G06510	-0.00202894512466041
AT3G45860	-0.00202813195869586
AT1G70505	-0.0020269771335927
AT5G18920	-0.00202649486621023
ATCG01010	0.00202430125505133
AT3G07960	-0.00201998968557863
AT1G52190	-0.00201536516078917
AT1G29000	-0.00201441759410817
AT4G21550	-0.00201426481164942
AT3G28210	-0.00201410680244345
AT4G33960	-0.00201404947173542
AT4G19520	-0.00201107799655755
AT1G09480	-0.00200776629054762
AT2G22122	-0.00200764989041404
AT4G34400	0.00200692245610704
AT4G33050	-0.00200372266423699
AT3G08770	-0.00200289603308742
AT1G08430	0.00199374182409699
AT5G14410	-0.00198912102597429
AT2G12170	0.00198807303629959
AT1G17300	-0.00198661123185908
AT4G24340	-0.00198573563420917
AT1G08630	-0.00198545513595675
AT4G16470	-0.00198482395597563
AT3G30180	-0.0019833501391808
AT4G24540	-0.00198309368113288
AT2G44280	-0.0019825868201987
AT1G23540	-0.00197967981278383
AT2G01580	-0.00197948484945386
AT1G55850	-0.00197757127707069
AT3G44740	-0.00197298815670807
AT2G44840	0.00197150836305657
AT3G23790	-0.00197082169586566
AT5G01660	-0.00196707272592201
AT3G13020	-0.0019667318745942
AT1G12730	-0.00196640282742676
AT4G01593	-0.00196357222392419
AT4G37553	-0.00196316819553904
AT3G14200	-0.00195989594328492
AT1G62490	-0.00195980859936226
AT3G46620	-0.00195536129605436
AT2G43310	-0.00195510416341995
AT2G21430	0.00195397679225701
AT1G77290	-0.00195379662035912
AT5G05430	0.00195270508990119
AT2G19990	-0.00194637549823894
AT2G46990	-0.0019450551163388
AT1G70220	0.00194376545056972
AT5G66080	-0.0019419941733018
AT4G01925	-0.00193818605812971
ATCG00670	-0.00193562944697352
AT1G75550	-0.00193552713711747
AT3G52105	-0.0019351992413255
AT4G09890	-0.00193409340043024
AT3G28770	-0.00193302304236453
AT4G11211	-0.00193293211030805
AT1G66690	-0.00193146797084684
AT5G13790	-0.00193056321577062
AT3G05155	-0.00192932126819904
AT2G07698	-0.00192731575030631
AT4G19970	0.00192571473011799
AT1G63855	-0.0019245392777919
AT1G17090	-0.00192401283256597
AT4G15700	-0.00192290259912649
AT3G61118	-0.00192113264724063
AT2G41170	-0.00191987782970375
AT2G24030	-0.00191955484492563
AT4G38552	-0.00191930018913921
AT1G74890	-0.00191737977998693
AT4G22640	-0.00191426497194844
AT4G23030	0.00191312755825996
AT1G28715	-0.00191098547858626
AT2G05185	0.00191022984526447
AT3G62500	-0.0019079142661397
AT5G47370	-0.00190721687838351
AT1G23340	-0.00190692162526454
AT1G52827	-0.00190150047489233
AT1G10560	-0.00190017237338623
AT1G78172	-0.0018987130143539
AT5G01075	-0.00189816889436153
AT3G28155	-0.00189768662839972
AT1G32510	-0.00189760893738967
AT4G23210	-0.00189451046093551
AT3G11440	-0.00189298172503815
AT4G34800	-0.00189056422143331
AT3G03370	0.00188936878553607
AT1G06083	-0.00188770467811706
AT5G43770	0.00188208110985697
ATMG00690	-0.00188178576571213
AT1G67865	0.00188156631539943
AT1G80100	-0.00188136894267132
AT2G01930	-0.00187845828313009
AT3G05820	-0.00187582123684716
AT4G39480	-0.00187547594974463
AT3G09950	-0.0018739490943939
AT1G76220	-0.00187088670727451
AT3G62820	-0.00187073847253435
AT4G21230	-0.00186867341403806
AT1G30660	-0.00186773454928282
AT5G54145	-0.00186734592459003
AT3G27884	-0.00186433463800432
AT2G02690	0.00186121455233079
AT3G09010	-0.00186066234151508
AT5G27630	-0.00186027158474558
AT1G61667	-0.00185831149644975
AT1G01030	-0.00185575107714416
AT3G22460	-0.00185574465552889
AT4G35110	-0.0018531041011952
AT3G21470	-0.00185071632600378
AT1G58160	-0.00185004335874408
AT5G23800	-0.00184941560889321
AT2G10930	0.00184767581728229
AT1G26380	-0.00184013543983478
AT5G47230	-0.00183683341979958
AT5G60840	-0.0018367641631071
AT5G22608	-0.00183541291875992
AT5G52330	-0.00183504477599822
AT1G03550	-0.00183354485120517
AT1G78440	-0.001831812102669
AT1G70020	-0.00182887886541127
AT2G13960	-0.00182633033201925
AT5G44005	0.00182548445969803
AT5G67430	-0.00182396140369626
AT4G28740	-0.0018233914285261
AT1G11170	-0.00182296287794743
AT1G74150	0.00182190859264687
AT5G22796	-0.00182047138928226
AT3G28340	-0.0018201241346755
AT1G70630	-0.00182009829141654
AT2G41905	-0.00181779987665682
AT4G39110	-0.00181763774870111
AT1G03120	-0.00181672881439888
AT1G76620	-0.00181365176716039
AT5G62470	-0.00181270802488585
AT1G18200	-0.00181199871841696
AT1G79529	-0.00181174382760395
AT2G30400	-0.00180892119652357
AT1G23935	0.00180694618821903
AT3G57785	-0.00180260363825971
AT3G59880	-0.00180212733898865
AT4G37030	-0.00180201472817913
AT5G50915	0.00179649055576805
AT5G15022	-0.00179391656920926
AT4G33040	0.00179325718205386
AT1G55010	-0.001793149913774
AT5G16200	-0.00179223230811618
AT1G29490	-0.00178966741541879
AT2G31250	-0.00178929249590655
AT5G39865	0.00178606606098274
ATCG00600	0.00178605889000554
AT1G28370	-0.00178555829203276
AT3G27906	-0.00178059982295856
AT5G27860	-0.00177980365495299
FBti0060690	0.00177687548541558
AT3G51750	-0.00177645223772016
AT4G10310	-0.00177453955299605
AT5G38070	-0.0017739684652956
AT3G20200	-0.00177121790337824
AT1G35140	0.00177083661703385
AT1G02700	-0.00176863694077701
AT3G55580	-0.00176647300790281
AT2G22600	-0.00176632356077701
AT3G02610	-0.00176301086793866
AT4G00080	-0.00176284885264889
AT1G50830	-0.00176084162782925
AT3G51380	-0.00176076082174897
ATCG00610	-0.0017594676115312
FBti0018951	-0.00175750803303356
AT1G76610	0.00175489188591717
AT1G75295	0.00175480930693095
AT5G03050	-0.00175157989319568
AT1G24400	-0.00175128598794256
AT5G03790	-0.00174878813457122
AT1G20065	0.0017472747484404
AT1G70890	-0.00174693729007524
AT5G58690	-0.00174302430675474
AT5G36910	-0.0017429907415643
AT2G27690	-0.00174240307672984
AT4G03965	-0.0017412822540003
FBti0018869	0.00174116875627026
AT1G01380	-0.00174071314311224
AT1G05030	0.00174003393551917
ATCG00540	-0.00173869229015381
AT4G02430	-0.00173823213803596
AT4G11000	-0.00173341435812433
AT2G18800	0.00173340925385334
AT5G15970	0.00173255921108775
AT2G22830	-0.00173188218079412
AT3G46480	0.00172958061193172
AT3G16220	-0.00172820048422057
AT5G52750	0.0017253695573745
AT1G19540	-0.00172000790911035
AT4G11210	-0.00171748977882683
AT2G10931	-0.00171730341793531
AT5G51790	-0.00171470414806267
AT1G62981	-0.00171301250723197
AT3G09390	-0.00171187419645548
AT2G46970	0.00170253598948227
AT1G61970	-0.00170189773525072
AT5G56810	0.00169964388013986
AT5G23780	0.00169780656449223
AT3G23030	-0.00169524327053736
AT5G15160	0.00169231839308948
AT1G74870	-0.00169106476728245
ATCG00050	0.00168976070356248
AT3G50310	-0.00168935695083751
AT1G50750	0.00168781063326635
AT5G51970	-0.00168743367227337
AT4G11320	-0.00168369452532793
FBti0019381	0.00168130076589847
AT4G08780	-0.00167940682461425
AT2G42170	0.00167738744463732
AT1G14600	-0.00167718396192589
AT4G09300	-0.00167274289035331
AT3G43850	-0.00166760999095117
AT3G13782	-0.00166591247715032
AT1G53610	-0.00166462726194858
AT2G05765	-0.00166457321501737
AT5G54470	-0.00166309914558356
AT4G31615	-0.0016628249550591
AT2G08435	-0.00166095559695524
AT3G02493	-0.00165908122871678
AT1G13430	-0.00165797057185611
AT3G06160	-0.00165637424076764
AT4G20230	-0.0016547122400958
AT3G05660	-0.00165431342323818
AT4G21970	-0.00165126678754313
AT1G36622	-0.00165048217982952
AT4G29270	-0.00165007103952662
AT5G20860	-0.00164986989040135
AT3G22100	-0.00164768265004304
AT2G06255	0.00164348892571018
AT2G36660	-0.00164273119433119
AT3G01425	-0.00164243586349237
ATCG00510	-0.00164208960536835
AT4G04990	-0.00163680413937764
AT1G53060	-0.00163640803169108
AT1G68550	-0.00163586029597197
AT3G04184	-0.00163092606162448
AT4G04565	-0.00162993625660009
AT5G45730	-0.00162888043644043
AT2G17770	-0.00162618802150316
AT5G24318	-0.00162536598464098
AT1G61470	-0.00162410772862607
AT3G53365	-0.00162110938538119
AT3G61280	-0.00162104066375119
AT2G09190	-0.00161821335976062
AT1G65110	-0.00161691306745556
AT5G43380	-0.00161686285359501
AT5G07780	-0.00161661031343051
AT4G21380	0.00161316398266237
AT3G04360	-0.00160996512189024
AT5G02760	-0.00160937542486968
AT5G09980	-0.00160479807216261
AT1G68600	-0.00160400198760274
AT2G26211	-0.00160313878995976
AT5G52300	-0.00160137881840807
AT5G15290	-0.0015983652845646
AT4G11830	-0.00159059884200789
AT5G10440	0.00158744423455019
AT5G65820	-0.0015862004138938
AT1G02650	-0.0015841406146827
AT5G42590	0.00158262848362618
AT5G65230	-0.0015821818362714
ATMG01360	-0.0015813212057073
AT5G67080	-0.00157491858256781
AT1G31720	-0.00157451870969801
AT1G64000	0.0015730276300738
AT1G22490	-0.00157075237598758
AT1G45616	-0.00156876582720262
AT2G23985	-0.00156662380658578
AT2G26310	-0.00156578236411788
AT4G14723	-0.00156460012215488
AT1G13140	-0.0015627439809985
AT4G11140	-0.00156209049334721
AT2G39650	-0.00155956582093626
AT5G06860	0.0015588929120616
AT1G26390	-0.00155834958995457
AT2G39435	-0.00155667603419159
AT1G09083	0.00155497906816561
FBti0018968	0.00155368510224624
AT5G11970	0.00155061856102582
AT4G33450	-0.0015485110615189
AT5G65600	0.00154593191284782
AT3G13435	0.00154563742123614
AT5G58630	-0.00154184423476822
AT1G21651	-0.00154084233435671
AT2G34960	-0.00153814868339977
AT1G53410	-0.00153646693398092
AT2G34220	0.00153542980037558
AT4G17030	-0.00153451015418816
AT1G26410	0.00153270996735469
AT3G08240	-0.00152938008099803
AT1G72416	-0.00152452551810003
AT1G04273	0.00151604253956947
ATMG00080	-0.00151400241111357
AT4G07170	0.00151371528743082
AT2G35700	-0.00151357095165728
AT3G09005	0.0015110718905696
AT3G61830	-0.00150729393121589
AT4G38860	-0.00149634566715625
AT3G30720	-0.00149570330322046
AT3G28630	-0.00149549443124947
AT4G05010	-0.0014953258270539
ATCG00380	-0.00149393583979987
AT3G56710	-0.00149280571246008
AT4G21500	-0.0014923917133487
AT1G09087	0.00149236049726548
AT5G48100	0.00149164544564731
AT4G34060	-0.00149054000095026
AT2G37320	-0.00149038772188969
AT4G18253	-0.00149018251894324
AT5G13700	-0.0014873607930984
AT3G13950	0.00148723833778908
AT1G67600	-0.00148674905860712
AT2G35730	0.00148653774418728
AT4G05685	0.00148509870782651
AT3G60870	-0.0014832581878784
AT3G57950	-0.00148081078391211
ATCG00280	-0.00148068779115503
AT3G52820	-0.00148014833374304
AT1G35516	-0.00147814362417681
AT3G09400	-0.00147755375161233
ATMG00670	-0.00147745170910726
AT2G26515	0.00147678274481143
AT1G29430	0.00147644355054364
AT5G06250	-0.00147486685877553
AT1G06265	0.00147461220256508
AT1G17950	-0.00147369895480077
AT1G69870	-0.00147349054064804
AT2G01175	-0.00147307385944865
AT1G58420	-0.00147282433084985
AT1G79330	-0.00147276025730872
AT3G04040	-0.00147245343740815
AT3G53230	-0.00146848800074499
AT1G52770	0.00146234799797769
FBti0059652	0.00146019268146834
AT5G00980	-0.00145341901606514
AT2G07875	-0.00145292862359832
AT5G44585	-0.00145284171850962
AT3G57765	-0.00145204341501137
AT3G61898	-0.00145153399658327
AT2G14115	-0.00145022238069977
AT5G27893	0.00144937773248074
AT4G00390	-0.00144646668584613
AT4G24970	-0.00144497333077347
AT3G05880	-0.00144337659907365
AT1G61390	-0.00144230427753059
ATCG00150	0.00144226077230652
AT4G23220	0.00144223226799766
AT5G03552	-0.00143948907151351
AT3G05932	-0.00143859527360111
AT1G70880	-0.0014376798732629
AT3G50480	-0.00143263430071657
AT4G13395	0.00143028966961415
AT3G14185	0.00142996036262729
AT3G57645	0.00142960608018013
AT3G08990	-0.00142933484046402
AT3G16610	-0.00142653853357877
AT1G02950	-0.00142598853798497
AT5G24510	0.00142565050573277
AT4G39700	-0.00142250759746209
AT5G64060	0.00142186620352799
AT5G50335	0.00142057860407424
AT4G38960	-0.00141924054837853
AT5G66480	-0.00141914641881876
AT1G69526	-0.00141863844824865
AT1G26200	0.00141795706732569
AT3G44695	-0.00141565841883134
AT5G38200	-0.00141417131493892
AT2G08575	-0.00140628741363336
AT1G72950	0.00140571576210491
AT3G29140	0.00140568632275522
AT1G15010	-0.00140500041528927
AT5G48775	-0.00140488348588
ATMG00070	0.00140470149369187
AT3G20865	0.00140167258965791
ATCG00740	0.00139891522728764
AT2G35770	-0.00139872162258855
AT2G03880	-0.00138214377240833
AT1G18745	-0.00137933565481429
AT3G07825	-0.00137898326104302
AT5G02502	-0.00137842664846509
AT1G04267	-0.00137754855240673
ATCG00710	-0.00137621973354633
AT1G78990	-0.00137519881949898
AT1G11570	-0.00137167439322093
AT5G36920	-0.00137096859083476
AT1G04050	-0.00137054353831372
FBti0019698	-0.00137044734493884
AT4G21590	-0.0013683894853881
AT1G10550	-0.00136818142162713
AT1G06463	-0.00136651992464399
AT2G31945	-0.0013639749751581
AT4G22214	-0.00136200012434837
AT5G45200	-0.00136049494227124
ATCG00370	-0.00135806803105102
AT1G06573	-0.00135595676305018
AT3G24982	-0.00135549243874576
AT1G67520	-0.00135440593492744
AT3G08165	-0.00135269035700884
AT3G56705	-0.00135158007607033
AT2G23550	-0.00134994368054815
AT3G09725	-0.00134896156076779
AT4G27810	-0.00134890471648065
AT2G35380	-0.0013468299797647
AT5G03960	-0.00134679581536886
AT3G20450	-0.00134129431141912
AT2G05215	-0.00134076255666317
AT5G67410	-0.0013404961356096
AT4G16233	0.00133717283446677
AT4G12680	-0.00133556093485137
AT1G21120	-0.00133410064334756
AT1G79110	-0.00133162181646012
AT4G39790	-0.00133038338820531
AT3G23440	0.00132804128306339
AT2G23060	-0.00132709440661438
AT4G09012	-0.00132454433062384
AT3G58430	-0.00132391225012302
AT5G10965	-0.00132208060715775
ATCG00010	-0.00132116910547905
AT1G55940	-0.00132049964808926
AT1G32630	-0.00131941896191003
AT1G78410	-0.00131862728257656
AT3G30350	-0.00131296174223864
AT1G55290	-0.00131175493592721
AT5G06320	-0.00131111354197385
AT2G04500	-0.00130800202353398
AT3G19663	-0.00130704689440224
AT4G32810	-0.00130528563690412
AT5G57520	-0.00130392850949236
AT1G74180	-0.00130101088188854
AT5G65300	-0.00129872784469176
AT1G52920	-0.00129741804771633
AT2G40180	-0.00129534441628542
AT5G09295	-0.00129328816473562
AT1G53620	0.0012928288721214
AT5G44210	-0.00128984326991674
AT3G29300	-0.00128506406025213
AT5G41765	-0.00127787472674921
AT5G24040	-0.0012763385379489
FBti0018885	-0.00127493166632064
AT3G03820	0.00127452735486641
AT1G18410	-0.00127193085453403
AT1G66700	-0.00126935295836194
AT4G33625	-0.00126840580936408
AT2G20721	-0.00126475935740197
AT1G16640	-0.00126238368484719
AT1G09910	-0.00126064034203245
AT1G22160	-0.00125798329662613
AT1G31240	-0.00125595285766747
AT5G26730	-0.00125455893648957
AT1G44020	-0.00125435111909245
AT5G27220	-0.00125426668075789
AT3G59690	-0.00125017327182611
AT4G16610	-0.00124987898158439
AT1G70360	-0.00124702801997267
AT3G24460	-0.00124244743172006
AT4G37682	0.00124222274256308
AT1G18835	-0.00124206543473319
AT1G49200	-0.00124167525563583
AT5G45740	-0.00124138772469289
AT3G42800	-0.00123959313143292
AT1G06830	-0.00123933319118504
AT1G74675	-0.00123918441307095
AT4G25480	-0.00123909390187344
AT3G12685	-0.00123805543417138
AT1G06553	-0.0012340279228505
AT5G61560	-0.00123051997157426
AT4G15760	-0.00122922732207854
AT3G20760	-0.00122897023328289
ATMG00640	-0.00122446371535538
AT3G43790	-0.0012150492546702
AT4G25260	-0.0012127098657084
AT4G21840	-0.00120894046305001
AT1G53230	-0.00120817856058918
AT5G58280	-0.00120778685119461
AT3G23800	-0.00120665463423702
AT3G18070	-0.00120636537215566
AT5G09520	-0.00120007457841276
AT4G34650	-0.0011998898145741
AT5G62280	0.00119661289573412
AT3G44735	-0.00119356743560777
AT1G74400	-0.0011933107714778
AT5G10890	-0.00119271403395639
AT5G04205	-0.00119139708316774
AT1G78360	-0.0011888929487748
AT5G45310	-0.00118812662147357
AT2G28105	-0.00118316585617923
AT5G19490	-0.00117826842479559
AT3G19150	-0.00117584233397838
AT1G03935	0.001175728959701
AT5G43403	-0.00117515409938417
AT4G34770	-0.0011726245636898
AT4G30230	-0.00117209876393013
AT5G41550	0.001170491832503
AT5G56990	0.00116649066490408
ATCG00030	0.00116329369854412
AT1G68870	-0.00116283014989424
AT3G04300	-0.00116012601481368
AT4G31000	-0.00115768103365345
AT1G52820	-0.00115607337186334
AT4G08990	-0.00115469297950967
AT1G50950	-0.00115438616149089
AT2G16760	-0.00115423367241571
AT1G04277	-0.00115072601320895
ATCG00700	0.00114760126672469
AT3G21680	-0.001143121137386
AT3G50280	-0.00114182432016822
AT3G63060	-0.00113973767221015
AT1G73830	-0.00113951273113736
AT3G03105	-0.00113708618405096
AT5G13210	-0.00113653412864454
AT4G29780	-0.0011365292127771
AT3G50560	-0.00113610920491037
ATCG00400	-0.00113028453008442
ATCG00360	-0.00112924975696329
AT3G55290	-0.00112796355823039
AT1G18870	-0.00112761195825324
AT1G52650	-0.00112598159173528
AT2G41050	-0.00112541482545029
AT5G15725	-0.00111853226932963
AT3G09145	-0.00111836826132013
AT1G32920	0.00111349583966345
AT1G10520	-0.00111071064036576
AT3G28455	-0.00111051871825528
AT2G22980	-0.00110994404163279
AT1G61420	0.00110886088264909
AT5G23460	-0.0011061567678474
AT5G18020	0.00110454142590553
AT3G60415	0.00110387829858362
AT2G04025	-0.00110302772075565
AT1G53450	-0.00110280313851387
AT2G19910	-0.00110196865711273
AT3G02940	-0.00109836454674097
AT5G48090	-0.00109265401898358
AT5G25250	0.00109220888216903
AT1G25425	-0.00108988632433759
AT3G08065	-0.00108973053224574
AT2G24800	-0.00108851753814247
AT4G05631	-0.00108533274446518
AT4G32535	-0.00108482812535755
ATCG00065	-0.00108029825842875
ATCG00090	0.00107585326828448
AT5G60430	-0.00107493780627036
AT2G33380	-0.00107417062740052
AT1G65490	0.00107380268934479
AT2G43390	-0.0010737160305246
AT5G14380	-0.00107310396707905
AT4G12410	0.00107167773818984
AT2G18480	-0.00107060664397066
AT4G01010	-0.00107043859650193
AT3G15540	0.00107015849623026
AT1G08937	0.00106385494019168
AT1G06283	-0.0010593798861826
AT1G72540	0.00105762518900901
AT2G44995	-0.00105640072788953
AT4G16920	0.00105452591148859
AT3G29173	-0.00105285015888559
FBti0019398	0.00105164975884184
AT5G03175	-0.00104969724903158
AT1G24210	-0.00104793838954309
AT4G05130	0.00104787931953144
AT2G22540	-0.00104698282506577
ATCG00160	0.00104694262931529
AT4G14695	-0.00104555164782801
AT1G31835	0.00104425650831677
AT4G34510	-0.0010440569882652
AT4G35180	-0.00104309466382558
AT4G28530	-0.00103938457161973
AT3G62100	-0.00103931648622966
AT4G22780	-0.00103687080737727
AT1G18075	-0.00103177005537569
AT3G58190	-0.00103106990824352
AT2G41082	-0.00102671365393644
AT3G57450	-0.00102313931794352
AT3G59200	-0.00102298824436625
AT1G06273	0.00102242761691218
AT2G02250	-0.00102228912321487
AT5G03830	-0.00102168564787564
AT4G13260	-0.00101963064990463
AT3G53232	-0.00101740508670696
AT1G68800	0.00101437566325
AT1G51055	-0.00101327935185309
AT4G26270	-0.00101213601733953
AT5G02680	0.00100957827006938
AT3G47480	0.0010034492443667
AT3G61840	-0.000999554954994018
AT1G13150	-0.000997706885089341
AT1G49832	-0.000985199385057755
AT3G13403	0.000984799143210198
AT5G08070	-0.000984169600929452
AT1G57630	0.000977429543116628
AT5G10100	-0.000974313576205124
AT3G14700	-0.000971952452198058
AT2G05810	-0.000970097567073686
AT1G48670	0.000968858374550273
AT2G22500	-0.000968158156710967
AT5G15940	-0.000965324810435126
AT5G04370	-0.000961638040425076
AT3G03815	-0.000958974591132671
AT3G46668	-0.00095802693170777
AT4G37690	-0.000956576936034377
AT3G46080	-0.000955366069570501
ATCG00330	-0.000952529080626109
AT3G47220	-0.000950780866963785
AT2G21510	-0.000947615831978818
AT5G56520	-0.000946805700076978
AT2G25964	-0.000945776637022703
AT4G08300	0.000945760903788756
AT4G11521	0.000945724693051035
AT5G03165	-0.000944796071920564
AT3G46500	-0.000944696099403098
AT1G68460	-0.000943745010742652
AT3G23170	0.000943710080916612
AT1G76878	-0.000941538778940115
AT5G37478	0.000940139213965913
AT4G37700	-0.000938780381038064
AT1G12210	-0.000937015701712534
AT3G29000	0.000936158696230031
AT3G60286	0.000934839772371735
AT1G53625	-0.000934762120428884
AT2G19930	-0.000934217645486794
AT5G58500	-0.000933846190495166
AT3G13520	-0.000933354742965516
AT3G60650	-0.00092925824184875
AT4G23810	0.00092803600818202
AT3G57680	0.000922925454857385
AT4G27250	-0.000902078899212123
AT1G10540	-0.000898164327688003
AT5G50110	0.00089793508205459
AT5G41750	-0.000896024804091809
AT3G10000	0.000891659737842977
AT5G37770	0.000891594066881136
AT2G20723	-0.000891243841028292
AT2G09710	-0.000891035610562765
AT2G41640	-0.000889557765959365
AT1G69840	0.000888172986204551
AT2G02310	-0.000888120828597707
AT5G10740	-0.00088414100112996
AT4G09375	-0.000882916054690472
AT1G72960	0.000879971674160519
AT4G14365	-0.000879266776097462
AT3G09960	-0.000878023772187053
AT5G54720	-0.00087667133074138
AT3G58060	0.000875166462364946
AT3G08890	0.000871516396869888
AT3G58350	-0.000868604552756162
ATCG00470	-0.000864630678549305
AT5G65610	-0.000861988612107185
AT5G03130	-0.000861266518086328
AT2G31902	-0.000859136030113123
AT1G29450	0.000859005329781401
AT4G26120	-0.000857250042470134
AT1G52565	-0.000856023825356557
AT4G06060	-0.000853456847453542
AT1G14760	0.000853445199780543
AT1G06977	0.000848098022759713
AT2G20835	0.000847305852975805
AT1G16515	-0.000846577686593861
AT1G73540	-0.000846369334700501
AT3G06640	0.000846279119705366
AT5G42930	-0.000845772236252892
AT5G38790	0.000843344561689559
AT5G47070	-0.000842829950921004
AT1G54050	-0.000842607149442659
AT1G80110	-0.000840628212660198
AT2G43690	0.00083743683490042
AT4G02520	0.000836656806584755
AT2G13810	0.000836295864078529
AT4G15370	0.000828931322277161
AT3G03625	0.000828665283483196
AT2G41505	-0.000828656940005714
AT4G17460	-0.000821831154175312
AT1G56250	-0.00082047956984728
AT5G26920	0.000817089812315103
AT3G17690	-0.000816722060004616
AT1G74080	-0.000815104948128203
AT1G14642	0.000811825292487757
AT1G05675	-0.000797799210057031
AT1G29465	0.000796307994697538
FBti0019001	0.000794053248629992
AT2G19660	-0.000793387528131437
AT5G45530	-0.000789957064686498
AT4G01533	-0.000789034444219502
AT1G04047	0.000785861852452628
AT2G32140	0.000785447026450305
AT2G21900	0.000783808047888155
ATMG01390	-0.000783043390604467
AT1G06310	-0.000781708288422851
AT1G09500	-0.000781663124790995
AT3G13900	-0.000781520498728581
AT2G15130	0.000780501608043803
AT3G52561	-0.000778572606743143
AT3G03025	0.000778327838501816
AT1G07400	-0.000777300831398674
AT1G24260	-0.00077626669269637
AT1G10400	-0.000771941335305518
AT1G53100	0.000768841740662094
AT5G14870	-0.000768472860087794
AT5G02170	0.000766898017014831
AT3G19620	-0.000765401128498636
AT5G01445	-0.000762244591775791
AT1G05773	0.000760390114654553
AT4G21200	0.000760074236360524
AT4G00695	0.000759861459762304
AT2G20142	0.000757922077165665
AT5G51451	-0.000753675428557226
ATCG00080	-0.00074962681097708
AT2G39850	0.000748007910797864
AT4G30180	-0.000746414001257047
AT1G05043	0.000745708463760759
AT2G04965	0.000745440908998873
AT2G35410	-0.000741334679396474
AT4G37560	0.000739975115258369
AT4G01060	-0.000736375171975335
AT4G12350	0.000736156186910815
AT4G11990	-0.000732787624094446
AT1G69790	-0.00073220351116835
AT1G15960	0.000728625109852917
AT1G69430	0.000728439749708096
AT1G04425	0.000726612638340182
AT5G35110	-0.000725292272974401
AT1G72520	0.000721761588013059
AT2G24680	-0.000721159606714235
AT3G50120	-0.000717808244401729
AT4G34881	-0.000713577614298769
AT5G02875	0.00071124057581145
AT2G41690	-0.00071074769170357
AT5G24150	-0.000710204941615872
AT2G42530	-0.000705554161064637
AT5G65340	-0.000703597063496493
AT1G33930	-0.00070234806949121
AT5G01550	0.000701044336214108
AT3G62960	-0.000698592375849069
AT2G47880	-0.000698022083367556
AT1G22250	-0.000697575597471873
AT4G36770	0.000696611761622138
AT1G65970	-0.000695126222937667
ATCG00660	-0.000694575803646568
AT2G42540	-0.000690955423184097
AT4G11880	-0.000688460393031733
AT5G38747	0.000686655557662259
AT1G19020	0.000684423285806713
AT1G29720	0.000684323880060192
AT1G35210	0.000682654269544792
AT2G02620	-0.000681085474296919
AT5G44565	-0.000678807291235528
AT2G28630	-0.000678072331003759
ATCG00530	0.000675374242933856
AT5G59820	-0.000674254216471085
FBti0060557	0.000672065984179156
AT1G72900	0.000671419691603127
AT4G37685	-0.000669419123731197
AT4G25560	0.000665618815622828
AT5G65609	-0.000663565044755617
AT2G43930	-0.000662820697515297
AT5G26790	-0.000661659810546195
ATCG00690	0.000660278131736797
AT5G50443	-0.000660067209580605
AT5G52310	0.000656082491748095
AT4G07455	-0.000653841883240768
AT5G58610	0.000653776869740313
AT3G63350	0.000649027919962994
AT5G66558	-0.000647623017113846
AT5G60250	-0.000646368341922761
AT5G52050	-0.000645172319925964
AT2G03830	-0.000642767684745047
AT5G36925	-0.000641704350591833
AT3G26135	0.000639345972148121
AT1G62540	-0.000638510954525447
AT2G36540	0.000638422103447104
AT4G06340	-0.00063761343552289
AT2G43700	0.000636433042680085
AT1G76470	-0.000629860591208631
AT1G65484	-0.000629094383466716
AT5G66660	-0.000628357650549406
AT1G72920	-0.000625951923339319
AT1G04973	0.000623331110161987
AT5G44568	-0.00062256506076303
AT3G15518	-0.000619404443673273
AT1G17285	-0.000619388219819707
AT2G18600	-0.000614066049069344
AT4G13890	-0.000612077860256496
AT2G43000	0.000606735853582898
AT4G39364	-0.000606509801188415
AT3G09415	-0.000606028497739218
AT3G01795	0.000604670455076633
AT2G25460	0.000604626218665587
ATCG00210	0.000602657302633004
AT5G39670	0.000599815203526497
AT1G45201	-0.000594604006483223
AT5G37450	-0.000593419616981132
AT5G41850	0.000590690306261564
AT4G16770	-0.000588862064713942
AT3G26120	-0.000588661526494997
AT5G02565	0.000586134017524867
AT4G10160	-0.000586087080350263
AT4G08910	-0.000585878338781377
AT1G06837	-0.000585413135800152
AT5G05420	0.000581983359464377
AT4G20390	-0.000580893979778665
FBti0019622	0.000574466236580443
AT3G07725	-0.000573852421449064
AT1G77640	-0.000573594221733654
AT1G21460	0.000568724424477734
AT2G34325	-0.000567406501035339
AT3G13432	-0.000567307108861362
AT2G40960	-0.000565150172247334
ATCG00270	0.00056420795277538
AT1G08173	-0.000562464689124622
AT3G50140	-0.000558450886546274
AT3G59320	0.000554856640628871
AT3G61450	0.000554433074362081
AT1G11730	0.000551479299207287
AT1G30560	-0.000548023438700705
ATMG01130	0.00054530040095092
AT5G64800	0.000544590201840828
AT1G29440	0.000533776271746683
AT3G23230	-0.000532936184234258
AT3G41768	0.000532255256628906
FBti0019315	0.00053069670251061
AT2G02610	-0.000530451690340947
AT4G12440	0.000529052244725185
AT2G43465	-0.000528362083741947
AT3G28930	-0.000526514876661207
AT4G39361	0.000526448511222635
AT4G05120	-0.000525457939343984
AT1G08890	-0.000525383140981083
AT4G16230	0.000525335896435455
AT5G18245	-0.000524537489675645
AT1G56150	0.000523898572082148
AT4G21326	0.000519329843205878
AT5G54569	-0.000518037517174386
AT1G50745	0.000512872098988048
AT1G44970	-0.000504553522018112
AT2G46400	-0.000497168365029419
AT5G62850	-0.00049408058791043
AT1G29500	-0.00049079877364913
AT5G38005	-0.000487487767314299
AT1G11112	-0.00048533544573094
ATCG00430	0.000484746569061553
AT5G10320	-0.000482774681242709
AT3G29370	-0.000480595199202282
ATCG00390	-0.000478841513044073
AT3G61250	-0.000478776341730519
AT3G28880	0.000475939462133695
AT5G00760	-0.000473646915777439
AT2G21610	-0.000472805072641518
ATCG00620	0.000467871472856431
AT1G09220	-0.000462089939059785
AT1G21520	0.000457020262172392
AT3G45390	-0.000453554404721969
AT1G76420	-0.00045088141723561
AT1G54120	-0.000450583418906216
AT4G06835	-0.000449127864516165
AT5G42760	0.000448209635179418
AT3G25670	-0.000445472145032737
AT4G23570	-0.00044402420388965
AT2G28570	0.000436082733860008
AT4G12550	0.000435140320497939
AT3G13404	-0.000432749554378639
AT3G59580	0.000429904205357926
AT1G53080	-0.000426933810504161
AT5G21020	-0.000426372011480765
AT4G22960	-0.000425542179895076
AT1G50190	-0.000424780721307267
AT2G23348	-0.000423776096663041
AT4G38545	0.00042262258282399
AT2G42247	-0.000422118990824452
AT5G11920	0.000422103913764204
AT3G50190	-0.000420135461538492
AT3G23480	-0.000419697368235773
AT3G28370	-0.000419294167228183
FBti0019468	0.000418068833326685
AT2G09165	0.000417923568063712
AT5G57190	-0.000414490000866797
AT2G48075	-0.000413775661192898
AT3G48390	0.000411645179075064
AT1G27110	-0.000406240815936766
AT1G22110	-0.000405839898821425
AT2G03110	-0.000405703893435546
AT2G30945	-0.000402915387301255
AT3G47010	0.000401242193664888
AT5G01320	0.000400584179038146
AT1G78970	-0.000400121881896049
AT5G03485	-0.000397282864428521
AT2G26390	0.000390101579720754
ATCG00730	0.000389521072977504
AT2G21950	0.000389420688771709
AT2G31940	0.000388235203145344
AT1G75700	0.000387492178686578
AT2G13680	0.000386339288453028
AT2G35340	0.000385204781625054
AT1G15175	-0.000383824387586337
AT1G44180	-0.000382966807775345
AT4G11890	-0.000382012487959795
AT4G15950	0.000381757470017351
AT4G27652	0.000380415671697813
AT1G29860	-0.000379563886638405
AT5G25755	0.000373851793363243
AT5G37793	-0.000372986000819471
AT3G01015	-0.000371183817501271
AT3G63380	-0.000370417331675355
AT3G26612	-0.000367796942881882
ATCG01020	0.000366675657117409
AT1G05213	0.000366051598884506
AT4G09845	0.000363995960476664
AT4G22560	-0.000358339085268907
AT3G49830	0.000358139875957409
AT4G16857	0.000358076591356926
AT5G09730	-0.000352667853420366
AT5G66670	-0.000352031298932365
AT3G28420	-0.0003475223213464
AT1G65250	-0.000345033917436366
AT1G69920	-0.000340145797892145
AT4G39930	0.000337613487260787
AT1G78955	-0.000334710931023667
AT1G67265	-0.000329071460623835
AT2G14900	-0.000325844098153958
AT5G44578	0.000324782059138164
AT2G28650	0.000324520866595363
AT4G33280	0.000323733165817962
AT5G22500	-0.000322556442970294
AT3G59730	0.000321128107982844
AT3G60390	0.000320695864734746
AT5G54148	0.000315159314687633
FBti0019110	-0.000314781711996779
AT4G11280	-0.000312833992210979
AT1G09897	-0.000312189387524532
AT3G24890	-0.000308904137463279
AT5G59000	-0.000307133576690003
AT5G25140	0.000305140624351234
AT5G52110	0.000303248020599591
AT4G25885	-0.000301252584375301
AT2G34700	0.000296770938203601
AT1G04247	-0.000294518208906083
AT1G06033	0.000294457845625781
AT4G33660	-0.000287400672708638
AT2G01010	0.000284143813109061
RR48340_transposable_element	0.000283125973670227
AT1G65481	-0.000281098609210257
AT1G55550	-0.000274457171180383
AT3G58780	0.000271882531571624
AT4G16563	0.000271227386890216
AT5G43660	-0.000269416486501362
AT1G43010	0.000268914413525334
AT1G20990	0.000260501914601871
AT1G09023	0.000259177412415853
AT5G53700	0.000258564317786019
AT3G45660	0.000253811942461406
AT5G23480	0.000253469364834865
AT1G04220	0.000249730368345465
AT3G48580	0.000249017938018777
FBti0019625	0.000245071430527648
AT5G52720	0.000241182652972739
AT5G50530	-0.000239266476039331
AT1G33280	-0.000238814525378148
AT1G28765	-0.000235865070877117
AT5G63820	0.000232434265352326
AT1G07607	0.000229911585202821
AT4G31398	-0.000229605153236277
AT4G03230	0.000227180408597682
AT4G26560	0.00022193254422245
AT3G50825	-0.000219828263566772
AT1G19320	0.000214379979637364
AT5G35770	-0.000198482282916699
AT1G67792	0.000197324235437395
AT5G09443	-0.00019497481080083
AT2G21770	0.000190572114918681
FBti0019469	0.000187005758895857
ATCG00680	-0.000185081093335346
AT1G02670	0.000179705364999777
AT1G09790	-0.000177524492228106
AT1G09530	-0.00017740285907561
AT5G35525	0.000173585249335311
AT2G18938	0.000172061903553536
AT1G16770	0.000170586995113314
AT3G20600	-0.000168050348802384
AT5G44063	0.000164359369450483
AT4G34790	-0.000163618507885564
AT3G19615	0.000162925874176294
RR51007_transposable_element	-0.000161470544081599
AT3G05685	-0.000155763902422142
AT3G21352	0.000151808477640639
AT1G54773	-0.000145100578506642
FBti0019430	0.00014506796417935
AT5G28262	-0.000143631010919161
AT1G64065	-0.000140698908901125
AT5G25240	-0.000137746505701833
AT4G09490	-0.000134973187787942
AT5G51440	-0.000133689131236752
AT1G47890	-0.000130373757293353
AT2G43375	0.000129967157459545
AT2G35200	-0.000129001694392712
AT1G18300	0.000127903207881467
AT1G52040	0.000126025548394649
AT1G32583	0.00012413431833968
AT3G09520	-0.000120243010743207
AT3G21260	0.000113516359505209
AT5G21130	-0.000110670089254509
ATMG00160	0.000110605313971549
AT3G10930	-0.000108434987297593
AT4G11170	0.000106914166506711
AT5G21150	0.000105979498586343
ATCG01100	0.000105636832548375
AT4G15975	-0.000102830820277315
AT1G09287	0.000102399610581193
AT4G25420	-9.97315780553087e-05
AT1G66040	-9.96806970499864e-05
AT4G00380	-9.86927437716691e-05
ATCG00590	9.44464655196326e-05
AT4G39740	9.38975349479811e-05
AT2G15400	9.03394401077942e-05
AT5G52547	-8.82939110694115e-05
AT5G60335	8.55103886148892e-05
AT3G15170	-8.25911549848674e-05
AT2G17590	7.50037579525445e-05
AT1G73470	-7.16080166586524e-05
AT1G24420	6.74290114391818e-05
AT3G11640	-6.61569350478192e-05
ATCG01130	-6.42814363270882e-05
AT4G17490	-6.40705741514208e-05
AT5G52670	-6.40045163239589e-05
AT2G44798	6.30262251789939e-05
AT1G15580	-6.26140686243221e-05
AT1G05143	6.22359687968589e-05
AT2G21220	-5.82676699066239e-05
AT2G18660	5.22353036727492e-05
ATCG00070	-5.13738582735903e-05
AT4G38690	4.52332161515261e-05
AT4G22710	4.1283049929334e-05
FBti0020086	4.04940212335193e-05
FBti0061020	4.0447163749477e-05
AT1G71200	-4.04335967626463e-05
FBti0060280	-3.95501595312499e-05
AT1G60130	3.85479409606809e-05
AT2G09525	-3.72975605491037e-05
AT5G02425	-3.61742904018275e-05
AT3G25717	-3.59364216575219e-05
AT2G32210	-3.23807912146808e-05
AT1G14200	3.10589445444422e-05
AT4G32440	-2.54114245941671e-05
AT1G16090	-2.35363126306977e-05
AT4G36270	-2.0011422917804e-05
AT4G09785	1.94846321085612e-05
AT5G55090	-1.76536812033537e-05
ATCG00580	-1.75018341313677e-05
AT1G77870	-1.74122833064376e-05
AT5G42580	1.72185891085432e-05
AT3G48850	-1.68254955629632e-05
AT3G21755	1.67495615304435e-05
AT1G29460	1.60188782539727e-05
AT1G76705	-1.55192877923258e-05
AT3G14452	1.00650989428951e-05
AT4G19540	-9.64731967967963e-06
AT5G15240	-6.89015004167767e-06
AT1G19510	-6.4993874740534e-06
